fir_number,district,ward,crime_type,severity,latitude,longitude,timestamp,description,accused_names
DEMO-20260822-00001,Chikkaballapur,Chikkaballapur Demo Zone 3,Fraud,6,13.422305,77.719773,2026-06-29T21:37:09,Synthetic demo record: fraud reported in Chikkaballapur.,Rekha Sharma
DEMO-20260822-00002,Raichur,Raichur Demo Zone 1,Theft,5,16.209945,77.351896,2026-06-10T14:26:09,Synthetic demo record: theft reported in Raichur.,Ravi Kumar
DEMO-20260822-00003,Vijayapura,Vijayapura Demo Zone 2,Burglary,6,16.869656,75.754794,2026-07-10T14:52:09,Synthetic demo record: burglary reported in Vijayapura.,Meena Shetty|Rekha Shetty|Ganesh Nair
DEMO-20260822-00004,Mandya,Mandya Demo Zone 3,Theft,4,12.534321,76.898339,2026-06-27T22:54:09,Synthetic demo record: theft reported in Mandya.,Prakash Rao|Harish Rao
DEMO-20260822-00005,Raichur,Raichur Demo Zone 1,Theft,3,16.217019,77.335596,2026-07-21T09:29:09,Synthetic demo record: theft reported in Raichur.,Kiran Patil|Irfan Patil|Suresh Kumar
DEMO-20260822-00006,Chikkaballapur,Chikkaballapur Demo Zone 2,Fraud,5,13.447957,77.736408,2026-08-08T02:49:09,Synthetic demo record: fraud reported in Chikkaballapur.,Ganesh Rao
DEMO-20260822-00007,Chikkamagaluru,Chikkamagaluru Demo Zone 1,Robbery,8,13.354089,75.79485,2026-06-02T09:03:09,Synthetic demo record: robbery reported in Chikkamagaluru.,Kiran Rao|Harish Rao
DEMO-20260822-00008,Bagalkote,Bagalkote Demo Zone 1,Theft,5,16.198529,75.650663,2026-06-06T20:45:09,Synthetic demo record: theft reported in Bagalkote.,Manoj Gowda|Ramesh Gowda
DEMO-20260822-00009,Bidar,Bidar Demo Zone 3,Theft,5,17.918212,77.52291,2026-06-10T23:48:09,Synthetic demo record: theft reported in Bidar.,Rohit Nair|Santosh Nair
DEMO-20260822-00010,Gadag,Gadag Demo Zone 3,Vandalism,3,15.450337,75.65812,2026-06-02T12:45:09,Synthetic demo record: vandalism reported in Gadag.,Saleem Gowda|Deepak Reddy
DEMO-20260822-00011,Hassan,Hassan Demo Zone 3,Theft,4,12.99463,76.107026,2026-07-12T04:50:09,Synthetic demo record: theft reported in Hassan.,Arjun Reddy
DEMO-20260822-00012,Dakshina Kannada,Dakshina Kannada Demo Zone 4,Theft,3,12.881014,74.869304,2026-08-13T10:51:09,Synthetic demo record: theft reported in Dakshina Kannada.,Kavitha Patil|Saleem Patil|Ashok Patil
DEMO-20260822-00013,Koppal,Koppal Demo Zone 2,Theft,3,15.343753,76.171086,2026-05-31T10:44:09,Synthetic demo record: theft reported in Koppal.,Mahesh Rao|Pradeep Sharma
DEMO-20260822-00014,Kolar,Kolar Demo Zone 2,Burglary,5,13.123439,78.101505,2026-06-04T12:57:09,Synthetic demo record: burglary reported in Kolar.,Naveen Sharma|Santosh Sharma|Deepak Sharma
DEMO-20260822-00015,Shivamogga,Shivamogga Demo Zone 4,Fraud,5,13.941624,75.544118,2026-06-18T00:43:09,Synthetic demo record: fraud reported in Shivamogga.,Kiran Gowda
DEMO-20260822-00016,Kalaburagi,Kalaburagi Demo Zone 1,Dispute,3,17.310073,76.813334,2026-08-11T22:42:09,Synthetic demo record: dispute reported in Kalaburagi.,Mahesh Nair|Kavitha Shetty
DEMO-20260822-00017,Bengaluru Rural,Bengaluru Rural Demo Zone 3,Theft,3,13.279294,77.600949,2026-06-23T07:04:09,Synthetic demo record: theft reported in Bengaluru Rural.,Srinivas Shetty
DEMO-20260822-00018,Bengaluru Urban,Bengaluru Urban Demo Zone 4,Assault,7,12.973678,77.583552,2026-06-29T01:38:09,Synthetic demo record: assault reported in Bengaluru Urban.,Anil Nair|Farhan Shetty
DEMO-20260822-00019,Shivamogga,Shivamogga Demo Zone 2,Dispute,4,13.896548,75.580845,2026-06-04T22:54:09,Synthetic demo record: dispute reported in Shivamogga.,Ganesh Gowda|Ramesh Gowda
DEMO-20260822-00020,Chikkamagaluru,Chikkamagaluru Demo Zone 2,Dispute,4,13.348696,75.765346,2026-08-02T13:38:09,Synthetic demo record: dispute reported in Chikkamagaluru.,Harish Rao|Santosh Rao
DEMO-20260822-00021,Vijayapura,Vijayapura Demo Zone 2,Burglary,5,16.836835,75.71603,2026-07-21T03:37:09,Synthetic demo record: burglary reported in Vijayapura.,Ganesh Nair|Suresh Nair
DEMO-20260822-00022,Bengaluru Rural,Bengaluru Rural Demo Zone 4,Fraud,6,13.268195,77.594162,2026-06-10T14:16:09,Synthetic demo record: fraud reported in Bengaluru Rural.,Rajesh Shetty|Ramesh Shetty
DEMO-20260822-00023,Hassan,Hassan Demo Zone 2,Theft,4,13.003055,76.119265,2026-07-06T05:02:09,Synthetic demo record: theft reported in Hassan.,Rohit Reddy|Kiran Reddy
DEMO-20260822-00024,Ramanagara,Ramanagara Demo Zone 3,Dispute,2,12.693316,77.253614,2026-07-25T23:50:09,Synthetic demo record: dispute reported in Ramanagara.,Vijay Kumar|Deepak Kumar
DEMO-20260822-00025,Mandya,Mandya Demo Zone 1,Assault,7,12.54167,76.912171,2026-06-20T03:55:09,Synthetic demo record: assault reported in Mandya.,Prakash Rao
DEMO-20260822-00026,Gadag,Gadag Demo Zone 1,Dispute,4,15.423893,75.613642,2026-06-24T01:08:09,Synthetic demo record: dispute reported in Gadag.,Priya Gowda|Irfan Gowda|Saleem Gowda
DEMO-20260822-00027,Bagalkote,Bagalkote Demo Zone 2,Dispute,2,16.1919,75.661907,2026-08-19T03:20:09,Synthetic demo record: dispute reported in Bagalkote.,Harish Gowda|Anil Gowda
DEMO-20260822-00028,Ramanagara,Ramanagara Demo Zone 1,Chain Snatching,8,12.734781,77.272754,2026-08-07T05:41:09,Synthetic demo record: chain snatching reported in Ramanagara.,Prakash Kumar|Deepak Kumar|Srinivas Kumar
DEMO-20260822-00029,Udupi,Udupi Demo Zone 1,Theft,5,13.343129,74.775655,2026-07-26T20:19:09,Synthetic demo record: theft reported in Udupi.,Prakash Reddy|Mohan Reddy|Saleem Reddy
DEMO-20260822-00030,Davanagere,Davanagere Demo Zone 4,Fraud,4,14.482641,75.892525,2026-06-11T03:34:09,Synthetic demo record: fraud reported in Davanagere.,Manoj Kumar|Prakash Kumar
DEMO-20260822-00031,Mandya,Mandya Demo Zone 1,Assault,6,12.53764,76.933878,2026-08-07T19:44:09,Synthetic demo record: assault reported in Mandya.,Prakash Rao
DEMO-20260822-00032,Mandya,Mandya Demo Zone 1,Theft,3,12.53233,76.925094,2026-06-21T09:33:09,Synthetic demo record: theft reported in Mandya.,Rajesh Rao
DEMO-20260822-00033,Bengaluru Rural,Bengaluru Rural Demo Zone 1,Theft,4,13.26279,77.591754,2026-08-10T17:56:09,Synthetic demo record: theft reported in Bengaluru Rural.,Mohan Shetty
DEMO-20260822-00034,Vijayanagara,Vijayanagara Demo Zone 3,Assault,6,15.315691,76.45597,2026-07-12T11:09:09,Synthetic demo record: assault reported in Vijayanagara.,Kiran Nair|Priya Nair
DEMO-20260822-00035,Hassan,Hassan Demo Zone 3,Assault,6,12.986967,76.099136,2026-08-16T11:21:09,Synthetic demo record: assault reported in Hassan.,Saleem Reddy
DEMO-20260822-00036,Koppal,Koppal Demo Zone 3,Burglary,6,15.367538,76.167288,2026-07-20T12:17:09,Synthetic demo record: burglary reported in Koppal.,Farhan Sharma|Anil Rao|Pradeep Sharma
DEMO-20260822-00037,Tumakuru,Tumakuru Demo Zone 4,Assault,7,13.331149,77.110283,2026-07-25T18:04:09,Synthetic demo record: assault reported in Tumakuru.,Priya Gowda|Deepak Reddy
DEMO-20260822-00038,Kalaburagi,Kalaburagi Demo Zone 2,Theft,5,17.314405,76.80931,2026-07-15T20:41:09,Synthetic demo record: theft reported in Kalaburagi.,Ganesh Nair
DEMO-20260822-00039,Chitradurga,Chitradurga Demo Zone 3,Chain Snatching,7,14.236678,76.401783,2026-06-27T09:16:09,Synthetic demo record: chain snatching reported in Chitradurga.,Mahesh Patil|Vijay Patil|Srinivas Patil
DEMO-20260822-00040,Mandya,Mandya Demo Zone 2,Theft,4,12.526928,76.920577,2026-06-11T18:22:09,Synthetic demo record: theft reported in Mandya.,Vijay Rao|Santosh Rao
DEMO-20260822-00041,Raichur,Raichur Demo Zone 4,Dispute,3,16.238539,77.329935,2026-07-02T19:04:09,Synthetic demo record: dispute reported in Raichur.,Pradeep Patil
DEMO-20260822-00042,Kolar,Kolar Demo Zone 4,Dispute,2,13.110659,78.163003,2026-06-27T01:55:09,Synthetic demo record: dispute reported in Kolar.,Naveen Sharma
DEMO-20260822-00043,Davanagere,Davanagere Demo Zone 4,Dispute,3,14.487599,75.895429,2026-07-15T03:41:09,Synthetic demo record: dispute reported in Davanagere.,Ganesh Kumar|Naveen Kumar
DEMO-20260822-00044,Udupi,Udupi Demo Zone 2,Fraud,4,13.32304,74.746923,2026-06-19T08:11:09,Synthetic demo record: fraud reported in Udupi.,Farhan Reddy|Saleem Reddy
DEMO-20260822-00045,Bengaluru Urban,Bengaluru Urban Demo Zone 3,Assault,7,12.957646,77.565327,2026-07-01T12:05:09,Synthetic demo record: assault reported in Bengaluru Urban.,Mahesh Nair|Anil Nair
DEMO-20260822-00046,Chikkaballapur,Chikkaballapur Demo Zone 4,Vandalism,2,13.4155,77.718418,2026-08-20T18:05:09,Synthetic demo record: vandalism reported in Chikkaballapur.,Ravi Rao
DEMO-20260822-00047,Hassan,Hassan Demo Zone 3,Theft,3,12.987887,76.096859,2026-08-14T17:58:09,Synthetic demo record: theft reported in Hassan.,Irfan Reddy|Mohan Reddy
DEMO-20260822-00048,Tumakuru,Tumakuru Demo Zone 4,Dispute,2,13.37258,77.145422,2026-07-06T21:44:09,Synthetic demo record: dispute reported in Tumakuru.,Saleem Gowda|Farhan Gowda
DEMO-20260822-00049,Ballari,Ballari Demo Zone 2,Fraud,4,15.137326,76.909642,2026-06-07T16:39:09,Synthetic demo record: fraud reported in Ballari.,Irfan Gowda
DEMO-20260822-00050,Haveri,Haveri Demo Zone 3,Fraud,5,14.820814,75.387421,2026-07-03T08:00:09,Synthetic demo record: fraud reported in Haveri.,Rajesh Shetty
DEMO-20260822-00051,Haveri,Haveri Demo Zone 4,Theft,5,14.810556,75.375938,2026-06-18T17:57:09,Synthetic demo record: theft reported in Haveri.,Mahesh Shetty|Manoj Shetty
DEMO-20260822-00052,Bengaluru Rural,Bengaluru Rural Demo Zone 3,Theft,4,13.28766,77.58093,2026-07-14T04:25:09,Synthetic demo record: theft reported in Bengaluru Rural.,Prakash Shetty|Harish Shetty
DEMO-20260822-00053,Vijayanagara,Vijayanagara Demo Zone 2,Assault,8,15.315656,76.440711,2026-07-30T18:05:09,Synthetic demo record: assault reported in Vijayanagara.,Naveen Nair|Srinivas Nair
DEMO-20260822-00054,Vijayapura,Vijayapura Demo Zone 2,Assault,7,16.801919,75.680358,2026-07-01T23:55:09,Synthetic demo record: assault reported in Vijayapura.,Meena Shetty
DEMO-20260822-00055,Kolar,Kolar Demo Zone 3,Vandalism,2,13.118246,78.103398,2026-07-19T20:52:09,Synthetic demo record: vandalism reported in Kolar.,Ravi Sharma|Ramesh Sharma|Prakash Sharma
DEMO-20260822-00056,Hassan,Hassan Demo Zone 4,Theft,4,12.991052,76.108602,2026-06-13T06:54:09,Synthetic demo record: theft reported in Hassan.,Ramesh Reddy|Kavitha Reddy
DEMO-20260822-00057,Vijayapura,Vijayapura Demo Zone 3,Fraud,5,16.811548,75.707283,2026-07-18T11:56:09,Synthetic demo record: fraud reported in Vijayapura.,Pooja Shetty|Meena Shetty
DEMO-20260822-00058,Bidar,Bidar Demo Zone 4,Fraud,4,17.926058,77.525235,2026-07-06T12:56:09,Synthetic demo record: fraud reported in Bidar.,Arjun Nair
DEMO-20260822-00059,Kalaburagi,Kalaburagi Demo Zone 3,Assault,6,17.322451,76.828041,2026-07-20T05:39:09,Synthetic demo record: assault reported in Kalaburagi.,Rekha Shetty
DEMO-20260822-00060,Kalaburagi,Kalaburagi Demo Zone 1,Burglary,7,17.345961,76.856616,2026-05-29T15:54:09,Synthetic demo record: burglary reported in Kalaburagi.,Anil Nair
DEMO-20260822-00061,Vijayanagara,Vijayanagara Demo Zone 2,Dispute,2,15.359764,76.453902,2026-07-12T02:28:09,Synthetic demo record: dispute reported in Vijayanagara.,Nikhil Nair|Imran Nair
DEMO-20260822-00062,Chikkamagaluru,Chikkamagaluru Demo Zone 3,Burglary,7,13.343994,75.771749,2026-06-27T04:47:09,Synthetic demo record: burglary reported in Chikkamagaluru.,Srinivas Rao|Santosh Rao
DEMO-20260822-00063,Gadag,Gadag Demo Zone 3,Dispute,2,15.422943,75.62015,2026-08-22T14:37:09,Synthetic demo record: dispute reported in Gadag.,Vijay Reddy|Meena Gowda|Imran Gowda
DEMO-20260822-00064,Chikkaballapur,Chikkaballapur Demo Zone 3,Fraud,5,13.419111,77.71802,2026-08-11T02:07:09,Synthetic demo record: fraud reported in Chikkaballapur.,Priya Sharma
DEMO-20260822-00065,Chikkaballapur,Chikkaballapur Demo Zone 3,Fraud,4,13.450409,77.717563,2026-06-28T01:20:09,Synthetic demo record: fraud reported in Chikkaballapur.,Kavitha Sharma
DEMO-20260822-00066,Bidar,Bidar Demo Zone 4,Theft,3,17.919145,77.526531,2026-08-02T08:32:09,Synthetic demo record: theft reported in Bidar.,Mohan Nair
DEMO-20260822-00067,Chamarajanagar,Chamarajanagar Demo Zone 2,Burglary,7,11.933142,76.936593,2026-06-18T17:44:09,Synthetic demo record: burglary reported in Chamarajanagar.,Rekha Nair
DEMO-20260822-00068,Mysuru,Mysuru Demo Zone 1,Assault,6,12.271715,76.641872,2026-07-30T19:09:09,Synthetic demo record: assault reported in Mysuru.,Santosh Patil|Pooja Rao|Manoj Patil
DEMO-20260822-00069,Vijayanagara,Vijayanagara Demo Zone 3,Robbery,7,15.31281,76.438781,2026-06-01T03:21:09,Synthetic demo record: robbery reported in Vijayanagara.,Harish Nair|Rohit Nair|Deepak Nair
DEMO-20260822-00070,Koppal,Koppal Demo Zone 3,Vandalism,2,15.366586,76.145228,2026-05-26T06:42:09,Synthetic demo record: vandalism reported in Koppal.,Arjun Sharma|Suresh Rao|Priya Sharma
DEMO-20260822-00071,Kolar,Kolar Demo Zone 3,Robbery,9,13.117065,78.09958,2026-08-17T04:46:09,Synthetic demo record: robbery reported in Kolar.,Mahesh Sharma|Ravi Sharma
DEMO-20260822-00072,Chitradurga,Chitradurga Demo Zone 3,Theft,4,14.19719,76.435051,2026-06-29T04:45:09,Synthetic demo record: theft reported in Chitradurga.,Ganesh Patil|Vijay Patil
DEMO-20260822-00073,Raichur,Raichur Demo Zone 3,Burglary,7,16.216367,77.334649,2026-06-08T14:01:09,Synthetic demo record: burglary reported in Raichur.,Nikhil Patil|Ashok Patil
DEMO-20260822-00074,Belagavi,Belagavi Demo Zone 4,Theft,4,15.819814,74.505457,2026-06-12T19:21:09,Synthetic demo record: theft reported in Belagavi.,Farhan Reddy
DEMO-20260822-00075,Gadag,Gadag Demo Zone 2,Theft,3,15.41609,75.62162,2026-08-17T09:55:09,Synthetic demo record: theft reported in Gadag.,Suresh Reddy
DEMO-20260822-00076,Bengaluru Urban,Bengaluru Urban Demo Zone 3,Assault,6,12.978846,77.580868,2026-08-15T13:44:09,Synthetic demo record: assault reported in Bengaluru Urban.,Kavitha Shetty|Imran Shetty
DEMO-20260822-00077,Mysuru,Mysuru Demo Zone 4,Fraud,5,12.292233,76.646403,2026-07-16T22:47:09,Synthetic demo record: fraud reported in Mysuru.,Vijay Patil
DEMO-20260822-00078,Chikkamagaluru,Chikkamagaluru Demo Zone 1,Fraud,6,13.338211,75.775891,2026-07-26T20:39:09,Synthetic demo record: fraud reported in Chikkamagaluru.,Pradeep Rao
DEMO-20260822-00079,Dakshina Kannada,Dakshina Kannada Demo Zone 2,Theft,3,12.888248,74.833208,2026-06-01T03:17:09,Synthetic demo record: theft reported in Dakshina Kannada.,Arjun Patil|Saleem Patil|Farhan Patil
DEMO-20260822-00080,Kolar,Kolar Demo Zone 2,Theft,4,13.129011,78.09951,2026-08-05T18:30:09,Synthetic demo record: theft reported in Kolar.,Prakash Sharma|Vijay Sharma|Suresh Sharma
DEMO-20260822-00081,Chikkamagaluru,Chikkamagaluru Demo Zone 2,Assault,7,13.337446,75.759085,2026-06-26T04:06:09,Synthetic demo record: assault reported in Chikkamagaluru.,Kiran Rao
DEMO-20260822-00082,Chikkamagaluru,Chikkamagaluru Demo Zone 3,Burglary,6,13.345506,75.77616,2026-07-13T06:19:09,Synthetic demo record: burglary reported in Chikkamagaluru.,Vijay Rao|Ashok Rao|Deepak Rao
DEMO-20260822-00083,Ballari,Ballari Demo Zone 1,Fraud,6,15.129484,76.896084,2026-06-08T08:32:09,Synthetic demo record: fraud reported in Ballari.,Kavitha Gowda|Suresh Reddy|Rohit Gowda
DEMO-20260822-00084,Davanagere,Davanagere Demo Zone 3,Theft,5,14.488735,75.8992,2026-07-14T04:16:09,Synthetic demo record: theft reported in Davanagere.,Pradeep Kumar|Harish Kumar|Rajesh Kumar
DEMO-20260822-00085,Koppal,Koppal Demo Zone 3,Dispute,3,15.367927,76.166351,2026-05-28T22:18:09,Synthetic demo record: dispute reported in Koppal.,Priya Sharma
DEMO-20260822-00086,Shivamogga,Shivamogga Demo Zone 1,Theft,5,13.946628,75.595188,2026-06-04T11:15:09,Synthetic demo record: theft reported in Shivamogga.,Santosh Gowda
DEMO-20260822-00087,Bengaluru Rural,Bengaluru Rural Demo Zone 3,Assault,7,13.292015,77.581164,2026-07-23T06:57:09,Synthetic demo record: assault reported in Bengaluru Rural.,Kiran Shetty|Ramesh Shetty
DEMO-20260822-00088,Mysuru,Mysuru Demo Zone 2,Vandalism,3,12.255469,76.636849,2026-07-09T07:52:09,Synthetic demo record: vandalism reported in Mysuru.,Rekha Rao|Mahesh Patil
DEMO-20260822-00089,Mysuru,Mysuru Demo Zone 3,Theft,4,12.304736,76.635117,2026-06-11T09:25:09,Synthetic demo record: theft reported in Mysuru.,Vijay Patil|Naveen Patil
DEMO-20260822-00090,Tumakuru,Tumakuru Demo Zone 1,Burglary,6,13.309388,77.105151,2026-07-12T10:19:09,Synthetic demo record: burglary reported in Tumakuru.,Priya Gowda
DEMO-20260822-00091,Raichur,Raichur Demo Zone 4,Fraud,4,16.215529,77.334255,2026-06-14T18:37:09,Synthetic demo record: fraud reported in Raichur.,Ashok Patil
DEMO-20260822-00092,Raichur,Raichur Demo Zone 3,Burglary,6,16.23742,77.318255,2026-06-20T09:09:09,Synthetic demo record: burglary reported in Raichur.,Meena Patil|Rohit Patil
DEMO-20260822-00093,Mysuru,Mysuru Demo Zone 3,Chain Snatching,8,12.290938,76.649059,2026-08-06T03:33:09,Synthetic demo record: chain snatching reported in Mysuru.,Anil Patil|Mahesh Patil|Vijay Patil
DEMO-20260822-00094,Bidar,Bidar Demo Zone 4,Vandalism,2,17.92659,77.543326,2026-07-24T22:48:09,Synthetic demo record: vandalism reported in Bidar.,Harish Nair|Nikhil Nair|Mohan Nair
DEMO-20260822-00095,Mysuru,Mysuru Demo Zone 1,Theft,5,12.282013,76.613035,2026-08-13T19:01:09,Synthetic demo record: theft reported in Mysuru.,Suresh Patil
DEMO-20260822-00096,Bengaluru Urban,Bengaluru Urban Demo Zone 2,Theft,3,12.980387,77.577641,2026-07-18T20:08:09,Synthetic demo record: theft reported in Bengaluru Urban.,Rohit Shetty
DEMO-20260822-00097,Koppal,Koppal Demo Zone 3,Burglary,5,15.35055,76.121359,2026-07-03T19:57:09,Synthetic demo record: burglary reported in Koppal.,Rekha Sharma
DEMO-20260822-00098,Chikkamagaluru,Chikkamagaluru Demo Zone 1,Burglary,6,13.299948,75.778487,2026-07-07T08:42:09,Synthetic demo record: burglary reported in Chikkamagaluru.,Saleem Rao|Imran Rao
DEMO-20260822-00099,Kodagu,Kodagu Demo Zone 1,Dispute,2,12.460202,75.721191,2026-07-11T17:13:09,Synthetic demo record: dispute reported in Kodagu.,Harish Nair|Imran Nair
DEMO-20260822-00100,Kodagu,Kodagu Demo Zone 2,Vandalism,3,12.404087,75.746411,2026-06-22T13:29:09,Synthetic demo record: vandalism reported in Kodagu.,Deepak Nair|Arjun Nair
DEMO-20260822-00101,Bidar,Bidar Demo Zone 1,Fraud,5,17.919395,77.527519,2026-07-19T00:21:09,Synthetic demo record: fraud reported in Bidar.,Prakash Nair
DEMO-20260822-00102,Mandya,Mandya Demo Zone 4,Theft,4,12.539118,76.932876,2026-08-01T15:32:09,Synthetic demo record: theft reported in Mandya.,Prakash Rao|Deepak Rao
DEMO-20260822-00103,Shivamogga,Shivamogga Demo Zone 2,Burglary,7,13.952324,75.593895,2026-06-14T06:17:09,Synthetic demo record: burglary reported in Shivamogga.,Srinivas Gowda
DEMO-20260822-00104,Uttara Kannada,Uttara Kannada Demo Zone 3,Assault,8,14.849102,74.149591,2026-07-16T08:41:09,Synthetic demo record: assault reported in Uttara Kannada.,Srinivas Shetty
DEMO-20260822-00105,Belagavi,Belagavi Demo Zone 4,Burglary,5,15.82245,74.472582,2026-06-03T03:42:09,Synthetic demo record: burglary reported in Belagavi.,Priya Reddy
DEMO-20260822-00106,Mysuru,Mysuru Demo Zone 3,Theft,4,12.304071,76.638125,2026-05-30T23:21:09,Synthetic demo record: theft reported in Mysuru.,Priya Rao|Irfan Rao
DEMO-20260822-00107,Haveri,Haveri Demo Zone 2,Fraud,5,14.820671,75.388644,2026-07-23T16:10:09,Synthetic demo record: fraud reported in Haveri.,Ganesh Shetty
DEMO-20260822-00108,Raichur,Raichur Demo Zone 2,Theft,4,16.21022,77.346667,2026-07-01T23:02:09,Synthetic demo record: theft reported in Raichur.,Suresh Kumar|Rohit Patil|Imran Patil
DEMO-20260822-00109,Chikkaballapur,Chikkaballapur Demo Zone 3,Burglary,7,13.449377,77.735873,2026-07-23T02:19:09,Synthetic demo record: burglary reported in Chikkaballapur.,Ravi Rao
DEMO-20260822-00110,Belagavi,Belagavi Demo Zone 2,Dispute,3,15.840024,74.510993,2026-08-09T07:56:09,Synthetic demo record: dispute reported in Belagavi.,Naveen Reddy
DEMO-20260822-00111,Ballari,Ballari Demo Zone 1,Assault,8,15.145151,76.936074,2026-06-06T23:52:09,Synthetic demo record: assault reported in Ballari.,Nikhil Gowda|Vijay Reddy
DEMO-20260822-00112,Bengaluru Urban,Bengaluru Urban Demo Zone 1,Theft,5,12.973601,77.578293,2026-06-19T13:10:09,Synthetic demo record: theft reported in Bengaluru Urban.,Farhan Shetty
DEMO-20260822-00113,Chikkaballapur,Chikkaballapur Demo Zone 3,Vandalism,3,13.417083,77.712012,2026-06-13T03:40:09,Synthetic demo record: vandalism reported in Chikkaballapur.,Priya Sharma|Farhan Sharma
DEMO-20260822-00114,Dharwad,Dharwad Demo Zone 1,Dispute,4,15.466773,75.026142,2026-06-03T05:24:09,Synthetic demo record: dispute reported in Dharwad.,Suresh Gowda
DEMO-20260822-00115,Ramanagara,Ramanagara Demo Zone 3,Vandalism,2,12.735726,77.276459,2026-05-28T23:02:09,Synthetic demo record: vandalism reported in Ramanagara.,Santosh Kumar|Pradeep Kumar
DEMO-20260822-00116,Haveri,Haveri Demo Zone 4,Dispute,3,14.837342,75.395398,2026-07-01T02:52:09,Synthetic demo record: dispute reported in Haveri.,Mahesh Shetty|Kiran Shetty|Pooja Reddy
DEMO-20260822-00117,Uttara Kannada,Uttara Kannada Demo Zone 2,Dispute,2,14.844949,74.161136,2026-06-27T12:20:09,Synthetic demo record: dispute reported in Uttara Kannada.,Ravi Shetty
DEMO-20260822-00118,Kodagu,Kodagu Demo Zone 3,Assault,8,12.399954,75.704069,2026-06-07T13:07:09,Synthetic demo record: assault reported in Kodagu.,Irfan Nair|Rohit Nair
DEMO-20260822-00119,Belagavi,Belagavi Demo Zone 1,Assault,7,15.889811,74.469804,2026-08-03T13:27:09,Synthetic demo record: assault reported in Belagavi.,Ashok Reddy|Imran Reddy
DEMO-20260822-00120,Belagavi,Belagavi Demo Zone 2,Dispute,3,15.81624,74.50355,2026-06-20T05:10:09,Synthetic demo record: dispute reported in Belagavi.,Prakash Reddy
DEMO-20260822-00121,Ballari,Ballari Demo Zone 1,Robbery,9,15.146146,76.894507,2026-08-16T02:12:09,Synthetic demo record: robbery reported in Ballari.,Nikhil Gowda
DEMO-20260822-00122,Hassan,Hassan Demo Zone 4,Robbery,8,12.997702,76.105344,2026-07-06T14:16:09,Synthetic demo record: robbery reported in Hassan.,Prakash Reddy|Rekha Reddy|Saleem Reddy
DEMO-20260822-00123,Ballari,Ballari Demo Zone 3,Theft,5,15.132431,76.898013,2026-06-18T01:48:09,Synthetic demo record: theft reported in Ballari.,Mahesh Reddy|Nikhil Gowda|Suresh Reddy
DEMO-20260822-00124,Dharwad,Dharwad Demo Zone 2,Dispute,4,15.451234,74.98001,2026-07-02T19:45:09,Synthetic demo record: dispute reported in Dharwad.,Rajesh Gowda|Ashok Gowda|Kiran Gowda
DEMO-20260822-00125,Bagalkote,Bagalkote Demo Zone 3,Vandalism,3,16.193715,75.658487,2026-08-05T20:36:09,Synthetic demo record: vandalism reported in Bagalkote.,Santosh Gowda
DEMO-20260822-00126,Bidar,Bidar Demo Zone 4,Burglary,5,17.925158,77.524335,2026-06-06T09:59:09,Synthetic demo record: burglary reported in Bidar.,Imran Nair
DEMO-20260822-00127,Raichur,Raichur Demo Zone 4,Fraud,4,16.226617,77.343505,2026-07-25T19:17:09,Synthetic demo record: fraud reported in Raichur.,Saleem Patil|Kavitha Patil
DEMO-20260822-00128,Vijayanagara,Vijayanagara Demo Zone 4,Burglary,7,15.327587,76.497833,2026-08-18T22:55:09,Synthetic demo record: burglary reported in Vijayanagara.,Farhan Nair|Rohit Nair|Mohan Nair
DEMO-20260822-00129,Yadgir,Yadgir Demo Zone 1,Theft,5,16.743859,77.121419,2026-06-11T07:44:09,Synthetic demo record: theft reported in Yadgir.,Deepak Sharma
DEMO-20260822-00130,Uttara Kannada,Uttara Kannada Demo Zone 4,Assault,8,14.845929,74.155125,2026-07-31T09:21:09,Synthetic demo record: assault reported in Uttara Kannada.,Ravi Shetty|Manoj Shetty
DEMO-20260822-00131,Tumakuru,Tumakuru Demo Zone 4,Burglary,7,13.364961,77.12167,2026-07-25T17:53:09,Synthetic demo record: burglary reported in Tumakuru.,Rekha Gowda
DEMO-20260822-00132,Bidar,Bidar Demo Zone 4,Dispute,2,17.930554,77.53948,2026-08-20T15:53:09,Synthetic demo record: dispute reported in Bidar.,Naveen Nair
DEMO-20260822-00133,Kolar,Kolar Demo Zone 1,Fraud,4,13.123351,78.106913,2026-07-03T16:26:09,Synthetic demo record: fraud reported in Kolar.,Santosh Sharma|Pooja Nair|Srinivas Sharma
DEMO-20260822-00134,Bengaluru Rural,Bengaluru Rural Demo Zone 1,Theft,5,13.286691,77.581825,2026-06-11T01:51:09,Synthetic demo record: theft reported in Bengaluru Rural.,Naveen Shetty|Vijay Shetty
DEMO-20260822-00135,Dakshina Kannada,Dakshina Kannada Demo Zone 3,Theft,3,12.894909,74.832881,2026-08-01T19:26:09,Synthetic demo record: theft reported in Dakshina Kannada.,Ashok Patil|Kiran Patil
DEMO-20260822-00136,Bengaluru Urban,Bengaluru Urban Demo Zone 2,Theft,5,12.965286,77.588841,2026-06-28T06:19:09,Synthetic demo record: theft reported in Bengaluru Urban.,Imran Shetty
DEMO-20260822-00137,Udupi,Udupi Demo Zone 4,Fraud,4,13.314716,74.746908,2026-06-08T04:21:09,Synthetic demo record: fraud reported in Udupi.,Prakash Reddy|Santosh Reddy|Harish Reddy
DEMO-20260822-00138,Shivamogga,Shivamogga Demo Zone 1,Fraud,5,13.945815,75.566144,2026-06-03T21:57:09,Synthetic demo record: fraud reported in Shivamogga.,Prakash Gowda|Anil Gowda
DEMO-20260822-00139,Ramanagara,Ramanagara Demo Zone 1,Burglary,5,12.746294,77.286318,2026-08-18T22:39:09,Synthetic demo record: burglary reported in Ramanagara.,Kiran Kumar|Imran Kumar
DEMO-20260822-00140,Mandya,Mandya Demo Zone 1,Fraud,5,12.529838,76.921936,2026-05-31T05:42:09,Synthetic demo record: fraud reported in Mandya.,Rajesh Rao
DEMO-20260822-00141,Gadag,Gadag Demo Zone 3,Theft,3,15.418676,75.614999,2026-06-13T05:19:09,Synthetic demo record: theft reported in Gadag.,Vijay Reddy|Ravi Reddy
DEMO-20260822-00142,Belagavi,Belagavi Demo Zone 3,Theft,3,15.840721,74.50693,2026-08-10T16:10:09,Synthetic demo record: theft reported in Belagavi.,Rekha Reddy|Pradeep Reddy|Naveen Reddy
DEMO-20260822-00143,Chikkamagaluru,Chikkamagaluru Demo Zone 1,Theft,3,13.31458,75.75537,2026-06-28T02:32:09,Synthetic demo record: theft reported in Chikkamagaluru.,Rajesh Rao|Ashok Rao|Nikhil Rao
DEMO-20260822-00144,Haveri,Haveri Demo Zone 1,Burglary,6,14.77599,75.419353,2026-08-06T01:55:09,Synthetic demo record: burglary reported in Haveri.,Mohan Shetty|Mahesh Shetty|Rajesh Shetty
DEMO-20260822-00145,Chamarajanagar,Chamarajanagar Demo Zone 4,Assault,8,11.906161,76.959309,2026-07-25T11:48:09,Synthetic demo record: assault reported in Chamarajanagar.,Kavitha Nair
DEMO-20260822-00146,Chikkaballapur,Chikkaballapur Demo Zone 1,Fraud,4,13.416407,77.716158,2026-06-26T12:22:09,Synthetic demo record: fraud reported in Chikkaballapur.,Pooja Sharma|Anil Rao
DEMO-20260822-00147,Chikkamagaluru,Chikkamagaluru Demo Zone 1,Theft,3,13.299102,75.767279,2026-06-29T15:40:09,Synthetic demo record: theft reported in Chikkamagaluru.,Rajesh Rao
DEMO-20260822-00148,Mandya,Mandya Demo Zone 3,Dispute,4,12.531524,76.898668,2026-07-26T08:32:09,Synthetic demo record: dispute reported in Mandya.,Naveen Rao|Vijay Rao
DEMO-20260822-00149,Chikkaballapur,Chikkaballapur Demo Zone 3,Theft,3,13.449669,77.712678,2026-06-24T01:43:09,Synthetic demo record: theft reported in Chikkaballapur.,Ganesh Rao
DEMO-20260822-00150,Vijayanagara,Vijayanagara Demo Zone 1,Burglary,5,15.317327,76.444945,2026-07-23T06:58:09,Synthetic demo record: burglary reported in Vijayanagara.,Saleem Nair
DEMO-20260822-00151,Kolar,Kolar Demo Zone 2,Fraud,6,13.116123,78.103193,2026-06-02T22:32:09,Synthetic demo record: fraud reported in Kolar.,Mahesh Sharma|Srinivas Sharma|Naveen Sharma
DEMO-20260822-00152,Uttara Kannada,Uttara Kannada Demo Zone 4,Assault,6,14.849468,74.150601,2026-05-26T04:23:09,Synthetic demo record: assault reported in Uttara Kannada.,Manoj Shetty|Srinivas Shetty|Anil Shetty
DEMO-20260822-00153,Belagavi,Belagavi Demo Zone 2,Chain Snatching,7,15.805554,74.528131,2026-05-26T11:25:09,Synthetic demo record: chain snatching reported in Belagavi.,Rohit Reddy|Naveen Reddy|Nikhil Reddy
DEMO-20260822-00154,Davanagere,Davanagere Demo Zone 4,Fraud,5,14.478702,75.89766,2026-06-02T22:08:09,Synthetic demo record: fraud reported in Davanagere.,Kiran Kumar|Mohan Kumar
DEMO-20260822-00155,Ramanagara,Ramanagara Demo Zone 3,Burglary,6,12.750305,77.286485,2026-05-26T14:24:09,Synthetic demo record: burglary reported in Ramanagara.,Harish Kumar|Kiran Kumar
DEMO-20260822-00156,Mysuru,Mysuru Demo Zone 3,Theft,3,12.271745,76.646066,2026-06-13T04:30:09,Synthetic demo record: theft reported in Mysuru.,Ravi Patil
DEMO-20260822-00157,Gadag,Gadag Demo Zone 1,Assault,6,15.419609,75.617084,2026-07-26T23:06:09,Synthetic demo record: assault reported in Gadag.,Vijay Reddy|Rekha Gowda
DEMO-20260822-00158,Chitradurga,Chitradurga Demo Zone 2,Dispute,3,14.257217,76.423877,2026-06-07T11:18:09,Synthetic demo record: dispute reported in Chitradurga.,Ravi Patil|Naveen Patil
DEMO-20260822-00159,Chikkaballapur,Chikkaballapur Demo Zone 1,Fraud,5,13.450413,77.734471,2026-07-16T16:58:09,Synthetic demo record: fraud reported in Chikkaballapur.,Priya Sharma|Rohit Sharma|Arjun Sharma
DEMO-20260822-00160,Uttara Kannada,Uttara Kannada Demo Zone 1,Theft,4,14.819158,74.114157,2026-05-30T19:35:09,Synthetic demo record: theft reported in Uttara Kannada.,Prakash Shetty|Pooja Reddy
DEMO-20260822-00161,Dharwad,Dharwad Demo Zone 4,Theft,3,15.425695,75.021543,2026-07-08T17:37:09,Synthetic demo record: theft reported in Dharwad.,Mohan Gowda|Deepak Gowda
DEMO-20260822-00162,Yadgir,Yadgir Demo Zone 1,Dispute,3,16.79281,77.186529,2026-06-25T12:17:09,Synthetic demo record: dispute reported in Yadgir.,Naveen Sharma|Meena Nair|Harish Sharma
DEMO-20260822-00163,Belagavi,Belagavi Demo Zone 4,Dispute,3,15.821214,74.469414,2026-08-03T09:35:09,Synthetic demo record: dispute reported in Belagavi.,Saleem Reddy
DEMO-20260822-00164,Kalaburagi,Kalaburagi Demo Zone 3,Vandalism,2,17.316893,76.82734,2026-08-07T04:55:09,Synthetic demo record: vandalism reported in Kalaburagi.,Rajesh Nair|Anil Nair|Vijay Nair
DEMO-20260822-00165,Chikkamagaluru,Chikkamagaluru Demo Zone 1,Assault,7,13.28899,75.738092,2026-07-08T07:02:09,Synthetic demo record: assault reported in Chikkamagaluru.,Kiran Rao|Pradeep Rao
DEMO-20260822-00166,Vijayapura,Vijayapura Demo Zone 3,Theft,3,16.800274,75.681652,2026-05-29T04:15:09,Synthetic demo record: theft reported in Vijayapura.,Pradeep Shetty
DEMO-20260822-00167,Chitradurga,Chitradurga Demo Zone 1,Theft,4,14.213673,76.383195,2026-06-08T07:35:09,Synthetic demo record: theft reported in Chitradurga.,Ramesh Patil|Anil Patil
DEMO-20260822-00168,Davanagere,Davanagere Demo Zone 2,Dispute,2,14.493794,75.918554,2026-07-30T22:59:09,Synthetic demo record: dispute reported in Davanagere.,Srinivas Kumar|Santosh Kumar
DEMO-20260822-00169,Dakshina Kannada,Dakshina Kannada Demo Zone 1,Assault,6,12.922692,74.845728,2026-08-20T13:23:09,Synthetic demo record: assault reported in Dakshina Kannada.,Farhan Patil|Pradeep Patil|Rohit Patil
DEMO-20260822-00170,Yadgir,Yadgir Demo Zone 4,Dispute,2,16.74546,77.123819,2026-08-22T13:28:09,Synthetic demo record: dispute reported in Yadgir.,Srinivas Sharma
DEMO-20260822-00171,Tumakuru,Tumakuru Demo Zone 2,Theft,5,13.3578,77.110071,2026-06-12T15:32:09,Synthetic demo record: theft reported in Tumakuru.,Kavitha Gowda
DEMO-20260822-00172,Bengaluru Urban,Bengaluru Urban Demo Zone 3,Fraud,6,12.977663,77.576058,2026-08-19T07:09:09,Synthetic demo record: fraud reported in Bengaluru Urban.,Imran Shetty|Meena Shetty
DEMO-20260822-00173,Bengaluru Urban,Bengaluru Urban Demo Zone 4,Vandalism,1,12.97777,77.620062,2026-06-24T04:58:09,Synthetic demo record: vandalism reported in Bengaluru Urban.,Priya Shetty|Mahesh Nair
DEMO-20260822-00174,Davanagere,Davanagere Demo Zone 3,Burglary,7,14.492476,75.913911,2026-07-14T06:47:09,Synthetic demo record: burglary reported in Davanagere.,Ashok Kumar
DEMO-20260822-00175,Shivamogga,Shivamogga Demo Zone 4,Theft,5,13.950289,75.597208,2026-06-28T18:39:09,Synthetic demo record: theft reported in Shivamogga.,Deepak Gowda|Kiran Gowda
DEMO-20260822-00176,Mandya,Mandya Demo Zone 3,Fraud,4,12.539754,76.91439,2026-06-07T19:03:09,Synthetic demo record: fraud reported in Mandya.,Ashok Rao|Vijay Rao
DEMO-20260822-00177,Vijayapura,Vijayapura Demo Zone 4,Assault,7,16.810497,75.703231,2026-07-10T02:01:09,Synthetic demo record: assault reported in Vijayapura.,Suresh Nair|Ganesh Nair|Pooja Shetty
DEMO-20260822-00178,Yadgir,Yadgir Demo Zone 4,Theft,5,16.744283,77.126722,2026-07-04T20:46:09,Synthetic demo record: theft reported in Yadgir.,Manoj Sharma
DEMO-20260822-00179,Dharwad,Dharwad Demo Zone 4,Theft,3,15.461931,74.976896,2026-07-30T06:07:09,Synthetic demo record: theft reported in Dharwad.,Rajesh Gowda
DEMO-20260822-00180,Davanagere,Davanagere Demo Zone 3,Vandalism,1,14.440233,75.945005,2026-08-14T01:05:09,Synthetic demo record: vandalism reported in Davanagere.,Nikhil Kumar
DEMO-20260822-00181,Kolar,Kolar Demo Zone 4,Theft,5,13.120735,78.111201,2026-08-07T01:25:09,Synthetic demo record: theft reported in Kolar.,Santosh Sharma|Harish Sharma|Prakash Sharma
DEMO-20260822-00182,Koppal,Koppal Demo Zone 4,Assault,6,15.365113,76.173861,2026-06-14T17:05:09,Synthetic demo record: assault reported in Koppal.,Mahesh Rao|Saleem Sharma
DEMO-20260822-00183,Chamarajanagar,Chamarajanagar Demo Zone 4,Theft,4,11.923206,76.911518,2026-05-26T12:14:09,Synthetic demo record: theft reported in Chamarajanagar.,Deepak Sharma
DEMO-20260822-00184,Ballari,Ballari Demo Zone 4,Dispute,2,15.141398,76.938006,2026-06-01T12:19:09,Synthetic demo record: dispute reported in Ballari.,Imran Gowda|Meena Gowda
DEMO-20260822-00185,Uttara Kannada,Uttara Kannada Demo Zone 3,Vandalism,1,14.849461,74.157012,2026-06-06T00:46:09,Synthetic demo record: vandalism reported in Uttara Kannada.,Deepak Shetty
DEMO-20260822-00186,Shivamogga,Shivamogga Demo Zone 4,Fraud,5,13.961531,75.612534,2026-08-01T09:26:09,Synthetic demo record: fraud reported in Shivamogga.,Ravi Gowda|Mohan Gowda
DEMO-20260822-00187,Vijayapura,Vijayapura Demo Zone 2,Dispute,2,16.832567,75.712923,2026-06-18T08:27:09,Synthetic demo record: dispute reported in Vijayapura.,Pradeep Shetty|Vijay Nair
DEMO-20260822-00188,Haveri,Haveri Demo Zone 1,Theft,4,14.825224,75.389341,2026-07-05T18:14:09,Synthetic demo record: theft reported in Haveri.,Kiran Shetty|Naveen Shetty
DEMO-20260822-00189,Belagavi,Belagavi Demo Zone 1,Robbery,7,15.818341,74.503873,2026-07-31T10:51:09,Synthetic demo record: robbery reported in Belagavi.,Naveen Reddy
DEMO-20260822-00190,Tumakuru,Tumakuru Demo Zone 2,Robbery,7,13.308074,77.104617,2026-07-28T00:52:09,Synthetic demo record: robbery reported in Tumakuru.,Nikhil Gowda
DEMO-20260822-00191,Haveri,Haveri Demo Zone 4,Robbery,7,14.777456,75.419968,2026-07-23T09:04:09,Synthetic demo record: robbery reported in Haveri.,Santosh Shetty
DEMO-20260822-00192,Dharwad,Dharwad Demo Zone 4,Assault,8,15.49593,74.983633,2026-07-16T18:56:09,Synthetic demo record: assault reported in Dharwad.,Prakash Gowda|Ravi Gowda
DEMO-20260822-00193,Belagavi,Belagavi Demo Zone 1,Dispute,2,15.823553,74.472929,2026-06-20T05:47:09,Synthetic demo record: dispute reported in Belagavi.,Priya Reddy|Arjun Reddy|Pradeep Reddy
DEMO-20260822-00194,Dharwad,Dharwad Demo Zone 2,Theft,3,15.428456,75.023979,2026-08-05T23:36:09,Synthetic demo record: theft reported in Dharwad.,Kiran Gowda|Ravi Gowda
DEMO-20260822-00195,Kolar,Kolar Demo Zone 2,Assault,7,13.125169,78.113068,2026-06-09T23:11:09,Synthetic demo record: assault reported in Kolar.,Manoj Sharma
DEMO-20260822-00196,Bagalkote,Bagalkote Demo Zone 3,Burglary,6,16.195012,75.653822,2026-07-20T03:26:09,Synthetic demo record: burglary reported in Bagalkote.,Kiran Gowda|Ganesh Gowda
DEMO-20260822-00197,Davanagere,Davanagere Demo Zone 3,Theft,5,14.492251,75.915855,2026-05-28T13:25:09,Synthetic demo record: theft reported in Davanagere.,Manoj Kumar
DEMO-20260822-00198,Bagalkote,Bagalkote Demo Zone 2,Fraud,4,16.197828,75.659394,2026-07-21T08:33:09,Synthetic demo record: fraud reported in Bagalkote.,Suresh Gowda|Ramesh Gowda|Rajesh Gowda
DEMO-20260822-00199,Ramanagara,Ramanagara Demo Zone 3,Dispute,4,12.709725,77.256373,2026-08-06T20:07:09,Synthetic demo record: dispute reported in Ramanagara.,Pradeep Kumar|Imran Kumar
DEMO-20260822-00200,Hassan,Hassan Demo Zone 4,Theft,3,12.99219,76.102933,2026-08-20T14:29:09,Synthetic demo record: theft reported in Hassan.,Rekha Reddy|Ashok Reddy
DEMO-20260822-00201,Bagalkote,Bagalkote Demo Zone 2,Theft,3,16.19772,75.658104,2026-06-01T17:56:09,Synthetic demo record: theft reported in Bagalkote.,Ashok Gowda|Kiran Gowda|Naveen Gowda
DEMO-20260822-00202,Uttara Kannada,Uttara Kannada Demo Zone 1,Vandalism,3,14.827909,74.116657,2026-08-19T04:53:09,Synthetic demo record: vandalism reported in Uttara Kannada.,Rajesh Shetty
DEMO-20260822-00203,Shivamogga,Shivamogga Demo Zone 1,Theft,5,13.939228,75.565439,2026-07-07T11:38:09,Synthetic demo record: theft reported in Shivamogga.,Santosh Gowda|Vijay Gowda
DEMO-20260822-00204,Davanagere,Davanagere Demo Zone 4,Robbery,7,14.496377,75.914185,2026-06-23T23:16:09,Synthetic demo record: robbery reported in Davanagere.,Manoj Kumar
DEMO-20260822-00205,Davanagere,Davanagere Demo Zone 3,Theft,3,14.481273,75.894666,2026-05-26T11:28:09,Synthetic demo record: theft reported in Davanagere.,Harish Kumar|Mohan Kumar
DEMO-20260822-00206,Udupi,Udupi Demo Zone 1,Burglary,5,13.329503,74.747998,2026-08-22T03:32:09,Synthetic demo record: burglary reported in Udupi.,Naveen Reddy
DEMO-20260822-00207,Vijayapura,Vijayapura Demo Zone 2,Assault,7,16.835579,75.714432,2026-06-27T22:37:09,Synthetic demo record: assault reported in Vijayapura.,Ravi Nair|Saleem Shetty
DEMO-20260822-00208,Kodagu,Kodagu Demo Zone 4,Chain Snatching,6,12.428482,75.754684,2026-07-05T01:49:09,Synthetic demo record: chain snatching reported in Kodagu.,Pradeep Nair|Ramesh Nair
DEMO-20260822-00209,Davanagere,Davanagere Demo Zone 3,Theft,5,14.497355,75.914412,2026-06-13T16:21:09,Synthetic demo record: theft reported in Davanagere.,Santosh Kumar|Vijay Kumar|Rajesh Kumar
DEMO-20260822-00210,Ramanagara,Ramanagara Demo Zone 1,Burglary,7,12.734805,77.272224,2026-06-13T03:56:09,Synthetic demo record: burglary reported in Ramanagara.,Pradeep Kumar
DEMO-20260822-00211,Mysuru,Mysuru Demo Zone 1,Dispute,3,12.27172,76.645313,2026-06-25T12:19:09,Synthetic demo record: dispute reported in Mysuru.,Naveen Patil|Kavitha Rao
DEMO-20260822-00212,Kolar,Kolar Demo Zone 1,Dispute,3,13.131074,78.101266,2026-08-14T05:50:09,Synthetic demo record: dispute reported in Kolar.,Pooja Nair|Meena Nair
DEMO-20260822-00213,Hassan,Hassan Demo Zone 3,Dispute,4,12.988465,76.09731,2026-08-07T18:30:09,Synthetic demo record: dispute reported in Hassan.,Saleem Reddy|Imran Reddy
DEMO-20260822-00214,Ramanagara,Ramanagara Demo Zone 2,Chain Snatching,8,12.731124,77.274692,2026-06-20T12:13:09,Synthetic demo record: chain snatching reported in Ramanagara.,Pradeep Kumar
DEMO-20260822-00215,Belagavi,Belagavi Demo Zone 1,Theft,5,15.822049,74.471109,2026-06-18T04:11:09,Synthetic demo record: theft reported in Belagavi.,Priya Reddy
DEMO-20260822-00216,Tumakuru,Tumakuru Demo Zone 1,Theft,4,13.311888,77.101581,2026-07-31T15:21:09,Synthetic demo record: theft reported in Tumakuru.,Mahesh Reddy|Rekha Gowda
DEMO-20260822-00217,Chikkamagaluru,Chikkamagaluru Demo Zone 4,Vandalism,2,13.291765,75.751577,2026-06-04T19:15:09,Synthetic demo record: vandalism reported in Chikkamagaluru.,Pradeep Rao
DEMO-20260822-00218,Yadgir,Yadgir Demo Zone 2,Theft,5,16.768414,77.129822,2026-06-07T04:46:09,Synthetic demo record: theft reported in Yadgir.,Suresh Sharma
DEMO-20260822-00219,Vijayapura,Vijayapura Demo Zone 1,Burglary,6,16.835163,75.714517,2026-08-08T18:47:09,Synthetic demo record: burglary reported in Vijayapura.,Nikhil Shetty
DEMO-20260822-00220,Vijayanagara,Vijayanagara Demo Zone 4,Dispute,4,15.349037,76.423455,2026-07-25T06:17:09,Synthetic demo record: dispute reported in Vijayanagara.,Kiran Nair|Priya Nair
DEMO-20260822-00221,Gadag,Gadag Demo Zone 1,Burglary,7,15.453368,75.657967,2026-06-04T20:16:09,Synthetic demo record: burglary reported in Gadag.,Suresh Reddy|Meena Gowda
DEMO-20260822-00222,Chikkamagaluru,Chikkamagaluru Demo Zone 1,Theft,4,13.338618,75.772442,2026-06-18T14:10:09,Synthetic demo record: theft reported in Chikkamagaluru.,Vijay Rao|Srinivas Rao
DEMO-20260822-00223,Dakshina Kannada,Dakshina Kannada Demo Zone 4,Assault,7,12.945795,74.893456,2026-07-27T14:09:09,Synthetic demo record: assault reported in Dakshina Kannada.,Ashok Patil|Ravi Kumar
DEMO-20260822-00224,Yadgir,Yadgir Demo Zone 1,Dispute,2,16.804658,77.152052,2026-06-26T11:01:09,Synthetic demo record: dispute reported in Yadgir.,Ravi Sharma|Mohan Sharma|Kavitha Nair
DEMO-20260822-00225,Koppal,Koppal Demo Zone 1,Theft,3,15.367746,76.166449,2026-07-10T09:01:09,Synthetic demo record: theft reported in Koppal.,Mahesh Rao|Pradeep Sharma|Irfan Sharma
DEMO-20260822-00226,Davanagere,Davanagere Demo Zone 3,Theft,5,14.47445,75.957793,2026-07-12T06:57:09,Synthetic demo record: theft reported in Davanagere.,Rajesh Kumar|Harish Kumar
DEMO-20260822-00227,Gadag,Gadag Demo Zone 4,Fraud,4,15.424807,75.615453,2026-06-12T04:07:09,Synthetic demo record: fraud reported in Gadag.,Nikhil Gowda
DEMO-20260822-00228,Udupi,Udupi Demo Zone 2,Chain Snatching,8,13.34917,74.750648,2026-07-17T23:06:09,Synthetic demo record: chain snatching reported in Udupi.,Srinivas Reddy|Pradeep Reddy
DEMO-20260822-00229,Dharwad,Dharwad Demo Zone 4,Chain Snatching,8,15.456648,74.97859,2026-06-04T08:54:09,Synthetic demo record: chain snatching reported in Dharwad.,Deepak Gowda
DEMO-20260822-00230,Ballari,Ballari Demo Zone 3,Theft,3,15.135905,76.915049,2026-06-21T19:46:09,Synthetic demo record: theft reported in Ballari.,Meena Gowda|Kavitha Gowda
DEMO-20260822-00231,Chikkaballapur,Chikkaballapur Demo Zone 3,Robbery,9,13.454475,77.736518,2026-06-10T04:30:09,Synthetic demo record: robbery reported in Chikkaballapur.,Pooja Sharma
DEMO-20260822-00232,Kodagu,Kodagu Demo Zone 1,Chain Snatching,8,12.430837,75.754705,2026-06-22T05:23:09,Synthetic demo record: chain snatching reported in Kodagu.,Farhan Nair|Harish Nair|Deepak Nair
DEMO-20260822-00233,Kodagu,Kodagu Demo Zone 3,Fraud,5,12.426744,75.752521,2026-06-13T17:15:09,Synthetic demo record: fraud reported in Kodagu.,Ashok Nair
DEMO-20260822-00234,Bengaluru Rural,Bengaluru Rural Demo Zone 1,Theft,5,13.265986,77.594938,2026-08-02T21:19:09,Synthetic demo record: theft reported in Bengaluru Rural.,Kiran Shetty
DEMO-20260822-00235,Gadag,Gadag Demo Zone 4,Theft,4,15.391793,75.649893,2026-08-18T18:52:09,Synthetic demo record: theft reported in Gadag.,Priya Gowda|Rohit Gowda|Meena Gowda
DEMO-20260822-00236,Davanagere,Davanagere Demo Zone 1,Theft,5,14.497225,75.91604,2026-07-17T10:29:09,Synthetic demo record: theft reported in Davanagere.,Manoj Kumar|Harish Kumar
DEMO-20260822-00237,Tumakuru,Tumakuru Demo Zone 2,Fraud,4,13.365067,77.122236,2026-08-04T12:17:09,Synthetic demo record: fraud reported in Tumakuru.,Priya Gowda
DEMO-20260822-00238,Bengaluru Urban,Bengaluru Urban Demo Zone 3,Burglary,5,12.957885,77.563306,2026-06-28T08:52:09,Synthetic demo record: burglary reported in Bengaluru Urban.,Imran Shetty
DEMO-20260822-00239,Bengaluru Rural,Bengaluru Rural Demo Zone 3,Burglary,6,13.286356,77.617303,2026-06-23T17:15:09,Synthetic demo record: burglary reported in Bengaluru Rural.,Mahesh Shetty|Naveen Shetty
DEMO-20260822-00240,Bengaluru Rural,Bengaluru Rural Demo Zone 3,Theft,5,13.266574,77.595105,2026-07-09T07:29:09,Synthetic demo record: theft reported in Bengaluru Rural.,Santosh Shetty|Kiran Shetty
DEMO-20260822-00241,Bidar,Bidar Demo Zone 4,Robbery,9,17.924062,77.545954,2026-07-30T05:36:09,Synthetic demo record: robbery reported in Bidar.,Pradeep Nair|Ramesh Nair
DEMO-20260822-00242,Dharwad,Dharwad Demo Zone 4,Burglary,6,15.471626,75.001081,2026-06-02T10:17:09,Synthetic demo record: burglary reported in Dharwad.,Santosh Gowda
DEMO-20260822-00243,Dakshina Kannada,Dakshina Kannada Demo Zone 3,Assault,6,12.920712,74.847136,2026-06-27T05:37:09,Synthetic demo record: assault reported in Dakshina Kannada.,Suresh Kumar|Kavitha Patil
DEMO-20260822-00244,Uttara Kannada,Uttara Kannada Demo Zone 3,Robbery,7,14.844783,74.156246,2026-06-04T22:19:09,Synthetic demo record: robbery reported in Uttara Kannada.,Kiran Shetty|Ashok Shetty
DEMO-20260822-00245,Chikkaballapur,Chikkaballapur Demo Zone 1,Vandalism,3,13.430578,77.769465,2026-08-06T00:06:09,Synthetic demo record: vandalism reported in Chikkaballapur.,Ravi Rao
DEMO-20260822-00246,Chikkamagaluru,Chikkamagaluru Demo Zone 4,Vandalism,3,13.29021,75.751295,2026-08-15T06:33:09,Synthetic demo record: vandalism reported in Chikkamagaluru.,Imran Rao
DEMO-20260822-00247,Tumakuru,Tumakuru Demo Zone 2,Assault,6,13.328302,77.108115,2026-07-14T12:14:09,Synthetic demo record: assault reported in Tumakuru.,Rajesh Reddy|Mahesh Reddy
DEMO-20260822-00248,Yadgir,Yadgir Demo Zone 2,Fraud,4,16.742903,77.123327,2026-06-24T07:55:09,Synthetic demo record: fraud reported in Yadgir.,Ramesh Sharma|Mohan Sharma
DEMO-20260822-00249,Gadag,Gadag Demo Zone 1,Assault,6,15.452996,75.659256,2026-07-14T18:58:09,Synthetic demo record: assault reported in Gadag.,Ganesh Reddy|Pooja Gowda|Imran Gowda
DEMO-20260822-00250,Kodagu,Kodagu Demo Zone 4,Assault,6,12.423564,75.721144,2026-07-13T13:14:09,Synthetic demo record: assault reported in Kodagu.,Pradeep Nair|Manoj Nair|Santosh Nair
DEMO-20260822-00251,Mysuru,Mysuru Demo Zone 1,Dispute,3,12.339093,76.647952,2026-07-16T02:28:09,Synthetic demo record: dispute reported in Mysuru.,Anil Patil
DEMO-20260822-00252,Kalaburagi,Kalaburagi Demo Zone 2,Burglary,6,17.316654,76.811288,2026-07-18T11:46:09,Synthetic demo record: burglary reported in Kalaburagi.,Pooja Shetty|Imran Shetty
DEMO-20260822-00253,Mysuru,Mysuru Demo Zone 3,Fraud,6,12.287803,76.648158,2026-08-17T20:32:09,Synthetic demo record: fraud reported in Mysuru.,Deepak Patil
DEMO-20260822-00254,Raichur,Raichur Demo Zone 3,Dispute,4,16.234017,77.315968,2026-08-09T00:27:09,Synthetic demo record: dispute reported in Raichur.,Meena Patil|Farhan Patil
DEMO-20260822-00255,Vijayapura,Vijayapura Demo Zone 4,Theft,5,16.832141,75.719286,2026-06-08T03:58:09,Synthetic demo record: theft reported in Vijayapura.,Suresh Nair
DEMO-20260822-00256,Udupi,Udupi Demo Zone 1,Theft,5,13.314685,74.76057,2026-06-06T11:33:09,Synthetic demo record: theft reported in Udupi.,Santosh Reddy|Imran Reddy
DEMO-20260822-00257,Bagalkote,Bagalkote Demo Zone 4,Fraud,5,16.203184,75.666828,2026-08-18T08:37:09,Synthetic demo record: fraud reported in Bagalkote.,Naveen Gowda|Vijay Gowda
DEMO-20260822-00258,Uttara Kannada,Uttara Kannada Demo Zone 4,Dispute,4,14.838016,74.153597,2026-07-02T11:39:09,Synthetic demo record: dispute reported in Uttara Kannada.,Ashok Shetty
DEMO-20260822-00259,Mysuru,Mysuru Demo Zone 2,Theft,5,12.299814,76.636192,2026-08-04T10:01:09,Synthetic demo record: theft reported in Mysuru.,Srinivas Patil|Rekha Rao
DEMO-20260822-00260,Bengaluru Rural,Bengaluru Rural Demo Zone 3,Chain Snatching,8,13.272839,77.596885,2026-05-30T04:19:09,Synthetic demo record: chain snatching reported in Bengaluru Rural.,Mahesh Shetty
DEMO-20260822-00261,Chitradurga,Chitradurga Demo Zone 3,Burglary,5,14.234404,76.404406,2026-07-06T17:35:09,Synthetic demo record: burglary reported in Chitradurga.,Ganesh Patil
DEMO-20260822-00262,Bengaluru Urban,Bengaluru Urban Demo Zone 4,Burglary,5,12.938361,77.622528,2026-07-20T03:20:09,Synthetic demo record: burglary reported in Bengaluru Urban.,Rekha Shetty|Meena Shetty
DEMO-20260822-00263,Kalaburagi,Kalaburagi Demo Zone 1,Assault,7,17.347315,76.856674,2026-08-07T17:10:09,Synthetic demo record: assault reported in Kalaburagi.,Rohit Shetty|Vijay Nair|Suresh Nair
DEMO-20260822-00264,Mysuru,Mysuru Demo Zone 3,Dispute,4,12.301472,76.634871,2026-07-23T04:38:09,Synthetic demo record: dispute reported in Mysuru.,Prakash Patil|Priya Rao
DEMO-20260822-00265,Belagavi,Belagavi Demo Zone 2,Burglary,5,15.817514,74.506711,2026-06-21T18:44:09,Synthetic demo record: burglary reported in Belagavi.,Kavitha Reddy
DEMO-20260822-00266,Kodagu,Kodagu Demo Zone 2,Theft,3,12.424775,75.722501,2026-08-09T09:09:09,Synthetic demo record: theft reported in Kodagu.,Mohan Nair
DEMO-20260822-00267,Vijayapura,Vijayapura Demo Zone 4,Assault,8,16.808677,75.70636,2026-06-25T13:45:09,Synthetic demo record: assault reported in Vijayapura.,Saleem Shetty|Vijay Nair
DEMO-20260822-00268,Chikkamagaluru,Chikkamagaluru Demo Zone 1,Chain Snatching,8,13.312744,75.756712,2026-08-20T14:31:09,Synthetic demo record: chain snatching reported in Chikkamagaluru.,Mohan Rao
DEMO-20260822-00269,Ballari,Ballari Demo Zone 3,Chain Snatching,8,15.135475,76.910317,2026-06-30T08:12:09,Synthetic demo record: chain snatching reported in Ballari.,Priya Gowda
DEMO-20260822-00270,Chamarajanagar,Chamarajanagar Demo Zone 1,Dispute,4,11.935806,76.928187,2026-06-25T12:50:09,Synthetic demo record: dispute reported in Chamarajanagar.,Meena Nair|Harish Sharma|Prakash Sharma
DEMO-20260822-00271,Chitradurga,Chitradurga Demo Zone 4,Theft,3,14.208292,76.413981,2026-07-21T05:07:09,Synthetic demo record: theft reported in Chitradurga.,Mahesh Patil
DEMO-20260822-00272,Dharwad,Dharwad Demo Zone 4,Theft,4,15.483189,74.988299,2026-06-24T14:31:09,Synthetic demo record: theft reported in Dharwad.,Harish Gowda|Rajesh Gowda|Ashok Gowda
DEMO-20260822-00273,Gadag,Gadag Demo Zone 3,Fraud,6,15.475886,75.669069,2026-06-27T17:48:09,Synthetic demo record: fraud reported in Gadag.,Deepak Reddy|Suresh Reddy
DEMO-20260822-00274,Raichur,Raichur Demo Zone 2,Dispute,3,16.231963,77.330905,2026-05-28T06:47:09,Synthetic demo record: dispute reported in Raichur.,Ravi Kumar|Meena Patil
DEMO-20260822-00275,Chikkaballapur,Chikkaballapur Demo Zone 4,Robbery,7,13.447814,77.738199,2026-07-15T05:37:09,Synthetic demo record: robbery reported in Chikkaballapur.,Meena Sharma
DEMO-20260822-00276,Koppal,Koppal Demo Zone 2,Burglary,7,15.371466,76.146195,2026-06-06T00:41:09,Synthetic demo record: burglary reported in Koppal.,Rohit Sharma
DEMO-20260822-00277,Bidar,Bidar Demo Zone 3,Dispute,3,17.930515,77.543266,2026-07-27T16:17:09,Synthetic demo record: dispute reported in Bidar.,Nikhil Nair|Saleem Nair
DEMO-20260822-00278,Chamarajanagar,Chamarajanagar Demo Zone 4,Theft,5,11.911235,76.985797,2026-08-02T11:52:09,Synthetic demo record: theft reported in Chamarajanagar.,Rajesh Sharma|Santosh Sharma
DEMO-20260822-00279,Shivamogga,Shivamogga Demo Zone 4,Fraud,6,13.943268,75.566066,2026-07-14T12:41:09,Synthetic demo record: fraud reported in Shivamogga.,Manoj Gowda
DEMO-20260822-00280,Chamarajanagar,Chamarajanagar Demo Zone 1,Dispute,2,11.936881,76.928634,2026-07-07T20:41:09,Synthetic demo record: dispute reported in Chamarajanagar.,Pooja Nair|Mahesh Sharma
DEMO-20260822-00281,Shivamogga,Shivamogga Demo Zone 1,Dispute,4,13.949646,75.594001,2026-06-11T08:45:09,Synthetic demo record: dispute reported in Shivamogga.,Pradeep Gowda|Santosh Gowda|Ravi Gowda
DEMO-20260822-00282,Vijayapura,Vijayapura Demo Zone 1,Theft,3,16.870941,75.665676,2026-07-11T19:28:09,Synthetic demo record: theft reported in Vijayapura.,Rajesh Nair|Rekha Shetty
DEMO-20260822-00283,Mandya,Mandya Demo Zone 1,Theft,5,12.536348,76.923634,2026-07-21T20:12:09,Synthetic demo record: theft reported in Mandya.,Mohan Rao|Kiran Rao|Harish Rao
DEMO-20260822-00284,Ramanagara,Ramanagara Demo Zone 2,Burglary,5,12.735492,77.277183,2026-05-26T12:06:09,Synthetic demo record: burglary reported in Ramanagara.,Naveen Kumar|Kiran Kumar|Santosh Kumar
DEMO-20260822-00285,Mandya,Mandya Demo Zone 2,Burglary,6,12.538523,76.915337,2026-08-07T04:19:09,Synthetic demo record: burglary reported in Mandya.,Pradeep Rao|Prakash Rao
DEMO-20260822-00286,Yadgir,Yadgir Demo Zone 3,Theft,5,16.745372,77.124582,2026-07-24T13:27:09,Synthetic demo record: theft reported in Yadgir.,Meena Nair|Mahesh Sharma
DEMO-20260822-00287,Bengaluru Urban,Bengaluru Urban Demo Zone 1,Assault,7,12.9636,77.590272,2026-07-24T11:17:09,Synthetic demo record: assault reported in Bengaluru Urban.,Meena Shetty|Priya Shetty
DEMO-20260822-00288,Vijayanagara,Vijayanagara Demo Zone 4,Burglary,7,15.35224,76.460894,2026-06-23T11:43:09,Synthetic demo record: burglary reported in Vijayanagara.,Imran Nair
DEMO-20260822-00289,Kalaburagi,Kalaburagi Demo Zone 1,Dispute,4,17.346419,76.856157,2026-05-31T00:45:09,Synthetic demo record: dispute reported in Kalaburagi.,Priya Shetty|Mahesh Nair|Saleem Shetty
DEMO-20260822-00290,Koppal,Koppal Demo Zone 2,Fraud,5,15.363902,76.142948,2026-06-15T14:09:09,Synthetic demo record: fraud reported in Koppal.,Imran Sharma
DEMO-20260822-00291,Shivamogga,Shivamogga Demo Zone 2,Dispute,3,13.900217,75.580248,2026-07-05T16:11:09,Synthetic demo record: dispute reported in Shivamogga.,Mohan Gowda
DEMO-20260822-00292,Mysuru,Mysuru Demo Zone 3,Assault,7,12.283466,76.61839,2026-07-12T16:44:09,Synthetic demo record: assault reported in Mysuru.,Manoj Patil|Srinivas Patil
DEMO-20260822-00293,Dharwad,Dharwad Demo Zone 2,Assault,6,15.427559,75.021132,2026-06-21T13:13:09,Synthetic demo record: assault reported in Dharwad.,Naveen Gowda
DEMO-20260822-00294,Chamarajanagar,Chamarajanagar Demo Zone 1,Assault,7,11.930912,76.929555,2026-08-09T16:41:09,Synthetic demo record: assault reported in Chamarajanagar.,Deepak Sharma|Mohan Sharma
DEMO-20260822-00295,Vijayanagara,Vijayanagara Demo Zone 2,Theft,3,15.364542,76.457354,2026-08-12T04:01:09,Synthetic demo record: theft reported in Vijayanagara.,Santosh Nair|Ashok Nair
DEMO-20260822-00296,Vijayapura,Vijayapura Demo Zone 2,Burglary,5,16.798552,75.679482,2026-06-04T06:08:09,Synthetic demo record: burglary reported in Vijayapura.,Kavitha Shetty
DEMO-20260822-00297,Udupi,Udupi Demo Zone 3,Dispute,3,13.340014,74.774014,2026-07-05T16:14:09,Synthetic demo record: dispute reported in Udupi.,Santosh Reddy|Prakash Reddy
DEMO-20260822-00298,Chikkaballapur,Chikkaballapur Demo Zone 1,Assault,7,13.449356,77.711716,2026-06-10T09:46:09,Synthetic demo record: assault reported in Chikkaballapur.,Anil Rao|Kiran Sharma
DEMO-20260822-00299,Bidar,Bidar Demo Zone 2,Burglary,7,17.920377,77.523448,2026-06-18T10:15:09,Synthetic demo record: burglary reported in Bidar.,Pradeep Nair
DEMO-20260822-00300,Haveri,Haveri Demo Zone 1,Theft,5,14.820715,75.388455,2026-08-13T14:20:09,Synthetic demo record: theft reported in Haveri.,Naveen Shetty|Suresh Shetty
DEMO-20260822-00301,Koppal,Koppal Demo Zone 2,Vandalism,2,15.362515,76.170145,2026-08-02T10:53:09,Synthetic demo record: vandalism reported in Koppal.,Mahesh Rao|Anil Rao
DEMO-20260822-00302,Bidar,Bidar Demo Zone 3,Theft,5,17.930025,77.545027,2026-06-13T11:06:09,Synthetic demo record: theft reported in Bidar.,Ashok Nair|Prakash Nair
DEMO-20260822-00303,Gadag,Gadag Demo Zone 4,Vandalism,3,15.447198,75.633835,2026-06-23T18:15:09,Synthetic demo record: vandalism reported in Gadag.,Saleem Gowda|Mahesh Reddy
DEMO-20260822-00304,Kolar,Kolar Demo Zone 3,Burglary,6,13.129059,78.100221,2026-07-11T10:32:09,Synthetic demo record: burglary reported in Kolar.,Mahesh Sharma|Vijay Sharma|Rajesh Sharma
DEMO-20260822-00305,Kodagu,Kodagu Demo Zone 3,Fraud,4,12.450742,75.755659,2026-08-07T09:26:09,Synthetic demo record: fraud reported in Kodagu.,Kiran Nair
DEMO-20260822-00306,Tumakuru,Tumakuru Demo Zone 3,Fraud,4,13.364732,77.123973,2026-07-22T16:00:09,Synthetic demo record: fraud reported in Tumakuru.,Kavitha Gowda|Imran Gowda
DEMO-20260822-00307,Gadag,Gadag Demo Zone 2,Assault,7,15.419742,75.618604,2026-05-24T16:52:09,Synthetic demo record: assault reported in Gadag.,Ravi Reddy
DEMO-20260822-00308,Kodagu,Kodagu Demo Zone 4,Assault,7,12.427025,75.751735,2026-07-30T08:48:09,Synthetic demo record: assault reported in Kodagu.,Prakash Nair|Priya Nair|Naveen Nair
DEMO-20260822-00309,Chitradurga,Chitradurga Demo Zone 3,Vandalism,1,14.234333,76.402961,2026-07-30T20:39:09,Synthetic demo record: vandalism reported in Chitradurga.,Meena Rao|Naveen Patil|Pooja Rao
DEMO-20260822-00310,Gadag,Gadag Demo Zone 3,Assault,8,15.417264,75.61774,2026-08-20T10:25:09,Synthetic demo record: assault reported in Gadag.,Nikhil Gowda
DEMO-20260822-00311,Raichur,Raichur Demo Zone 4,Theft,4,16.191332,77.390537,2026-05-30T22:42:09,Synthetic demo record: theft reported in Raichur.,Ashok Patil
DEMO-20260822-00312,Dharwad,Dharwad Demo Zone 1,Chain Snatching,8,15.473168,74.998708,2026-08-17T19:41:09,Synthetic demo record: chain snatching reported in Dharwad.,Pradeep Gowda|Mahesh Gowda
DEMO-20260822-00313,Bidar,Bidar Demo Zone 2,Assault,6,17.888281,77.493411,2026-08-12T00:14:09,Synthetic demo record: assault reported in Bidar.,Farhan Nair
DEMO-20260822-00314,Mandya,Mandya Demo Zone 3,Burglary,5,12.533758,76.92559,2026-05-25T15:59:09,Synthetic demo record: burglary reported in Mandya.,Saleem Rao
DEMO-20260822-00315,Koppal,Koppal Demo Zone 1,Assault,8,15.370519,76.165919,2026-07-04T02:10:09,Synthetic demo record: assault reported in Koppal.,Rekha Sharma|Kiran Sharma|Arjun Sharma
DEMO-20260822-00316,Belagavi,Belagavi Demo Zone 4,Dispute,4,15.842949,74.511337,2026-07-27T22:39:09,Synthetic demo record: dispute reported in Belagavi.,Naveen Reddy|Rekha Reddy
DEMO-20260822-00317,Chamarajanagar,Chamarajanagar Demo Zone 2,Fraud,4,11.939481,76.926955,2026-06-10T17:01:09,Synthetic demo record: fraud reported in Chamarajanagar.,Srinivas Sharma
DEMO-20260822-00318,Ramanagara,Ramanagara Demo Zone 4,Fraud,5,12.752119,77.283848,2026-08-11T03:51:09,Synthetic demo record: fraud reported in Ramanagara.,Mohan Kumar
DEMO-20260822-00319,Tumakuru,Tumakuru Demo Zone 2,Fraud,6,13.330386,77.109432,2026-07-18T08:24:09,Synthetic demo record: fraud reported in Tumakuru.,Rekha Gowda
DEMO-20260822-00320,Dakshina Kannada,Dakshina Kannada Demo Zone 3,Theft,3,12.894534,74.83774,2026-06-16T06:50:09,Synthetic demo record: theft reported in Dakshina Kannada.,Harish Patil|Kiran Patil
DEMO-20260822-00321,Uttara Kannada,Uttara Kannada Demo Zone 2,Theft,4,14.851054,74.152372,2026-07-23T08:26:09,Synthetic demo record: theft reported in Uttara Kannada.,Vijay Shetty|Pooja Reddy|Ganesh Shetty
DEMO-20260822-00322,Mysuru,Mysuru Demo Zone 1,Assault,8,12.283017,76.614128,2026-08-14T22:54:09,Synthetic demo record: assault reported in Mysuru.,Meena Rao|Priya Rao
DEMO-20260822-00323,Bidar,Bidar Demo Zone 3,Theft,4,17.882233,77.54524,2026-06-25T05:18:09,Synthetic demo record: theft reported in Bidar.,Nikhil Nair|Santosh Nair
DEMO-20260822-00324,Udupi,Udupi Demo Zone 4,Assault,7,13.337462,74.720075,2026-08-18T05:37:09,Synthetic demo record: assault reported in Udupi.,Nikhil Reddy|Pradeep Reddy
DEMO-20260822-00325,Chamarajanagar,Chamarajanagar Demo Zone 1,Vandalism,3,11.903277,76.949147,2026-05-26T10:26:09,Synthetic demo record: vandalism reported in Chamarajanagar.,Rajesh Sharma
DEMO-20260822-00326,Vijayanagara,Vijayanagara Demo Zone 1,Chain Snatching,7,15.356894,76.458078,2026-08-07T17:52:09,Synthetic demo record: chain snatching reported in Vijayanagara.,Irfan Nair|Arjun Nair|Manoj Nair
DEMO-20260822-00327,Hassan,Hassan Demo Zone 4,Theft,5,12.996542,76.106517,2026-06-15T14:02:09,Synthetic demo record: theft reported in Hassan.,Kiran Reddy|Nikhil Reddy
DEMO-20260822-00328,Kodagu,Kodagu Demo Zone 3,Vandalism,3,12.400741,75.746732,2026-08-02T05:48:09,Synthetic demo record: vandalism reported in Kodagu.,Santosh Nair|Manoj Nair|Harish Nair
DEMO-20260822-00329,Dharwad,Dharwad Demo Zone 1,Chain Snatching,8,15.473834,74.995664,2026-06-21T09:21:09,Synthetic demo record: chain snatching reported in Dharwad.,Srinivas Gowda|Suresh Gowda
DEMO-20260822-00330,Bagalkote,Bagalkote Demo Zone 1,Burglary,6,16.198788,75.655481,2026-08-07T11:04:09,Synthetic demo record: burglary reported in Bagalkote.,Kiran Gowda
DEMO-20260822-00331,Mysuru,Mysuru Demo Zone 1,Theft,3,12.273044,76.642944,2026-08-14T11:06:09,Synthetic demo record: theft reported in Mysuru.,Rajesh Patil|Irfan Rao
DEMO-20260822-00332,Kolar,Kolar Demo Zone 2,Dispute,4,13.132035,78.099509,2026-07-12T01:41:09,Synthetic demo record: dispute reported in Kolar.,Anil Sharma|Ravi Sharma
DEMO-20260822-00333,Ramanagara,Ramanagara Demo Zone 1,Assault,6,12.747387,77.285577,2026-06-29T19:01:09,Synthetic demo record: assault reported in Ramanagara.,Vijay Kumar|Imran Kumar|Nikhil Kumar
DEMO-20260822-00334,Dharwad,Dharwad Demo Zone 3,Burglary,7,15.480425,74.987668,2026-08-05T02:22:09,Synthetic demo record: burglary reported in Dharwad.,Manoj Gowda|Deepak Gowda
DEMO-20260822-00335,Belagavi,Belagavi Demo Zone 3,Dispute,4,15.822017,74.467287,2026-08-13T23:44:09,Synthetic demo record: dispute reported in Belagavi.,Nikhil Reddy
DEMO-20260822-00336,Vijayanagara,Vijayanagara Demo Zone 2,Robbery,7,15.356275,76.457575,2026-08-15T16:45:09,Synthetic demo record: robbery reported in Vijayanagara.,Pradeep Nair|Naveen Nair
DEMO-20260822-00337,Raichur,Raichur Demo Zone 4,Burglary,5,16.234204,77.339539,2026-07-03T07:15:09,Synthetic demo record: burglary reported in Raichur.,Mahesh Kumar|Saleem Patil|Ashok Patil
DEMO-20260822-00338,Yadgir,Yadgir Demo Zone 3,Burglary,7,16.742388,77.123654,2026-08-22T13:16:09,Synthetic demo record: burglary reported in Yadgir.,Ganesh Sharma|Kavitha Nair|Srinivas Sharma
DEMO-20260822-00339,Hassan,Hassan Demo Zone 2,Assault,7,13.006462,76.12019,2026-08-18T02:34:09,Synthetic demo record: assault reported in Hassan.,Naveen Reddy|Ashok Reddy
DEMO-20260822-00340,Uttara Kannada,Uttara Kannada Demo Zone 2,Fraud,4,14.838787,74.150309,2026-08-05T07:36:09,Synthetic demo record: fraud reported in Uttara Kannada.,Prakash Shetty|Deepak Shetty
DEMO-20260822-00341,Dakshina Kannada,Dakshina Kannada Demo Zone 2,Theft,5,12.91993,74.846233,2026-07-14T15:25:09,Synthetic demo record: theft reported in Dakshina Kannada.,Saleem Patil
DEMO-20260822-00342,Raichur,Raichur Demo Zone 4,Fraud,6,16.195772,77.37419,2026-06-08T16:27:09,Synthetic demo record: fraud reported in Raichur.,Mohan Patil
DEMO-20260822-00343,Koppal,Koppal Demo Zone 2,Dispute,4,15.37223,76.139921,2026-06-14T02:27:09,Synthetic demo record: dispute reported in Koppal.,Priya Sharma|Farhan Sharma|Saleem Sharma
DEMO-20260822-00344,Bagalkote,Bagalkote Demo Zone 1,Dispute,2,16.194525,75.65267,2026-06-19T20:19:09,Synthetic demo record: dispute reported in Bagalkote.,Naveen Gowda|Ravi Gowda|Manoj Gowda
DEMO-20260822-00345,Bengaluru Rural,Bengaluru Rural Demo Zone 3,Theft,5,13.263848,77.589571,2026-07-10T14:27:09,Synthetic demo record: theft reported in Bengaluru Rural.,Suresh Shetty|Pooja Reddy|Kiran Shetty
DEMO-20260822-00346,Dharwad,Dharwad Demo Zone 1,Dispute,4,15.46405,75.028458,2026-07-12T07:49:09,Synthetic demo record: dispute reported in Dharwad.,Harish Gowda
DEMO-20260822-00347,Gadag,Gadag Demo Zone 3,Dispute,4,15.459219,75.656116,2026-07-08T05:17:09,Synthetic demo record: dispute reported in Gadag.,Meena Gowda|Mahesh Reddy
DEMO-20260822-00348,Mandya,Mandya Demo Zone 1,Chain Snatching,6,12.526681,76.918021,2026-06-08T13:27:09,Synthetic demo record: chain snatching reported in Mandya.,Kiran Rao|Vijay Rao
DEMO-20260822-00349,Ballari,Ballari Demo Zone 3,Theft,4,15.137695,76.907684,2026-05-24T17:37:09,Synthetic demo record: theft reported in Ballari.,Priya Gowda|Manoj Reddy
DEMO-20260822-00350,Gadag,Gadag Demo Zone 4,Vandalism,1,15.416892,75.618325,2026-08-21T19:38:09,Synthetic demo record: vandalism reported in Gadag.,Anil Reddy|Imran Gowda|Farhan Gowda
DEMO-20260822-00351,Udupi,Udupi Demo Zone 2,Dispute,2,13.339759,74.771766,2026-08-11T10:06:09,Synthetic demo record: dispute reported in Udupi.,Pradeep Reddy|Irfan Reddy|Rekha Reddy
DEMO-20260822-00352,Chamarajanagar,Chamarajanagar Demo Zone 3,Dispute,4,11.945197,76.976662,2026-07-26T12:33:09,Synthetic demo record: dispute reported in Chamarajanagar.,Pooja Nair|Vijay Sharma|Rajesh Sharma
DEMO-20260822-00353,Vijayanagara,Vijayanagara Demo Zone 4,Robbery,9,15.292846,76.445016,2026-05-30T11:05:09,Synthetic demo record: robbery reported in Vijayanagara.,Saleem Nair|Naveen Nair
DEMO-20260822-00354,Haveri,Haveri Demo Zone 4,Vandalism,2,14.789586,75.415483,2026-06-14T21:21:09,Synthetic demo record: vandalism reported in Haveri.,Santosh Shetty
DEMO-20260822-00355,Uttara Kannada,Uttara Kannada Demo Zone 1,Vandalism,1,14.802464,74.167291,2026-07-30T09:26:09,Synthetic demo record: vandalism reported in Uttara Kannada.,Srinivas Shetty|Meena Reddy|Naveen Shetty
DEMO-20260822-00356,Udupi,Udupi Demo Zone 3,Burglary,7,13.310116,74.723676,2026-06-18T22:40:09,Synthetic demo record: burglary reported in Udupi.,Imran Reddy|Ramesh Reddy|Prakash Reddy
DEMO-20260822-00357,Hassan,Hassan Demo Zone 2,Theft,3,13.007116,76.118895,2026-07-15T15:56:09,Synthetic demo record: theft reported in Hassan.,Kavitha Reddy|Prakash Reddy
DEMO-20260822-00358,Bengaluru Urban,Bengaluru Urban Demo Zone 3,Theft,3,12.978457,77.622644,2026-07-27T06:16:09,Synthetic demo record: theft reported in Bengaluru Urban.,Vijay Nair|Irfan Shetty|Anil Nair
DEMO-20260822-00359,Chitradurga,Chitradurga Demo Zone 3,Theft,3,14.203528,76.415141,2026-08-21T19:53:09,Synthetic demo record: theft reported in Chitradurga.,Ravi Patil|Mahesh Patil|Meena Rao
DEMO-20260822-00360,Bidar,Bidar Demo Zone 3,Theft,5,17.924808,77.53963,2026-07-17T10:47:09,Synthetic demo record: theft reported in Bidar.,Mohan Nair|Pradeep Nair
DEMO-20260822-00361,Dharwad,Dharwad Demo Zone 3,Theft,5,15.47185,75.022131,2026-07-13T08:00:09,Synthetic demo record: theft reported in Dharwad.,Manoj Gowda|Pradeep Gowda
DEMO-20260822-00362,Tumakuru,Tumakuru Demo Zone 1,Theft,5,13.363743,77.125469,2026-06-28T10:58:09,Synthetic demo record: theft reported in Tumakuru.,Deepak Reddy|Manoj Reddy
DEMO-20260822-00363,Mandya,Mandya Demo Zone 1,Dispute,2,12.534053,76.921232,2026-08-15T22:22:09,Synthetic demo record: dispute reported in Mandya.,Harish Rao
DEMO-20260822-00364,Kolar,Kolar Demo Zone 2,Theft,3,13.177135,78.11701,2026-05-29T06:02:09,Synthetic demo record: theft reported in Kolar.,Harish Sharma|Srinivas Sharma
DEMO-20260822-00365,Bidar,Bidar Demo Zone 3,Dispute,4,17.92063,77.555762,2026-06-12T06:21:09,Synthetic demo record: dispute reported in Bidar.,Kiran Nair|Saleem Nair
DEMO-20260822-00366,Mandya,Mandya Demo Zone 4,Fraud,4,12.542242,76.92641,2026-07-14T07:44:09,Synthetic demo record: fraud reported in Mandya.,Srinivas Rao
DEMO-20260822-00367,Raichur,Raichur Demo Zone 1,Theft,5,16.233447,77.332824,2026-06-23T00:32:09,Synthetic demo record: theft reported in Raichur.,Arjun Patil|Harish Patil|Meena Patil
DEMO-20260822-00368,Vijayanagara,Vijayanagara Demo Zone 1,Chain Snatching,7,15.316889,76.441035,2026-06-21T13:54:09,Synthetic demo record: chain snatching reported in Vijayanagara.,Kiran Nair|Arjun Nair|Priya Nair
DEMO-20260822-00369,Chikkamagaluru,Chikkamagaluru Demo Zone 3,Assault,7,13.343829,75.775255,2026-06-17T00:24:09,Synthetic demo record: assault reported in Chikkamagaluru.,Deepak Rao
DEMO-20260822-00370,Dakshina Kannada,Dakshina Kannada Demo Zone 1,Theft,3,12.870815,74.816063,2026-06-15T11:17:09,Synthetic demo record: theft reported in Dakshina Kannada.,Meena Patil|Rohit Patil
DEMO-20260822-00371,Dakshina Kannada,Dakshina Kannada Demo Zone 4,Burglary,7,12.884328,74.835748,2026-08-03T03:27:09,Synthetic demo record: burglary reported in Dakshina Kannada.,Priya Patil
DEMO-20260822-00372,Hassan,Hassan Demo Zone 3,Fraud,4,12.98698,76.099858,2026-06-06T10:05:09,Synthetic demo record: fraud reported in Hassan.,Kiran Reddy
DEMO-20260822-00373,Yadgir,Yadgir Demo Zone 4,Chain Snatching,6,16.768419,77.129987,2026-06-06T20:44:09,Synthetic demo record: chain snatching reported in Yadgir.,Prakash Sharma|Ramesh Sharma
DEMO-20260822-00374,Kolar,Kolar Demo Zone 2,Dispute,4,13.122066,78.106444,2026-06-12T07:35:09,Synthetic demo record: dispute reported in Kolar.,Vijay Sharma|Deepak Sharma
DEMO-20260822-00375,Dharwad,Dharwad Demo Zone 2,Burglary,6,15.472491,75.002233,2026-07-12T02:16:09,Synthetic demo record: burglary reported in Dharwad.,Anil Gowda|Mahesh Gowda
DEMO-20260822-00376,Vijayanagara,Vijayanagara Demo Zone 1,Vandalism,1,15.316798,76.442263,2026-08-04T18:31:09,Synthetic demo record: vandalism reported in Vijayanagara.,Manoj Nair|Rohit Nair
DEMO-20260822-00377,Kalaburagi,Kalaburagi Demo Zone 1,Fraud,4,17.301718,76.8651,2026-06-03T07:59:09,Synthetic demo record: fraud reported in Kalaburagi.,Pooja Shetty|Ravi Nair
DEMO-20260822-00378,Koppal,Koppal Demo Zone 4,Burglary,6,15.373644,76.140024,2026-07-28T12:08:09,Synthetic demo record: burglary reported in Koppal.,Farhan Sharma|Pooja Sharma
DEMO-20260822-00379,Bengaluru Urban,Bengaluru Urban Demo Zone 1,Theft,4,12.975189,77.582129,2026-08-18T16:46:09,Synthetic demo record: theft reported in Bengaluru Urban.,Ravi Nair|Irfan Shetty
DEMO-20260822-00380,Bagalkote,Bagalkote Demo Zone 4,Vandalism,2,16.194097,75.658575,2026-08-18T14:52:09,Synthetic demo record: vandalism reported in Bagalkote.,Naveen Gowda|Arjun Gowda
DEMO-20260822-00381,Bengaluru Urban,Bengaluru Urban Demo Zone 1,Dispute,4,12.959515,77.569455,2026-06-30T07:07:09,Synthetic demo record: dispute reported in Bengaluru Urban.,Rajesh Nair|Kavitha Shetty
DEMO-20260822-00382,Tumakuru,Tumakuru Demo Zone 1,Assault,8,13.305702,77.103254,2026-08-04T07:52:09,Synthetic demo record: assault reported in Tumakuru.,Rajesh Reddy
DEMO-20260822-00383,Udupi,Udupi Demo Zone 4,Dispute,4,13.339337,74.718081,2026-06-27T05:40:09,Synthetic demo record: dispute reported in Udupi.,Harish Reddy|Arjun Reddy|Irfan Reddy
DEMO-20260822-00384,Vijayapura,Vijayapura Demo Zone 2,Assault,7,16.81364,75.710399,2026-08-09T18:34:09,Synthetic demo record: assault reported in Vijayapura.,Farhan Shetty|Ravi Nair
DEMO-20260822-00385,Tumakuru,Tumakuru Demo Zone 3,Dispute,4,13.306923,77.099238,2026-08-16T03:14:09,Synthetic demo record: dispute reported in Tumakuru.,Pooja Gowda
DEMO-20260822-00386,Mysuru,Mysuru Demo Zone 3,Fraud,4,12.338883,76.634374,2026-06-02T14:35:09,Synthetic demo record: fraud reported in Mysuru.,Ramesh Patil|Ravi Patil
DEMO-20260822-00387,Gadag,Gadag Demo Zone 3,Dispute,4,15.422513,75.62222,2026-08-10T17:23:09,Synthetic demo record: dispute reported in Gadag.,Imran Gowda
DEMO-20260822-00388,Udupi,Udupi Demo Zone 3,Vandalism,2,13.348603,74.752648,2026-06-25T11:30:09,Synthetic demo record: vandalism reported in Udupi.,Mohan Reddy|Priya Reddy
DEMO-20260822-00389,Ramanagara,Ramanagara Demo Zone 1,Vandalism,2,12.732486,77.270612,2026-06-11T02:10:09,Synthetic demo record: vandalism reported in Ramanagara.,Santosh Kumar
DEMO-20260822-00390,Tumakuru,Tumakuru Demo Zone 1,Dispute,4,13.308607,77.102721,2026-08-20T16:33:09,Synthetic demo record: dispute reported in Tumakuru.,Ganesh Reddy|Suresh Reddy
DEMO-20260822-00391,Chikkaballapur,Chikkaballapur Demo Zone 3,Burglary,5,13.454427,77.734436,2026-08-15T01:17:09,Synthetic demo record: burglary reported in Chikkaballapur.,Irfan Sharma|Suresh Rao|Ashok Sharma
DEMO-20260822-00392,Dakshina Kannada,Dakshina Kannada Demo Zone 2,Robbery,8,12.923181,74.847166,2026-08-22T02:01:09,Synthetic demo record: robbery reported in Dakshina Kannada.,Irfan Patil|Mahesh Kumar
DEMO-20260822-00393,Chamarajanagar,Chamarajanagar Demo Zone 1,Theft,3,11.947503,76.94841,2026-08-06T08:14:09,Synthetic demo record: theft reported in Chamarajanagar.,Ramesh Sharma|Rajesh Sharma|Prakash Sharma
DEMO-20260822-00394,Chikkamagaluru,Chikkamagaluru Demo Zone 2,Theft,4,13.328822,75.778621,2026-06-02T00:41:09,Synthetic demo record: theft reported in Chikkamagaluru.,Santosh Rao|Arjun Rao
DEMO-20260822-00395,Kodagu,Kodagu Demo Zone 4,Burglary,7,12.428049,75.756369,2026-06-07T05:26:09,Synthetic demo record: burglary reported in Kodagu.,Manoj Nair|Farhan Nair
DEMO-20260822-00396,Mysuru,Mysuru Demo Zone 3,Fraud,4,12.282637,76.616242,2026-06-30T00:48:09,Synthetic demo record: fraud reported in Mysuru.,Meena Rao|Naveen Patil|Rekha Rao
DEMO-20260822-00397,Bengaluru Rural,Bengaluru Rural Demo Zone 2,Burglary,5,13.260542,77.597367,2026-05-28T16:26:09,Synthetic demo record: burglary reported in Bengaluru Rural.,Mohan Shetty|Anil Shetty
DEMO-20260822-00398,Haveri,Haveri Demo Zone 3,Vandalism,1,14.808685,75.379248,2026-06-12T10:12:09,Synthetic demo record: vandalism reported in Haveri.,Mohan Shetty|Naveen Shetty
DEMO-20260822-00399,Dakshina Kannada,Dakshina Kannada Demo Zone 1,Burglary,5,12.895046,74.833017,2026-07-27T16:56:09,Synthetic demo record: burglary reported in Dakshina Kannada.,Priya Patil|Saleem Patil|Kiran Patil
DEMO-20260822-00400,Kalaburagi,Kalaburagi Demo Zone 2,Dispute,2,17.371445,76.841942,2026-08-18T03:34:09,Synthetic demo record: dispute reported in Kalaburagi.,Anil Nair|Kavitha Shetty
DEMO-20260822-00401,Vijayanagara,Vijayanagara Demo Zone 2,Fraud,5,15.365091,76.461097,2026-08-06T19:45:09,Synthetic demo record: fraud reported in Vijayanagara.,Mohan Nair
DEMO-20260822-00402,Udupi,Udupi Demo Zone 2,Fraud,5,13.362154,74.730163,2026-08-04T12:57:09,Synthetic demo record: fraud reported in Udupi.,Irfan Reddy
DEMO-20260822-00403,Vijayanagara,Vijayanagara Demo Zone 4,Assault,7,15.316538,76.456447,2026-06-06T15:14:09,Synthetic demo record: assault reported in Vijayanagara.,Mohan Nair|Santosh Nair|Arjun Nair
DEMO-20260822-00404,Chikkamagaluru,Chikkamagaluru Demo Zone 2,Theft,3,13.293208,75.748013,2026-07-31T03:46:09,Synthetic demo record: theft reported in Chikkamagaluru.,Nikhil Rao
DEMO-20260822-00405,Belagavi,Belagavi Demo Zone 1,Fraud,4,15.876426,74.518475,2026-07-14T06:34:09,Synthetic demo record: fraud reported in Belagavi.,Naveen Reddy
DEMO-20260822-00406,Bagalkote,Bagalkote Demo Zone 3,Burglary,6,16.19557,75.650467,2026-07-15T11:39:09,Synthetic demo record: burglary reported in Bagalkote.,Harish Gowda
DEMO-20260822-00407,Chikkamagaluru,Chikkamagaluru Demo Zone 3,Theft,3,13.298444,75.765736,2026-05-30T14:09:09,Synthetic demo record: theft reported in Chikkamagaluru.,Vijay Rao|Deepak Rao
DEMO-20260822-00408,Shivamogga,Shivamogga Demo Zone 4,Robbery,7,13.951431,75.598304,2026-07-18T09:53:09,Synthetic demo record: robbery reported in Shivamogga.,Naveen Gowda|Pradeep Gowda
DEMO-20260822-00409,Vijayapura,Vijayapura Demo Zone 1,Chain Snatching,6,16.835696,75.711147,2026-07-09T00:23:09,Synthetic demo record: chain snatching reported in Vijayapura.,Anil Nair
DEMO-20260822-00410,Chamarajanagar,Chamarajanagar Demo Zone 2,Assault,6,11.937348,76.937784,2026-08-21T20:59:09,Synthetic demo record: assault reported in Chamarajanagar.,Anil Sharma
DEMO-20260822-00411,Shivamogga,Shivamogga Demo Zone 1,Burglary,7,13.941934,75.560369,2026-05-28T19:50:09,Synthetic demo record: burglary reported in Shivamogga.,Suresh Gowda|Naveen Gowda
DEMO-20260822-00412,Bengaluru Rural,Bengaluru Rural Demo Zone 1,Dispute,4,13.266819,77.597013,2026-06-20T12:36:09,Synthetic demo record: dispute reported in Bengaluru Rural.,Deepak Shetty
DEMO-20260822-00413,Chikkamagaluru,Chikkamagaluru Demo Zone 4,Theft,3,13.343818,75.775223,2026-07-16T05:36:09,Synthetic demo record: theft reported in Chikkamagaluru.,Arjun Rao
DEMO-20260822-00414,Raichur,Raichur Demo Zone 2,Burglary,6,16.24173,77.323908,2026-07-05T18:58:09,Synthetic demo record: burglary reported in Raichur.,Meena Patil|Pooja Patil
DEMO-20260822-00415,Chamarajanagar,Chamarajanagar Demo Zone 4,Burglary,6,11.933134,76.928231,2026-06-13T02:27:09,Synthetic demo record: burglary reported in Chamarajanagar.,Ganesh Sharma|Anil Sharma
DEMO-20260822-00416,Chikkaballapur,Chikkaballapur Demo Zone 4,Robbery,9,13.421186,77.720885,2026-07-21T14:57:09,Synthetic demo record: robbery reported in Chikkaballapur.,Ganesh Rao|Imran Sharma
DEMO-20260822-00417,Yadgir,Yadgir Demo Zone 4,Theft,5,16.778658,77.147321,2026-08-22T14:48:09,Synthetic demo record: theft reported in Yadgir.,Rajesh Sharma|Vijay Sharma|Ravi Sharma
DEMO-20260822-00418,Dharwad,Dharwad Demo Zone 4,Dispute,3,15.476464,75.00242,2026-08-21T01:06:09,Synthetic demo record: dispute reported in Dharwad.,Srinivas Gowda|Pradeep Gowda
DEMO-20260822-00419,Vijayapura,Vijayapura Demo Zone 2,Assault,6,16.810376,75.709151,2026-06-08T00:49:09,Synthetic demo record: assault reported in Vijayapura.,Irfan Shetty|Rajesh Nair|Farhan Shetty
DEMO-20260822-00420,Raichur,Raichur Demo Zone 4,Chain Snatching,8,16.234502,77.327914,2026-05-28T06:02:09,Synthetic demo record: chain snatching reported in Raichur.,Harish Patil|Irfan Patil|Suresh Kumar
DEMO-20260822-00421,Mandya,Mandya Demo Zone 2,Assault,7,12.519297,76.910341,2026-07-31T11:37:09,Synthetic demo record: assault reported in Mandya.,Prakash Rao|Santosh Rao|Saleem Rao
DEMO-20260822-00422,Vijayanagara,Vijayanagara Demo Zone 4,Burglary,6,15.358402,76.453098,2026-08-08T21:35:09,Synthetic demo record: burglary reported in Vijayanagara.,Prakash Nair|Srinivas Nair|Manoj Nair
DEMO-20260822-00423,Dakshina Kannada,Dakshina Kannada Demo Zone 4,Fraud,5,12.895499,74.831886,2026-08-13T19:32:09,Synthetic demo record: fraud reported in Dakshina Kannada.,Irfan Patil|Rekha Patil
DEMO-20260822-00424,Yadgir,Yadgir Demo Zone 4,Dispute,3,16.766746,77.130975,2026-05-29T08:22:09,Synthetic demo record: dispute reported in Yadgir.,Santosh Sharma|Srinivas Sharma
DEMO-20260822-00425,Ramanagara,Ramanagara Demo Zone 1,Assault,7,12.731233,77.273882,2026-06-11T10:58:09,Synthetic demo record: assault reported in Ramanagara.,Vijay Kumar|Deepak Kumar
DEMO-20260822-00426,Koppal,Koppal Demo Zone 2,Fraud,5,15.350561,76.163187,2026-07-18T13:35:09,Synthetic demo record: fraud reported in Koppal.,Nikhil Sharma
DEMO-20260822-00427,Vijayanagara,Vijayanagara Demo Zone 4,Fraud,6,15.363816,76.45221,2026-07-29T08:47:09,Synthetic demo record: fraud reported in Vijayanagara.,Harish Nair|Irfan Nair
DEMO-20260822-00428,Gadag,Gadag Demo Zone 3,Vandalism,3,15.456836,75.661288,2026-07-18T16:12:09,Synthetic demo record: vandalism reported in Gadag.,Meena Gowda
DEMO-20260822-00429,Haveri,Haveri Demo Zone 2,Dispute,3,14.811014,75.379492,2026-06-04T05:42:09,Synthetic demo record: dispute reported in Haveri.,Ganesh Shetty|Ashok Shetty
DEMO-20260822-00430,Bidar,Bidar Demo Zone 3,Theft,3,17.94674,77.518143,2026-06-26T15:25:09,Synthetic demo record: theft reported in Bidar.,Saleem Nair|Santosh Nair
DEMO-20260822-00431,Bengaluru Urban,Bengaluru Urban Demo Zone 3,Robbery,8,12.959391,77.562832,2026-07-28T04:16:09,Synthetic demo record: robbery reported in Bengaluru Urban.,Pooja Shetty|Vijay Nair
DEMO-20260822-00432,Bagalkote,Bagalkote Demo Zone 3,Fraud,6,16.197561,75.654858,2026-05-27T16:52:09,Synthetic demo record: fraud reported in Bagalkote.,Vijay Gowda
DEMO-20260822-00433,Chikkamagaluru,Chikkamagaluru Demo Zone 1,Assault,7,13.336223,75.740083,2026-06-07T23:41:09,Synthetic demo record: assault reported in Chikkamagaluru.,Farhan Rao|Pradeep Rao
DEMO-20260822-00434,Kodagu,Kodagu Demo Zone 2,Assault,7,12.426275,75.720275,2026-07-18T01:11:09,Synthetic demo record: assault reported in Kodagu.,Saleem Nair
DEMO-20260822-00435,Bengaluru Urban,Bengaluru Urban Demo Zone 1,Robbery,7,12.964563,77.5906,2026-05-30T18:17:09,Synthetic demo record: robbery reported in Bengaluru Urban.,Mahesh Nair
DEMO-20260822-00436,Chamarajanagar,Chamarajanagar Demo Zone 3,Dispute,3,11.927689,76.942947,2026-06-09T09:55:09,Synthetic demo record: dispute reported in Chamarajanagar.,Santosh Sharma|Naveen Sharma
DEMO-20260822-00437,Haveri,Haveri Demo Zone 1,Assault,8,14.754904,75.366784,2026-05-26T05:40:09,Synthetic demo record: assault reported in Haveri.,Ganesh Shetty|Santosh Shetty
DEMO-20260822-00438,Ramanagara,Ramanagara Demo Zone 2,Fraud,6,12.733122,77.2555,2026-06-12T21:40:09,Synthetic demo record: fraud reported in Ramanagara.,Ramesh Kumar|Mohan Kumar|Ganesh Kumar
DEMO-20260822-00439,Raichur,Raichur Demo Zone 3,Burglary,7,16.21291,77.334612,2026-08-14T03:30:09,Synthetic demo record: burglary reported in Raichur.,Irfan Patil|Priya Patil
DEMO-20260822-00440,Haveri,Haveri Demo Zone 3,Theft,3,14.773393,75.41905,2026-07-01T11:15:09,Synthetic demo record: theft reported in Haveri.,Ravi Shetty|Meena Reddy
DEMO-20260822-00441,Ramanagara,Ramanagara Demo Zone 3,Theft,5,12.696804,77.252865,2026-08-01T19:53:09,Synthetic demo record: theft reported in Ramanagara.,Anil Kumar|Kiran Kumar
DEMO-20260822-00442,Davanagere,Davanagere Demo Zone 3,Dispute,3,14.485982,75.900923,2026-07-09T12:42:09,Synthetic demo record: dispute reported in Davanagere.,Naveen Kumar
DEMO-20260822-00443,Uttara Kannada,Uttara Kannada Demo Zone 1,Robbery,8,14.847827,74.156304,2026-07-12T21:40:09,Synthetic demo record: robbery reported in Uttara Kannada.,Mohan Shetty|Suresh Shetty
DEMO-20260822-00444,Kodagu,Kodagu Demo Zone 2,Vandalism,3,12.420406,75.722619,2026-07-24T06:05:09,Synthetic demo record: vandalism reported in Kodagu.,Ashok Nair|Farhan Nair
DEMO-20260822-00445,Gadag,Gadag Demo Zone 2,Chain Snatching,8,15.39478,75.614277,2026-06-01T00:55:09,Synthetic demo record: chain snatching reported in Gadag.,Meena Gowda|Deepak Reddy
DEMO-20260822-00446,Vijayapura,Vijayapura Demo Zone 3,Theft,4,16.806442,75.703999,2026-06-28T19:35:09,Synthetic demo record: theft reported in Vijayapura.,Farhan Shetty
DEMO-20260822-00447,Chitradurga,Chitradurga Demo Zone 2,Assault,8,14.204693,76.417568,2026-08-09T20:06:09,Synthetic demo record: assault reported in Chitradurga.,Irfan Rao|Prakash Patil
DEMO-20260822-00448,Shivamogga,Shivamogga Demo Zone 4,Assault,6,13.898974,75.571636,2026-05-29T02:51:09,Synthetic demo record: assault reported in Shivamogga.,Mohan Gowda|Suresh Gowda
DEMO-20260822-00449,Chikkamagaluru,Chikkamagaluru Demo Zone 1,Fraud,5,13.335893,75.761145,2026-06-22T19:38:09,Synthetic demo record: fraud reported in Chikkamagaluru.,Ramesh Rao|Harish Rao
DEMO-20260822-00450,Udupi,Udupi Demo Zone 2,Robbery,7,13.339906,74.718762,2026-07-06T18:17:09,Synthetic demo record: robbery reported in Udupi.,Prakash Reddy|Srinivas Reddy
DEMO-20260822-00451,Vijayanagara,Vijayanagara Demo Zone 2,Theft,5,15.362871,76.45882,2026-08-20T11:03:09,Synthetic demo record: theft reported in Vijayanagara.,Deepak Nair|Harish Nair
DEMO-20260822-00452,Belagavi,Belagavi Demo Zone 1,Dispute,2,15.823009,74.469869,2026-07-17T21:02:09,Synthetic demo record: dispute reported in Belagavi.,Irfan Reddy
DEMO-20260822-00453,Hassan,Hassan Demo Zone 2,Fraud,5,12.974361,76.095118,2026-07-31T19:54:09,Synthetic demo record: fraud reported in Hassan.,Irfan Reddy|Kavitha Reddy|Pradeep Reddy
DEMO-20260822-00454,Shivamogga,Shivamogga Demo Zone 2,Theft,3,13.942736,75.562047,2026-07-15T13:14:09,Synthetic demo record: theft reported in Shivamogga.,Ravi Gowda|Rajesh Gowda
DEMO-20260822-00455,Chikkamagaluru,Chikkamagaluru Demo Zone 3,Theft,5,13.301568,75.763149,2026-06-28T18:58:09,Synthetic demo record: theft reported in Chikkamagaluru.,Deepak Rao|Farhan Rao
DEMO-20260822-00456,Kodagu,Kodagu Demo Zone 2,Assault,6,12.424751,75.723234,2026-06-02T09:53:09,Synthetic demo record: assault reported in Kodagu.,Imran Nair|Manoj Nair
DEMO-20260822-00457,Kolar,Kolar Demo Zone 3,Dispute,4,13.128931,78.104366,2026-05-31T21:56:09,Synthetic demo record: dispute reported in Kolar.,Manoj Sharma|Mohan Sharma
DEMO-20260822-00458,Shivamogga,Shivamogga Demo Zone 1,Assault,6,13.950082,75.596549,2026-07-19T14:29:09,Synthetic demo record: assault reported in Shivamogga.,Ravi Gowda|Deepak Gowda
DEMO-20260822-00459,Davanagere,Davanagere Demo Zone 1,Burglary,5,14.488136,75.899104,2026-07-25T23:50:09,Synthetic demo record: burglary reported in Davanagere.,Deepak Kumar|Imran Kumar|Arjun Kumar
DEMO-20260822-00460,Dharwad,Dharwad Demo Zone 2,Burglary,7,15.464043,75.00775,2026-07-08T17:33:09,Synthetic demo record: burglary reported in Dharwad.,Prakash Gowda
DEMO-20260822-00461,Hassan,Hassan Demo Zone 3,Dispute,4,12.984122,76.099663,2026-06-28T09:59:09,Synthetic demo record: dispute reported in Hassan.,Ashok Reddy
DEMO-20260822-00462,Kalaburagi,Kalaburagi Demo Zone 3,Assault,7,17.346616,76.854867,2026-06-05T06:49:09,Synthetic demo record: assault reported in Kalaburagi.,Vijay Nair
DEMO-20260822-00463,Vijayapura,Vijayapura Demo Zone 2,Vandalism,1,16.832238,75.713904,2026-08-18T00:43:09,Synthetic demo record: vandalism reported in Vijayapura.,Ravi Nair|Pradeep Shetty|Mahesh Nair
DEMO-20260822-00464,Kodagu,Kodagu Demo Zone 4,Fraud,5,12.397174,75.745788,2026-06-25T17:39:09,Synthetic demo record: fraud reported in Kodagu.,Mohan Nair|Nikhil Nair
DEMO-20260822-00465,Shivamogga,Shivamogga Demo Zone 3,Fraud,6,13.900607,75.577389,2026-05-27T14:48:09,Synthetic demo record: fraud reported in Shivamogga.,Prakash Gowda|Manoj Gowda
DEMO-20260822-00466,Chikkamagaluru,Chikkamagaluru Demo Zone 1,Chain Snatching,6,13.336772,75.760178,2026-07-16T01:04:09,Synthetic demo record: chain snatching reported in Chikkamagaluru.,Deepak Rao|Naveen Rao
DEMO-20260822-00467,Haveri,Haveri Demo Zone 1,Theft,3,14.774509,75.418499,2026-06-01T22:36:09,Synthetic demo record: theft reported in Haveri.,Vijay Shetty
DEMO-20260822-00468,Haveri,Haveri Demo Zone 3,Burglary,5,14.809124,75.379055,2026-08-02T17:08:09,Synthetic demo record: burglary reported in Haveri.,Suresh Shetty
DEMO-20260822-00469,Tumakuru,Tumakuru Demo Zone 3,Theft,5,13.310366,77.101592,2026-06-04T03:50:09,Synthetic demo record: theft reported in Tumakuru.,Mahesh Reddy|Suresh Reddy
DEMO-20260822-00470,Yadgir,Yadgir Demo Zone 1,Chain Snatching,8,16.741904,77.122976,2026-07-08T01:53:09,Synthetic demo record: chain snatching reported in Yadgir.,Ramesh Sharma|Harish Sharma
DEMO-20260822-00471,Vijayanagara,Vijayanagara Demo Zone 1,Chain Snatching,8,15.35854,76.455774,2026-06-04T04:06:09,Synthetic demo record: chain snatching reported in Vijayanagara.,Srinivas Nair|Nikhil Nair
DEMO-20260822-00472,Udupi,Udupi Demo Zone 2,Robbery,9,13.337626,74.720568,2026-05-30T21:37:09,Synthetic demo record: robbery reported in Udupi.,Irfan Reddy|Nikhil Reddy
DEMO-20260822-00473,Davanagere,Davanagere Demo Zone 2,Theft,5,14.492283,75.913415,2026-06-18T13:30:09,Synthetic demo record: theft reported in Davanagere.,Deepak Kumar|Srinivas Kumar|Santosh Kumar
DEMO-20260822-00474,Bidar,Bidar Demo Zone 3,Burglary,5,17.925849,77.52562,2026-06-08T12:24:09,Synthetic demo record: burglary reported in Bidar.,Irfan Nair
DEMO-20260822-00475,Koppal,Koppal Demo Zone 1,Robbery,7,15.369884,76.16579,2026-07-14T18:10:09,Synthetic demo record: robbery reported in Koppal.,Saleem Sharma|Anil Rao
DEMO-20260822-00476,Chikkamagaluru,Chikkamagaluru Demo Zone 1,Theft,4,13.289881,75.770134,2026-07-27T19:38:09,Synthetic demo record: theft reported in Chikkamagaluru.,Naveen Rao|Santosh Rao|Imran Rao
DEMO-20260822-00477,Gadag,Gadag Demo Zone 2,Dispute,3,15.459176,75.657537,2026-07-15T01:09:09,Synthetic demo record: dispute reported in Gadag.,Vijay Reddy|Rekha Gowda
DEMO-20260822-00478,Bengaluru Urban,Bengaluru Urban Demo Zone 2,Assault,6,12.95907,77.567665,2026-07-19T20:36:09,Synthetic demo record: assault reported in Bengaluru Urban.,Vijay Nair|Kavitha Shetty
DEMO-20260822-00479,Mandya,Mandya Demo Zone 4,Theft,4,12.529622,76.920565,2026-08-19T01:14:09,Synthetic demo record: theft reported in Mandya.,Vijay Rao|Kiran Rao
DEMO-20260822-00480,Dakshina Kannada,Dakshina Kannada Demo Zone 4,Assault,6,12.922934,74.846654,2026-08-05T22:33:09,Synthetic demo record: assault reported in Dakshina Kannada.,Pooja Patil|Mahesh Kumar
DEMO-20260822-00481,Udupi,Udupi Demo Zone 2,Robbery,8,13.315631,74.764013,2026-07-16T12:29:09,Synthetic demo record: robbery reported in Udupi.,Prakash Reddy
DEMO-20260822-00482,Bengaluru Urban,Bengaluru Urban Demo Zone 4,Dispute,2,12.953323,77.565795,2026-07-06T10:56:09,Synthetic demo record: dispute reported in Bengaluru Urban.,Farhan Shetty
DEMO-20260822-00483,Koppal,Koppal Demo Zone 3,Vandalism,3,15.362077,76.173809,2026-06-29T16:42:09,Synthetic demo record: vandalism reported in Koppal.,Mahesh Rao
DEMO-20260822-00484,Dharwad,Dharwad Demo Zone 4,Theft,4,15.471193,74.998435,2026-08-10T00:33:09,Synthetic demo record: theft reported in Dharwad.,Mohan Gowda
DEMO-20260822-00485,Bidar,Bidar Demo Zone 1,Theft,4,17.92259,77.528626,2026-06-23T03:26:09,Synthetic demo record: theft reported in Bidar.,Arjun Nair|Nikhil Nair
DEMO-20260822-00486,Mysuru,Mysuru Demo Zone 4,Assault,8,12.286115,76.664128,2026-07-23T16:10:09,Synthetic demo record: assault reported in Mysuru.,Rajesh Patil|Naveen Patil
DEMO-20260822-00487,Chitradurga,Chitradurga Demo Zone 2,Dispute,3,14.212424,76.377753,2026-05-24T17:11:09,Synthetic demo record: dispute reported in Chitradurga.,Prakash Patil
DEMO-20260822-00488,Bengaluru Urban,Bengaluru Urban Demo Zone 2,Assault,8,12.973974,77.581427,2026-06-21T02:00:09,Synthetic demo record: assault reported in Bengaluru Urban.,Priya Shetty|Irfan Shetty
DEMO-20260822-00489,Mandya,Mandya Demo Zone 2,Robbery,8,12.538672,76.913579,2026-06-19T16:38:09,Synthetic demo record: robbery reported in Mandya.,Mohan Rao|Rajesh Rao
DEMO-20260822-00490,Vijayanagara,Vijayanagara Demo Zone 1,Assault,8,15.314004,76.442694,2026-08-21T10:01:09,Synthetic demo record: assault reported in Vijayanagara.,Naveen Nair
DEMO-20260822-00491,Chamarajanagar,Chamarajanagar Demo Zone 3,Fraud,4,11.936869,76.927578,2026-07-01T16:53:09,Synthetic demo record: fraud reported in Chamarajanagar.,Meena Nair|Srinivas Sharma
DEMO-20260822-00492,Koppal,Koppal Demo Zone 3,Theft,4,15.343618,76.175145,2026-07-30T09:49:09,Synthetic demo record: theft reported in Koppal.,Suresh Rao|Farhan Sharma|Ganesh Rao
DEMO-20260822-00493,Gadag,Gadag Demo Zone 3,Dispute,2,15.419121,75.615488,2026-07-18T20:34:09,Synthetic demo record: dispute reported in Gadag.,Deepak Reddy|Vijay Reddy|Suresh Reddy
DEMO-20260822-00494,Gadag,Gadag Demo Zone 4,Robbery,9,15.41741,75.621001,2026-06-29T09:50:09,Synthetic demo record: robbery reported in Gadag.,Meena Gowda|Mahesh Reddy
DEMO-20260822-00495,Chikkamagaluru,Chikkamagaluru Demo Zone 3,Dispute,4,13.31098,75.755438,2026-07-03T11:47:09,Synthetic demo record: dispute reported in Chikkamagaluru.,Vijay Rao|Arjun Rao
DEMO-20260822-00496,Kodagu,Kodagu Demo Zone 4,Dispute,4,12.43586,75.731351,2026-06-07T14:10:09,Synthetic demo record: dispute reported in Kodagu.,Mohan Nair
DEMO-20260822-00497,Belagavi,Belagavi Demo Zone 1,Assault,6,15.823356,74.472561,2026-08-03T08:48:09,Synthetic demo record: assault reported in Belagavi.,Arjun Reddy
DEMO-20260822-00498,Vijayanagara,Vijayanagara Demo Zone 3,Dispute,3,15.313928,76.454878,2026-08-06T10:11:09,Synthetic demo record: dispute reported in Vijayanagara.,Srinivas Nair|Rohit Nair
DEMO-20260822-00499,Bengaluru Rural,Bengaluru Rural Demo Zone 2,Assault,7,13.269441,77.594821,2026-06-26T14:15:09,Synthetic demo record: assault reported in Bengaluru Rural.,Anil Shetty|Ramesh Shetty|Manoj Shetty
DEMO-20260822-00500,Mysuru,Mysuru Demo Zone 4,Vandalism,2,12.27928,76.614301,2026-06-06T05:36:09,Synthetic demo record: vandalism reported in Mysuru.,Meena Rao|Rekha Rao
DEMO-20260822-00501,Chitradurga,Chitradurga Demo Zone 2,Burglary,7,14.212493,76.360642,2026-06-13T00:50:09,Synthetic demo record: burglary reported in Chitradurga.,Anil Patil|Priya Rao
DEMO-20260822-00502,Ballari,Ballari Demo Zone 3,Vandalism,3,15.124813,76.896726,2026-07-12T08:34:09,Synthetic demo record: vandalism reported in Ballari.,Priya Gowda|Rohit Gowda
DEMO-20260822-00503,Tumakuru,Tumakuru Demo Zone 1,Assault,8,13.310275,77.104486,2026-05-25T21:22:09,Synthetic demo record: assault reported in Tumakuru.,Mahesh Reddy
DEMO-20260822-00504,Vijayanagara,Vijayanagara Demo Zone 1,Burglary,6,15.316031,76.44075,2026-07-26T12:03:09,Synthetic demo record: burglary reported in Vijayanagara.,Naveen Nair
DEMO-20260822-00505,Davanagere,Davanagere Demo Zone 2,Burglary,5,14.492998,75.913628,2026-06-11T20:22:09,Synthetic demo record: burglary reported in Davanagere.,Ashok Kumar|Imran Kumar
DEMO-20260822-00506,Bengaluru Urban,Bengaluru Urban Demo Zone 1,Theft,3,12.958926,77.567445,2026-06-15T08:35:09,Synthetic demo record: theft reported in Bengaluru Urban.,Rekha Shetty|Arjun Shetty
DEMO-20260822-00507,Ramanagara,Ramanagara Demo Zone 4,Fraud,5,12.72605,77.257641,2026-05-27T07:21:09,Synthetic demo record: fraud reported in Ramanagara.,Vijay Kumar|Pradeep Kumar
DEMO-20260822-00508,Vijayanagara,Vijayanagara Demo Zone 4,Theft,3,15.312396,76.474236,2026-07-27T00:48:09,Synthetic demo record: theft reported in Vijayanagara.,Priya Nair
DEMO-20260822-00509,Haveri,Haveri Demo Zone 4,Vandalism,3,14.824536,75.386789,2026-07-04T20:42:09,Synthetic demo record: vandalism reported in Haveri.,Kiran Shetty|Ganesh Shetty
DEMO-20260822-00510,Bidar,Bidar Demo Zone 2,Fraud,6,17.92359,77.527181,2026-07-13T11:47:09,Synthetic demo record: fraud reported in Bidar.,Naveen Nair
DEMO-20260822-00511,Dharwad,Dharwad Demo Zone 3,Assault,8,15.477279,74.998238,2026-06-04T04:15:09,Synthetic demo record: assault reported in Dharwad.,Mahesh Gowda|Srinivas Gowda
DEMO-20260822-00512,Bagalkote,Bagalkote Demo Zone 2,Dispute,3,16.198536,75.658615,2026-07-27T22:37:09,Synthetic demo record: dispute reported in Bagalkote.,Mohan Gowda|Rajesh Gowda|Deepak Gowda
DEMO-20260822-00513,Bengaluru Rural,Bengaluru Rural Demo Zone 1,Fraud,4,13.26523,77.595456,2026-07-28T17:37:09,Synthetic demo record: fraud reported in Bengaluru Rural.,Naveen Shetty|Ashok Shetty|Manoj Shetty
DEMO-20260822-00514,Chikkamagaluru,Chikkamagaluru Demo Zone 4,Theft,5,13.299744,75.762514,2026-08-16T23:14:09,Synthetic demo record: theft reported in Chikkamagaluru.,Farhan Rao|Imran Rao
DEMO-20260822-00515,Haveri,Haveri Demo Zone 4,Vandalism,3,14.772346,75.424867,2026-06-20T04:21:09,Synthetic demo record: vandalism reported in Haveri.,Deepak Shetty|Ashok Shetty
DEMO-20260822-00516,Udupi,Udupi Demo Zone 4,Theft,5,13.341199,74.720963,2026-06-20T23:19:09,Synthetic demo record: theft reported in Udupi.,Naveen Reddy|Rekha Reddy
DEMO-20260822-00517,Chikkamagaluru,Chikkamagaluru Demo Zone 1,Theft,3,13.317692,75.752318,2026-06-07T16:09:09,Synthetic demo record: theft reported in Chikkamagaluru.,Srinivas Rao|Ashok Rao
DEMO-20260822-00518,Tumakuru,Tumakuru Demo Zone 3,Dispute,2,13.352821,77.110455,2026-05-25T19:19:09,Synthetic demo record: dispute reported in Tumakuru.,Anil Reddy|Suresh Reddy
DEMO-20260822-00519,Tumakuru,Tumakuru Demo Zone 4,Vandalism,2,13.364829,77.122457,2026-06-30T21:20:09,Synthetic demo record: vandalism reported in Tumakuru.,Saleem Gowda|Rekha Gowda
DEMO-20260822-00520,Dakshina Kannada,Dakshina Kannada Demo Zone 4,Robbery,7,12.886493,74.841152,2026-07-31T02:42:09,Synthetic demo record: robbery reported in Dakshina Kannada.,Pradeep Patil
DEMO-20260822-00521,Mandya,Mandya Demo Zone 2,Theft,4,12.488915,76.893504,2026-07-03T17:13:09,Synthetic demo record: theft reported in Mandya.,Rajesh Rao|Santosh Rao|Ashok Rao
DEMO-20260822-00522,Belagavi,Belagavi Demo Zone 1,Theft,4,15.876151,74.518651,2026-08-02T17:44:09,Synthetic demo record: theft reported in Belagavi.,Kavitha Reddy|Ashok Reddy
DEMO-20260822-00523,Dharwad,Dharwad Demo Zone 4,Theft,4,15.4802,74.986372,2026-07-14T07:34:09,Synthetic demo record: theft reported in Dharwad.,Suresh Gowda
DEMO-20260822-00524,Bagalkote,Bagalkote Demo Zone 1,Theft,3,16.197087,75.651063,2026-06-20T18:05:09,Synthetic demo record: theft reported in Bagalkote.,Deepak Gowda|Ramesh Gowda
DEMO-20260822-00525,Shivamogga,Shivamogga Demo Zone 3,Assault,8,13.945297,75.567383,2026-06-27T00:06:09,Synthetic demo record: assault reported in Shivamogga.,Deepak Gowda|Ashok Gowda|Mohan Gowda
DEMO-20260822-00526,Shivamogga,Shivamogga Demo Zone 4,Fraud,4,13.897444,75.577433,2026-08-14T14:27:09,Synthetic demo record: fraud reported in Shivamogga.,Manoj Gowda|Suresh Gowda
DEMO-20260822-00527,Kolar,Kolar Demo Zone 3,Theft,5,13.114022,78.103875,2026-08-20T18:40:09,Synthetic demo record: theft reported in Kolar.,Manoj Sharma|Mahesh Sharma|Harish Sharma
DEMO-20260822-00528,Mysuru,Mysuru Demo Zone 4,Burglary,7,12.289246,76.645797,2026-06-03T15:25:09,Synthetic demo record: burglary reported in Mysuru.,Anil Patil|Vijay Patil
DEMO-20260822-00529,Tumakuru,Tumakuru Demo Zone 4,Theft,4,13.30904,77.099103,2026-07-19T13:10:09,Synthetic demo record: theft reported in Tumakuru.,Irfan Gowda
DEMO-20260822-00530,Davanagere,Davanagere Demo Zone 3,Theft,3,14.485911,75.895248,2026-07-19T16:48:09,Synthetic demo record: theft reported in Davanagere.,Imran Kumar|Ashok Kumar|Ramesh Kumar
DEMO-20260822-00531,Haveri,Haveri Demo Zone 1,Chain Snatching,7,14.769648,75.420617,2026-08-11T08:46:09,Synthetic demo record: chain snatching reported in Haveri.,Anil Shetty
DEMO-20260822-00532,Bidar,Bidar Demo Zone 1,Burglary,6,17.917236,77.526123,2026-07-19T16:05:09,Synthetic demo record: burglary reported in Bidar.,Naveen Nair|Farhan Nair
DEMO-20260822-00533,Ballari,Ballari Demo Zone 2,Fraud,6,15.113011,76.920914,2026-08-10T09:29:09,Synthetic demo record: fraud reported in Ballari.,Suresh Reddy|Rajesh Reddy
DEMO-20260822-00534,Haveri,Haveri Demo Zone 3,Theft,3,14.82192,75.388607,2026-07-22T13:38:09,Synthetic demo record: theft reported in Haveri.,Harish Shetty|Pooja Reddy
DEMO-20260822-00535,Vijayapura,Vijayapura Demo Zone 2,Theft,5,16.813203,75.708784,2026-07-22T17:07:09,Synthetic demo record: theft reported in Vijayapura.,Saleem Shetty|Ravi Nair
DEMO-20260822-00536,Vijayanagara,Vijayanagara Demo Zone 2,Dispute,4,15.358363,76.456688,2026-07-20T05:19:09,Synthetic demo record: dispute reported in Vijayanagara.,Rohit Nair|Mohan Nair|Srinivas Nair
DEMO-20260822-00537,Kodagu,Kodagu Demo Zone 2,Chain Snatching,7,12.425946,75.722465,2026-08-16T15:15:09,Synthetic demo record: chain snatching reported in Kodagu.,Imran Nair
DEMO-20260822-00538,Haveri,Haveri Demo Zone 2,Theft,4,14.820267,75.390497,2026-07-07T05:36:09,Synthetic demo record: theft reported in Haveri.,Pooja Reddy|Rajesh Shetty
DEMO-20260822-00539,Belagavi,Belagavi Demo Zone 3,Theft,4,15.820676,74.503196,2026-08-09T00:01:09,Synthetic demo record: theft reported in Belagavi.,Kavitha Reddy|Srinivas Reddy
DEMO-20260822-00540,Kolar,Kolar Demo Zone 1,Dispute,4,13.11482,78.110865,2026-07-04T03:05:09,Synthetic demo record: dispute reported in Kolar.,Suresh Sharma|Srinivas Sharma|Vijay Sharma
DEMO-20260822-00541,Yadgir,Yadgir Demo Zone 4,Dispute,3,16.742747,77.102884,2026-06-11T08:00:09,Synthetic demo record: dispute reported in Yadgir.,Pooja Nair|Manoj Sharma|Naveen Sharma
DEMO-20260822-00542,Bagalkote,Bagalkote Demo Zone 1,Assault,6,16.186165,75.668901,2026-06-07T22:32:09,Synthetic demo record: assault reported in Bagalkote.,Ravi Gowda|Arjun Gowda
DEMO-20260822-00543,Tumakuru,Tumakuru Demo Zone 2,Assault,7,13.334404,77.109801,2026-07-31T20:27:09,Synthetic demo record: assault reported in Tumakuru.,Priya Gowda|Manoj Reddy|Mahesh Reddy
DEMO-20260822-00544,Koppal,Koppal Demo Zone 1,Theft,4,15.367177,76.141852,2026-05-28T14:43:09,Synthetic demo record: theft reported in Koppal.,Nikhil Sharma|Ganesh Rao|Suresh Rao
DEMO-20260822-00545,Uttara Kannada,Uttara Kannada Demo Zone 3,Dispute,2,14.849246,74.152554,2026-06-05T10:05:09,Synthetic demo record: dispute reported in Uttara Kannada.,Prakash Shetty|Srinivas Shetty|Pooja Reddy
DEMO-20260822-00546,Dakshina Kannada,Dakshina Kannada Demo Zone 4,Assault,6,12.892718,74.832968,2026-05-30T15:07:09,Synthetic demo record: assault reported in Dakshina Kannada.,Rohit Patil|Nikhil Patil
DEMO-20260822-00547,Bidar,Bidar Demo Zone 2,Fraud,6,17.929476,77.539483,2026-05-30T01:02:09,Synthetic demo record: fraud reported in Bidar.,Saleem Nair|Mohan Nair
DEMO-20260822-00548,Mysuru,Mysuru Demo Zone 1,Theft,3,12.271074,76.64756,2026-07-03T02:48:09,Synthetic demo record: theft reported in Mysuru.,Ganesh Patil|Rajesh Patil|Santosh Patil
DEMO-20260822-00549,Mysuru,Mysuru Demo Zone 2,Robbery,9,12.32833,76.642944,2026-06-24T03:15:09,Synthetic demo record: robbery reported in Mysuru.,Prakash Patil|Deepak Patil
DEMO-20260822-00550,Raichur,Raichur Demo Zone 4,Vandalism,2,16.23418,77.311643,2026-06-18T22:35:09,Synthetic demo record: vandalism reported in Raichur.,Kavitha Patil|Kiran Patil
DEMO-20260822-00551,Uttara Kannada,Uttara Kannada Demo Zone 4,Assault,8,14.791834,74.153497,2026-08-05T00:13:09,Synthetic demo record: assault reported in Uttara Kannada.,Meena Reddy|Pooja Reddy
DEMO-20260822-00552,Vijayapura,Vijayapura Demo Zone 2,Theft,3,16.802509,75.677971,2026-08-08T21:12:09,Synthetic demo record: theft reported in Vijayapura.,Ganesh Nair|Pooja Shetty
DEMO-20260822-00553,Hassan,Hassan Demo Zone 4,Theft,5,12.997945,76.107763,2026-05-31T07:38:09,Synthetic demo record: theft reported in Hassan.,Irfan Reddy|Pradeep Reddy|Srinivas Reddy
DEMO-20260822-00554,Gadag,Gadag Demo Zone 1,Theft,3,15.425904,75.615601,2026-08-07T00:23:09,Synthetic demo record: theft reported in Gadag.,Ganesh Reddy|Anil Reddy|Rekha Gowda
DEMO-20260822-00555,Ballari,Ballari Demo Zone 4,Dispute,3,15.132272,76.900059,2026-07-19T22:15:09,Synthetic demo record: dispute reported in Ballari.,Vijay Reddy
DEMO-20260822-00556,Ramanagara,Ramanagara Demo Zone 2,Vandalism,3,12.702284,77.25688,2026-06-01T19:32:09,Synthetic demo record: vandalism reported in Ramanagara.,Nikhil Kumar|Ganesh Kumar
DEMO-20260822-00557,Bidar,Bidar Demo Zone 4,Burglary,7,17.872013,77.535758,2026-07-11T10:43:09,Synthetic demo record: burglary reported in Bidar.,Saleem Nair
DEMO-20260822-00558,Davanagere,Davanagere Demo Zone 2,Chain Snatching,7,14.489793,75.890029,2026-08-14T18:37:09,Synthetic demo record: chain snatching reported in Davanagere.,Ramesh Kumar|Harish Kumar
DEMO-20260822-00559,Hassan,Hassan Demo Zone 1,Assault,7,12.991513,76.107699,2026-06-29T16:45:09,Synthetic demo record: assault reported in Hassan.,Srinivas Reddy|Kavitha Reddy
DEMO-20260822-00560,Mysuru,Mysuru Demo Zone 2,Burglary,6,12.290429,76.646227,2026-08-06T14:49:09,Synthetic demo record: burglary reported in Mysuru.,Suresh Patil|Ganesh Patil
DEMO-20260822-00561,Bagalkote,Bagalkote Demo Zone 3,Fraud,5,16.197491,75.655509,2026-08-08T10:58:09,Synthetic demo record: fraud reported in Bagalkote.,Santosh Gowda|Pradeep Gowda|Vijay Gowda
DEMO-20260822-00562,Dakshina Kannada,Dakshina Kannada Demo Zone 4,Fraud,5,12.891161,74.88192,2026-07-05T16:42:09,Synthetic demo record: fraud reported in Dakshina Kannada.,Rekha Patil
DEMO-20260822-00563,Dharwad,Dharwad Demo Zone 2,Dispute,4,15.480196,75.040235,2026-07-20T11:39:09,Synthetic demo record: dispute reported in Dharwad.,Pradeep Gowda
DEMO-20260822-00564,Bengaluru Rural,Bengaluru Rural Demo Zone 2,Assault,6,13.26645,77.597917,2026-06-22T04:50:09,Synthetic demo record: assault reported in Bengaluru Rural.,Pooja Reddy|Srinivas Shetty
DEMO-20260822-00565,Chamarajanagar,Chamarajanagar Demo Zone 3,Assault,7,11.948812,76.939883,2026-07-27T20:47:09,Synthetic demo record: assault reported in Chamarajanagar.,Ravi Sharma
DEMO-20260822-00566,Chikkaballapur,Chikkaballapur Demo Zone 3,Dispute,2,13.448954,77.711643,2026-06-10T00:22:09,Synthetic demo record: dispute reported in Chikkaballapur.,Irfan Sharma|Farhan Sharma
DEMO-20260822-00567,Bagalkote,Bagalkote Demo Zone 1,Assault,7,16.199283,75.66611,2026-08-14T23:59:09,Synthetic demo record: assault reported in Bagalkote.,Ashok Gowda|Arjun Gowda
DEMO-20260822-00568,Tumakuru,Tumakuru Demo Zone 1,Dispute,4,13.330143,77.113933,2026-05-26T00:50:09,Synthetic demo record: dispute reported in Tumakuru.,Kavitha Gowda|Suresh Reddy|Imran Gowda
DEMO-20260822-00569,Kalaburagi,Kalaburagi Demo Zone 4,Assault,7,17.316785,76.827848,2026-06-25T05:07:09,Synthetic demo record: assault reported in Kalaburagi.,Suresh Nair|Pradeep Shetty
DEMO-20260822-00570,Shivamogga,Shivamogga Demo Zone 2,Dispute,3,13.945105,75.563287,2026-08-16T02:36:09,Synthetic demo record: dispute reported in Shivamogga.,Anil Gowda|Kiran Gowda
DEMO-20260822-00571,Ballari,Ballari Demo Zone 2,Burglary,5,15.104403,76.897795,2026-05-28T10:46:09,Synthetic demo record: burglary reported in Ballari.,Deepak Reddy
DEMO-20260822-00572,Bidar,Bidar Demo Zone 2,Dispute,2,17.879382,77.504881,2026-07-31T20:16:09,Synthetic demo record: dispute reported in Bidar.,Harish Nair
DEMO-20260822-00573,Kodagu,Kodagu Demo Zone 3,Dispute,2,12.42683,75.751177,2026-06-25T12:00:09,Synthetic demo record: dispute reported in Kodagu.,Rohit Nair|Harish Nair|Pradeep Nair
DEMO-20260822-00574,Uttara Kannada,Uttara Kannada Demo Zone 4,Theft,4,14.846021,74.157507,2026-05-28T08:35:09,Synthetic demo record: theft reported in Uttara Kannada.,Pooja Reddy|Ashok Shetty
DEMO-20260822-00575,Kalaburagi,Kalaburagi Demo Zone 4,Dispute,4,17.34343,76.843923,2026-07-07T15:26:09,Synthetic demo record: dispute reported in Kalaburagi.,Anil Nair
DEMO-20260822-00576,Tumakuru,Tumakuru Demo Zone 1,Dispute,3,13.312606,77.104489,2026-07-18T19:56:09,Synthetic demo record: dispute reported in Tumakuru.,Ganesh Reddy
DEMO-20260822-00577,Belagavi,Belagavi Demo Zone 4,Burglary,6,15.824779,74.512477,2026-06-13T09:37:09,Synthetic demo record: burglary reported in Belagavi.,Kavitha Reddy|Kiran Reddy
DEMO-20260822-00578,Bengaluru Rural,Bengaluru Rural Demo Zone 1,Chain Snatching,8,13.287965,77.6137,2026-07-11T04:48:09,Synthetic demo record: chain snatching reported in Bengaluru Rural.,Rajesh Shetty
DEMO-20260822-00579,Uttara Kannada,Uttara Kannada Demo Zone 4,Dispute,2,14.834897,74.146121,2026-07-15T17:47:09,Synthetic demo record: dispute reported in Uttara Kannada.,Ashok Shetty
DEMO-20260822-00580,Kalaburagi,Kalaburagi Demo Zone 4,Theft,3,17.348926,76.853514,2026-07-08T11:56:09,Synthetic demo record: theft reported in Kalaburagi.,Kavitha Shetty|Rekha Shetty
DEMO-20260822-00581,Yadgir,Yadgir Demo Zone 3,Fraud,4,16.77385,77.145213,2026-06-07T18:12:09,Synthetic demo record: fraud reported in Yadgir.,Kavitha Nair|Ramesh Sharma
DEMO-20260822-00582,Chikkaballapur,Chikkaballapur Demo Zone 4,Dispute,4,13.452847,77.73649,2026-06-26T02:51:09,Synthetic demo record: dispute reported in Chikkaballapur.,Nikhil Sharma|Farhan Sharma
DEMO-20260822-00583,Kolar,Kolar Demo Zone 4,Theft,4,13.126579,78.100147,2026-07-11T21:44:09,Synthetic demo record: theft reported in Kolar.,Vijay Sharma|Suresh Sharma
DEMO-20260822-00584,Belagavi,Belagavi Demo Zone 2,Assault,8,15.821593,74.502817,2026-06-18T15:28:09,Synthetic demo record: assault reported in Belagavi.,Naveen Reddy
DEMO-20260822-00585,Davanagere,Davanagere Demo Zone 3,Theft,3,14.488943,75.89321,2026-06-27T08:28:09,Synthetic demo record: theft reported in Davanagere.,Pradeep Kumar|Rajesh Kumar|Ramesh Kumar
DEMO-20260822-00586,Haveri,Haveri Demo Zone 4,Theft,5,14.755221,75.441982,2026-06-29T21:09:09,Synthetic demo record: theft reported in Haveri.,Pooja Reddy|Anil Shetty
DEMO-20260822-00587,Dharwad,Dharwad Demo Zone 1,Vandalism,1,15.431401,75.021468,2026-07-08T20:40:09,Synthetic demo record: vandalism reported in Dharwad.,Ramesh Gowda|Santosh Gowda
DEMO-20260822-00588,Haveri,Haveri Demo Zone 1,Robbery,8,14.817548,75.385906,2026-07-11T17:27:09,Synthetic demo record: robbery reported in Haveri.,Deepak Shetty
DEMO-20260822-00589,Raichur,Raichur Demo Zone 1,Assault,7,16.219193,77.335003,2026-06-24T04:52:09,Synthetic demo record: assault reported in Raichur.,Suresh Kumar|Harish Patil|Imran Patil
DEMO-20260822-00590,Udupi,Udupi Demo Zone 3,Assault,8,13.311247,74.760039,2026-06-21T15:01:09,Synthetic demo record: assault reported in Udupi.,Irfan Reddy|Kavitha Reddy|Imran Reddy
DEMO-20260822-00591,Haveri,Haveri Demo Zone 2,Theft,5,14.786768,75.375058,2026-08-17T22:15:09,Synthetic demo record: theft reported in Haveri.,Santosh Shetty|Mahesh Shetty|Mohan Shetty
DEMO-20260822-00592,Bengaluru Rural,Bengaluru Rural Demo Zone 1,Fraud,4,13.287583,77.580307,2026-06-08T02:32:09,Synthetic demo record: fraud reported in Bengaluru Rural.,Mohan Shetty|Ashok Shetty|Kiran Shetty
DEMO-20260822-00593,Bengaluru Rural,Bengaluru Rural Demo Zone 2,Theft,5,13.308597,77.645209,2026-07-02T08:34:09,Synthetic demo record: theft reported in Bengaluru Rural.,Kiran Shetty|Mohan Shetty
DEMO-20260822-00594,Chitradurga,Chitradurga Demo Zone 1,Theft,5,14.211349,76.381976,2026-06-14T12:19:09,Synthetic demo record: theft reported in Chitradurga.,Srinivas Patil
DEMO-20260822-00595,Ramanagara,Ramanagara Demo Zone 4,Theft,5,12.749657,77.286696,2026-06-10T19:08:09,Synthetic demo record: theft reported in Ramanagara.,Ashok Kumar
DEMO-20260822-00596,Dharwad,Dharwad Demo Zone 4,Theft,3,15.452532,74.980011,2026-06-02T10:10:09,Synthetic demo record: theft reported in Dharwad.,Santosh Gowda
DEMO-20260822-00597,Mandya,Mandya Demo Zone 4,Burglary,6,12.542296,76.917991,2026-08-13T11:51:09,Synthetic demo record: burglary reported in Mandya.,Naveen Rao|Prakash Rao|Deepak Rao
DEMO-20260822-00598,Dakshina Kannada,Dakshina Kannada Demo Zone 4,Robbery,8,12.923866,74.846136,2026-08-22T01:38:09,Synthetic demo record: robbery reported in Dakshina Kannada.,Nikhil Patil|Pradeep Patil|Irfan Patil
DEMO-20260822-00599,Udupi,Udupi Demo Zone 1,Burglary,6,13.338795,74.720302,2026-06-22T19:26:09,Synthetic demo record: burglary reported in Udupi.,Kiran Reddy|Rekha Reddy
DEMO-20260822-00600,Bengaluru Rural,Bengaluru Rural Demo Zone 3,Fraud,5,13.285414,77.580226,2026-05-24T15:39:09,Synthetic demo record: fraud reported in Bengaluru Rural.,Ganesh Shetty
DEMO-20260822-00601,Haveri,Haveri Demo Zone 3,Dispute,4,14.773121,75.422739,2026-06-15T19:02:09,Synthetic demo record: dispute reported in Haveri.,Naveen Shetty
DEMO-20260822-00602,Haveri,Haveri Demo Zone 2,Burglary,7,14.809579,75.377962,2026-08-19T19:01:09,Synthetic demo record: burglary reported in Haveri.,Kiran Shetty|Deepak Shetty
DEMO-20260822-00603,Mandya,Mandya Demo Zone 2,Assault,6,12.538647,76.921835,2026-07-07T07:30:09,Synthetic demo record: assault reported in Mandya.,Nikhil Rao|Manoj Rao
DEMO-20260822-00604,Ramanagara,Ramanagara Demo Zone 4,Dispute,3,12.69916,77.255869,2026-06-24T12:23:09,Synthetic demo record: dispute reported in Ramanagara.,Pradeep Kumar|Santosh Kumar|Vijay Kumar
DEMO-20260822-00605,Ramanagara,Ramanagara Demo Zone 3,Fraud,5,12.702922,77.275947,2026-07-31T04:45:09,Synthetic demo record: fraud reported in Ramanagara.,Naveen Kumar|Arjun Kumar|Santosh Kumar
DEMO-20260822-00606,Kodagu,Kodagu Demo Zone 3,Fraud,5,12.426399,75.757046,2026-08-10T01:20:09,Synthetic demo record: fraud reported in Kodagu.,Pradeep Nair|Naveen Nair
DEMO-20260822-00607,Mandya,Mandya Demo Zone 2,Burglary,5,12.538864,76.920242,2026-07-05T19:12:09,Synthetic demo record: burglary reported in Mandya.,Nikhil Rao
DEMO-20260822-00608,Kolar,Kolar Demo Zone 2,Burglary,7,13.127995,78.099293,2026-08-15T14:45:09,Synthetic demo record: burglary reported in Kolar.,Prakash Sharma|Ramesh Sharma|Srinivas Sharma
DEMO-20260822-00609,Kalaburagi,Kalaburagi Demo Zone 3,Chain Snatching,7,17.324011,76.830197,2026-07-11T14:36:09,Synthetic demo record: chain snatching reported in Kalaburagi.,Ravi Nair|Kavitha Shetty
DEMO-20260822-00610,Ballari,Ballari Demo Zone 1,Vandalism,2,15.134067,76.915754,2026-07-10T01:24:09,Synthetic demo record: vandalism reported in Ballari.,Deepak Reddy|Anil Reddy
DEMO-20260822-00611,Davanagere,Davanagere Demo Zone 1,Assault,7,14.493119,75.914693,2026-07-23T11:44:09,Synthetic demo record: assault reported in Davanagere.,Pradeep Kumar
DEMO-20260822-00612,Koppal,Koppal Demo Zone 1,Fraud,6,15.316933,76.134506,2026-07-05T02:54:09,Synthetic demo record: fraud reported in Koppal.,Nikhil Sharma|Kiran Sharma|Saleem Sharma
DEMO-20260822-00613,Dakshina Kannada,Dakshina Kannada Demo Zone 2,Theft,3,12.891581,74.872547,2026-06-29T03:20:09,Synthetic demo record: theft reported in Dakshina Kannada.,Rohit Patil|Mohan Patil
DEMO-20260822-00614,Chikkamagaluru,Chikkamagaluru Demo Zone 1,Dispute,3,13.292569,75.749189,2026-06-05T16:11:09,Synthetic demo record: dispute reported in Chikkamagaluru.,Pradeep Rao|Vijay Rao
DEMO-20260822-00615,Mysuru,Mysuru Demo Zone 1,Theft,4,12.273655,76.644706,2026-08-14T18:55:09,Synthetic demo record: theft reported in Mysuru.,Priya Rao|Anil Patil
DEMO-20260822-00616,Chitradurga,Chitradurga Demo Zone 3,Dispute,2,14.212412,76.429267,2026-08-07T08:19:09,Synthetic demo record: dispute reported in Chitradurga.,Manoj Patil|Ramesh Patil|Mahesh Patil
DEMO-20260822-00617,Chamarajanagar,Chamarajanagar Demo Zone 2,Theft,3,11.939983,76.928223,2026-06-18T14:30:09,Synthetic demo record: theft reported in Chamarajanagar.,Pooja Nair|Harish Sharma
DEMO-20260822-00618,Chikkaballapur,Chikkaballapur Demo Zone 1,Theft,3,13.45129,77.738132,2026-06-19T08:44:09,Synthetic demo record: theft reported in Chikkaballapur.,Priya Sharma|Ganesh Rao
DEMO-20260822-00619,Kolar,Kolar Demo Zone 1,Theft,3,13.117991,78.100582,2026-06-24T09:43:09,Synthetic demo record: theft reported in Kolar.,Srinivas Sharma|Pooja Nair
DEMO-20260822-00620,Mysuru,Mysuru Demo Zone 4,Fraud,4,12.287652,76.652377,2026-08-04T23:01:09,Synthetic demo record: fraud reported in Mysuru.,Rajesh Patil|Ganesh Patil
DEMO-20260822-00621,Bengaluru Rural,Bengaluru Rural Demo Zone 3,Fraud,4,13.265526,77.596524,2026-06-20T00:28:09,Synthetic demo record: fraud reported in Bengaluru Rural.,Anil Shetty|Prakash Shetty
DEMO-20260822-00622,Koppal,Koppal Demo Zone 4,Assault,6,15.368683,76.138881,2026-06-10T07:47:09,Synthetic demo record: assault reported in Koppal.,Kavitha Sharma|Meena Sharma|Arjun Sharma
DEMO-20260822-00623,Raichur,Raichur Demo Zone 3,Assault,7,16.20432,77.380345,2026-07-22T11:03:09,Synthetic demo record: assault reported in Raichur.,Irfan Patil|Kavitha Patil
DEMO-20260822-00624,Raichur,Raichur Demo Zone 3,Fraud,4,16.238247,77.337703,2026-08-04T10:25:09,Synthetic demo record: fraud reported in Raichur.,Rohit Patil|Farhan Patil
DEMO-20260822-00625,Kalaburagi,Kalaburagi Demo Zone 4,Assault,6,17.335542,76.846423,2026-06-02T10:02:09,Synthetic demo record: assault reported in Kalaburagi.,Suresh Nair|Ravi Nair
DEMO-20260822-00626,Ramanagara,Ramanagara Demo Zone 1,Dispute,2,12.729216,77.276162,2026-06-23T09:38:09,Synthetic demo record: dispute reported in Ramanagara.,Ashok Kumar|Santosh Kumar|Anil Kumar
DEMO-20260822-00627,Mysuru,Mysuru Demo Zone 2,Assault,7,12.277777,76.667294,2026-07-04T02:19:09,Synthetic demo record: assault reported in Mysuru.,Prakash Patil|Anil Patil
DEMO-20260822-00628,Uttara Kannada,Uttara Kannada Demo Zone 4,Theft,5,14.822863,74.116442,2026-07-03T11:18:09,Synthetic demo record: theft reported in Uttara Kannada.,Ganesh Shetty
DEMO-20260822-00629,Dakshina Kannada,Dakshina Kannada Demo Zone 1,Burglary,6,12.896322,74.836293,2026-08-06T04:54:09,Synthetic demo record: burglary reported in Dakshina Kannada.,Irfan Patil|Harish Patil
DEMO-20260822-00630,Mandya,Mandya Demo Zone 4,Dispute,3,12.547014,76.926045,2026-08-12T06:32:09,Synthetic demo record: dispute reported in Mandya.,Prakash Rao|Harish Rao|Rajesh Rao
DEMO-20260822-00631,Ballari,Ballari Demo Zone 2,Burglary,6,15.150736,76.938145,2026-06-10T07:02:09,Synthetic demo record: burglary reported in Ballari.,Pooja Gowda|Vijay Reddy
DEMO-20260822-00632,Chikkaballapur,Chikkaballapur Demo Zone 4,Vandalism,2,13.450226,77.738489,2026-06-10T18:14:09,Synthetic demo record: vandalism reported in Chikkaballapur.,Rohit Sharma|Ganesh Rao|Ashok Sharma
DEMO-20260822-00633,Kolar,Kolar Demo Zone 2,Theft,5,13.114607,78.107116,2026-06-09T22:56:09,Synthetic demo record: theft reported in Kolar.,Deepak Sharma|Pooja Nair
DEMO-20260822-00634,Mysuru,Mysuru Demo Zone 1,Dispute,4,12.268312,76.642129,2026-06-13T15:08:09,Synthetic demo record: dispute reported in Mysuru.,Vijay Patil|Rekha Rao
DEMO-20260822-00635,Shivamogga,Shivamogga Demo Zone 2,Robbery,8,13.899061,75.577915,2026-05-26T01:43:09,Synthetic demo record: robbery reported in Shivamogga.,Kiran Gowda
DEMO-20260822-00636,Chamarajanagar,Chamarajanagar Demo Zone 4,Fraud,6,11.944526,76.953476,2026-05-30T10:09:09,Synthetic demo record: fraud reported in Chamarajanagar.,Deepak Sharma|Mahesh Sharma|Meena Nair
DEMO-20260822-00637,Chamarajanagar,Chamarajanagar Demo Zone 1,Assault,7,11.945094,76.952683,2026-06-17T18:03:09,Synthetic demo record: assault reported in Chamarajanagar.,Vijay Sharma|Manoj Sharma
DEMO-20260822-00638,Kodagu,Kodagu Demo Zone 3,Vandalism,1,12.414623,75.777201,2026-08-08T13:18:09,Synthetic demo record: vandalism reported in Kodagu.,Farhan Nair
DEMO-20260822-00639,Ramanagara,Ramanagara Demo Zone 1,Assault,7,12.730696,77.256271,2026-07-12T09:03:09,Synthetic demo record: assault reported in Ramanagara.,Vijay Kumar
DEMO-20260822-00640,Hassan,Hassan Demo Zone 4,Assault,6,12.991668,76.109033,2026-06-15T13:52:09,Synthetic demo record: assault reported in Hassan.,Farhan Reddy
DEMO-20260822-00641,Bengaluru Urban,Bengaluru Urban Demo Zone 4,Vandalism,2,12.960383,77.566475,2026-08-10T11:15:09,Synthetic demo record: vandalism reported in Bengaluru Urban.,Meena Shetty
DEMO-20260822-00642,Chamarajanagar,Chamarajanagar Demo Zone 1,Theft,3,11.946082,76.950762,2026-08-08T11:00:09,Synthetic demo record: theft reported in Chamarajanagar.,Harish Sharma|Naveen Sharma|Ramesh Sharma
DEMO-20260822-00643,Bengaluru Rural,Bengaluru Rural Demo Zone 1,Theft,4,13.31207,77.642012,2026-06-20T05:13:09,Synthetic demo record: theft reported in Bengaluru Rural.,Naveen Shetty
DEMO-20260822-00644,Uttara Kannada,Uttara Kannada Demo Zone 1,Assault,6,14.838801,74.147586,2026-06-11T11:25:09,Synthetic demo record: assault reported in Uttara Kannada.,Mohan Shetty
DEMO-20260822-00645,Koppal,Koppal Demo Zone 4,Theft,5,15.367942,76.137424,2026-06-07T20:11:09,Synthetic demo record: theft reported in Koppal.,Kavitha Sharma|Priya Sharma
DEMO-20260822-00646,Gadag,Gadag Demo Zone 3,Assault,7,15.41871,75.620268,2026-07-04T10:09:09,Synthetic demo record: assault reported in Gadag.,Nikhil Gowda|Pooja Gowda
DEMO-20260822-00647,Vijayanagara,Vijayanagara Demo Zone 4,Vandalism,2,15.329104,76.499347,2026-07-20T20:48:09,Synthetic demo record: vandalism reported in Vijayanagara.,Pradeep Nair|Santosh Nair
DEMO-20260822-00648,Chamarajanagar,Chamarajanagar Demo Zone 3,Theft,3,11.934152,76.93819,2026-06-06T01:51:09,Synthetic demo record: theft reported in Chamarajanagar.,Ramesh Sharma|Anil Sharma
DEMO-20260822-00649,Yadgir,Yadgir Demo Zone 3,Burglary,7,16.778604,77.144858,2026-05-27T04:43:09,Synthetic demo record: burglary reported in Yadgir.,Srinivas Sharma|Ramesh Sharma
DEMO-20260822-00650,Ramanagara,Ramanagara Demo Zone 4,Fraud,6,12.73241,77.251037,2026-07-21T13:59:09,Synthetic demo record: fraud reported in Ramanagara.,Ganesh Kumar
DEMO-20260822-00651,Udupi,Udupi Demo Zone 1,Dispute,2,13.312969,74.759306,2026-06-30T14:47:09,Synthetic demo record: dispute reported in Udupi.,Prakash Reddy
DEMO-20260822-00652,Raichur,Raichur Demo Zone 3,Chain Snatching,7,16.231892,77.343884,2026-06-21T18:57:09,Synthetic demo record: chain snatching reported in Raichur.,Meena Patil|Pradeep Patil|Rekha Patil
DEMO-20260822-00653,Ramanagara,Ramanagara Demo Zone 3,Vandalism,2,12.731335,77.27424,2026-07-05T19:19:09,Synthetic demo record: vandalism reported in Ramanagara.,Santosh Kumar|Mohan Kumar|Ramesh Kumar
DEMO-20260822-00654,Vijayapura,Vijayapura Demo Zone 2,Theft,4,16.835735,75.713372,2026-06-03T08:36:09,Synthetic demo record: theft reported in Vijayapura.,Pooja Shetty|Meena Shetty|Arjun Shetty
DEMO-20260822-00655,Dakshina Kannada,Dakshina Kannada Demo Zone 4,Dispute,3,12.923235,74.849357,2026-06-03T16:15:09,Synthetic demo record: dispute reported in Dakshina Kannada.,Saleem Patil|Harish Patil
DEMO-20260822-00656,Dakshina Kannada,Dakshina Kannada Demo Zone 1,Chain Snatching,7,12.921727,74.845891,2026-07-09T21:19:09,Synthetic demo record: chain snatching reported in Dakshina Kannada.,Kiran Patil|Kavitha Patil
DEMO-20260822-00657,Chitradurga,Chitradurga Demo Zone 4,Chain Snatching,7,14.239743,76.404028,2026-08-13T11:09:09,Synthetic demo record: chain snatching reported in Chitradurga.,Mahesh Patil|Srinivas Patil
DEMO-20260822-00658,Chikkamagaluru,Chikkamagaluru Demo Zone 1,Theft,5,13.32344,75.753389,2026-07-12T05:58:09,Synthetic demo record: theft reported in Chikkamagaluru.,Imran Rao
DEMO-20260822-00659,Vijayapura,Vijayapura Demo Zone 3,Theft,4,16.810108,75.712616,2026-07-26T18:24:09,Synthetic demo record: theft reported in Vijayapura.,Saleem Shetty
DEMO-20260822-00660,Vijayanagara,Vijayanagara Demo Zone 4,Assault,7,15.312874,76.442598,2026-05-31T12:47:09,Synthetic demo record: assault reported in Vijayanagara.,Pradeep Nair
DEMO-20260822-00661,Kolar,Kolar Demo Zone 3,Theft,4,13.127055,78.097996,2026-06-26T16:36:09,Synthetic demo record: theft reported in Kolar.,Ramesh Sharma|Anil Sharma|Ganesh Sharma
DEMO-20260822-00662,Dharwad,Dharwad Demo Zone 3,Theft,5,15.466153,75.009086,2026-07-06T02:43:09,Synthetic demo record: theft reported in Dharwad.,Arjun Gowda
DEMO-20260822-00663,Kodagu,Kodagu Demo Zone 4,Theft,3,12.447525,75.748086,2026-08-07T03:49:09,Synthetic demo record: theft reported in Kodagu.,Priya Nair
DEMO-20260822-00664,Hassan,Hassan Demo Zone 4,Fraud,5,12.978649,76.111125,2026-06-01T22:07:09,Synthetic demo record: fraud reported in Hassan.,Priya Reddy
DEMO-20260822-00665,Ballari,Ballari Demo Zone 2,Theft,3,15.117541,76.921127,2026-07-10T00:25:09,Synthetic demo record: theft reported in Ballari.,Anil Reddy
DEMO-20260822-00666,Yadgir,Yadgir Demo Zone 1,Assault,7,16.775959,77.144496,2026-07-21T21:16:09,Synthetic demo record: assault reported in Yadgir.,Ravi Sharma|Anil Sharma|Santosh Sharma
DEMO-20260822-00667,Gadag,Gadag Demo Zone 1,Assault,6,15.415508,75.619331,2026-06-05T06:51:09,Synthetic demo record: assault reported in Gadag.,Saleem Gowda|Ganesh Reddy
DEMO-20260822-00668,Ramanagara,Ramanagara Demo Zone 2,Assault,7,12.761378,77.296031,2026-07-12T02:50:09,Synthetic demo record: assault reported in Ramanagara.,Arjun Kumar|Mohan Kumar|Nikhil Kumar
DEMO-20260822-00669,Davanagere,Davanagere Demo Zone 1,Vandalism,2,14.48472,75.901015,2026-08-22T02:46:09,Synthetic demo record: vandalism reported in Davanagere.,Mohan Kumar|Arjun Kumar
DEMO-20260822-00670,Mandya,Mandya Demo Zone 3,Robbery,7,12.532415,76.893797,2026-07-17T04:10:09,Synthetic demo record: robbery reported in Mandya.,Vijay Rao|Prakash Rao
DEMO-20260822-00671,Mandya,Mandya Demo Zone 1,Burglary,5,12.527268,76.919577,2026-08-17T08:50:09,Synthetic demo record: burglary reported in Mandya.,Harish Rao|Imran Rao|Santosh Rao
DEMO-20260822-00672,Vijayanagara,Vijayanagara Demo Zone 1,Assault,8,15.316044,76.459366,2026-07-19T15:36:09,Synthetic demo record: assault reported in Vijayanagara.,Saleem Nair|Santosh Nair
DEMO-20260822-00673,Davanagere,Davanagere Demo Zone 4,Robbery,9,14.496707,75.914171,2026-07-23T18:17:09,Synthetic demo record: robbery reported in Davanagere.,Ganesh Kumar|Ashok Kumar
DEMO-20260822-00674,Bengaluru Rural,Bengaluru Rural Demo Zone 3,Fraud,5,13.288889,77.625383,2026-08-13T20:09:09,Synthetic demo record: fraud reported in Bengaluru Rural.,Anil Shetty
DEMO-20260822-00675,Mysuru,Mysuru Demo Zone 4,Robbery,8,12.292449,76.646094,2026-07-29T11:55:09,Synthetic demo record: robbery reported in Mysuru.,Pooja Rao|Srinivas Patil|Deepak Patil
DEMO-20260822-00676,Dakshina Kannada,Dakshina Kannada Demo Zone 4,Theft,5,12.887774,74.837951,2026-08-11T00:16:09,Synthetic demo record: theft reported in Dakshina Kannada.,Rohit Patil
DEMO-20260822-00677,Raichur,Raichur Demo Zone 4,Theft,4,16.209061,77.353799,2026-07-11T08:26:09,Synthetic demo record: theft reported in Raichur.,Ashok Patil|Imran Patil
DEMO-20260822-00678,Ramanagara,Ramanagara Demo Zone 4,Theft,5,12.74652,77.285187,2026-08-17T22:35:09,Synthetic demo record: theft reported in Ramanagara.,Nikhil Kumar|Rohit Kumar
DEMO-20260822-00679,Bidar,Bidar Demo Zone 2,Assault,6,17.922538,77.522744,2026-07-31T18:05:09,Synthetic demo record: assault reported in Bidar.,Nikhil Nair|Harish Nair
DEMO-20260822-00680,Chitradurga,Chitradurga Demo Zone 4,Theft,3,14.236152,76.40387,2026-07-18T00:07:09,Synthetic demo record: theft reported in Chitradurga.,Prakash Patil
DEMO-20260822-00681,Shivamogga,Shivamogga Demo Zone 2,Theft,4,13.951307,75.59878,2026-07-13T11:37:09,Synthetic demo record: theft reported in Shivamogga.,Ganesh Gowda
DEMO-20260822-00682,Hassan,Hassan Demo Zone 3,Vandalism,3,13.021664,76.112072,2026-07-25T01:50:09,Synthetic demo record: vandalism reported in Hassan.,Mohan Reddy|Farhan Reddy
DEMO-20260822-00683,Kodagu,Kodagu Demo Zone 2,Assault,7,12.432969,75.701525,2026-06-02T02:24:09,Synthetic demo record: assault reported in Kodagu.,Priya Nair|Saleem Nair|Manoj Nair
DEMO-20260822-00684,Vijayapura,Vijayapura Demo Zone 4,Assault,8,16.834514,75.683127,2026-06-19T01:47:09,Synthetic demo record: assault reported in Vijayapura.,Irfan Shetty|Saleem Shetty
DEMO-20260822-00685,Belagavi,Belagavi Demo Zone 1,Burglary,5,15.880357,74.518858,2026-07-26T01:32:09,Synthetic demo record: burglary reported in Belagavi.,Rohit Reddy|Mohan Reddy
DEMO-20260822-00686,Bengaluru Urban,Bengaluru Urban Demo Zone 3,Theft,3,12.955928,77.566985,2026-06-23T18:22:09,Synthetic demo record: theft reported in Bengaluru Urban.,Saleem Shetty|Rajesh Nair|Mahesh Nair
DEMO-20260822-00687,Raichur,Raichur Demo Zone 4,Vandalism,3,16.252359,77.302403,2026-08-18T09:29:09,Synthetic demo record: vandalism reported in Raichur.,Irfan Patil|Mohan Patil
DEMO-20260822-00688,Chamarajanagar,Chamarajanagar Demo Zone 4,Assault,8,11.931336,76.929247,2026-07-10T11:06:09,Synthetic demo record: assault reported in Chamarajanagar.,Deepak Sharma
DEMO-20260822-00689,Bengaluru Rural,Bengaluru Rural Demo Zone 2,Vandalism,3,13.286217,77.617174,2026-07-21T08:02:09,Synthetic demo record: vandalism reported in Bengaluru Rural.,Kiran Shetty|Ramesh Shetty
DEMO-20260822-00690,Mandya,Mandya Demo Zone 4,Theft,3,12.497395,76.90863,2026-05-28T18:25:09,Synthetic demo record: theft reported in Mandya.,Prakash Rao
DEMO-20260822-00691,Mysuru,Mysuru Demo Zone 1,Theft,3,12.307103,76.631082,2026-08-22T09:14:09,Synthetic demo record: theft reported in Mysuru.,Mahesh Patil|Manoj Patil
DEMO-20260822-00692,Bagalkote,Bagalkote Demo Zone 4,Robbery,7,16.19708,75.652146,2026-08-21T14:57:09,Synthetic demo record: robbery reported in Bagalkote.,Ramesh Gowda|Ashok Gowda
DEMO-20260822-00693,Ramanagara,Ramanagara Demo Zone 3,Assault,6,12.698494,77.251443,2026-07-10T14:57:09,Synthetic demo record: assault reported in Ramanagara.,Manoj Kumar
DEMO-20260822-00694,Bengaluru Rural,Bengaluru Rural Demo Zone 1,Chain Snatching,7,13.286439,77.613962,2026-06-26T02:41:09,Synthetic demo record: chain snatching reported in Bengaluru Rural.,Manoj Shetty|Srinivas Shetty
DEMO-20260822-00695,Chamarajanagar,Chamarajanagar Demo Zone 2,Dispute,3,11.952456,76.925874,2026-07-02T03:14:09,Synthetic demo record: dispute reported in Chamarajanagar.,Kavitha Nair|Rajesh Sharma
DEMO-20260822-00696,Belagavi,Belagavi Demo Zone 3,Burglary,7,15.82332,74.47439,2026-06-16T18:13:09,Synthetic demo record: burglary reported in Belagavi.,Kavitha Reddy|Ramesh Reddy
DEMO-20260822-00697,Dakshina Kannada,Dakshina Kannada Demo Zone 2,Chain Snatching,6,12.899419,74.835634,2026-06-12T07:44:09,Synthetic demo record: chain snatching reported in Dakshina Kannada.,Rohit Patil|Irfan Patil
DEMO-20260822-00698,Kolar,Kolar Demo Zone 4,Fraud,4,13.129725,78.099309,2026-07-19T22:50:09,Synthetic demo record: fraud reported in Kolar.,Mohan Sharma|Deepak Sharma
DEMO-20260822-00699,Udupi,Udupi Demo Zone 3,Burglary,7,13.310555,74.764991,2026-06-14T16:30:09,Synthetic demo record: burglary reported in Udupi.,Saleem Reddy
DEMO-20260822-00700,Belagavi,Belagavi Demo Zone 3,Theft,5,15.824455,74.507561,2026-07-15T13:33:09,Synthetic demo record: theft reported in Belagavi.,Kavitha Reddy
DEMO-20260822-00701,Bidar,Bidar Demo Zone 2,Robbery,8,17.930272,77.520932,2026-07-09T14:11:09,Synthetic demo record: robbery reported in Bidar.,Srinivas Nair|Rohit Nair
DEMO-20260822-00702,Hassan,Hassan Demo Zone 2,Assault,6,12.989281,76.103401,2026-06-13T20:15:09,Synthetic demo record: assault reported in Hassan.,Saleem Reddy
DEMO-20260822-00703,Koppal,Koppal Demo Zone 4,Robbery,9,15.366377,76.14537,2026-06-03T21:01:09,Synthetic demo record: robbery reported in Koppal.,Pradeep Sharma|Rohit Sharma|Kiran Sharma
DEMO-20260822-00704,Ballari,Ballari Demo Zone 1,Assault,8,15.133403,76.899355,2026-07-09T08:25:09,Synthetic demo record: assault reported in Ballari.,Ganesh Reddy
DEMO-20260822-00705,Ramanagara,Ramanagara Demo Zone 2,Theft,3,12.698061,77.250631,2026-06-21T22:21:09,Synthetic demo record: theft reported in Ramanagara.,Pradeep Kumar
DEMO-20260822-00706,Chamarajanagar,Chamarajanagar Demo Zone 1,Fraud,4,11.93008,76.938499,2026-06-03T19:04:09,Synthetic demo record: fraud reported in Chamarajanagar.,Rajesh Sharma
DEMO-20260822-00707,Kodagu,Kodagu Demo Zone 3,Vandalism,2,12.402531,75.747803,2026-06-30T05:05:09,Synthetic demo record: vandalism reported in Kodagu.,Mohan Nair|Ramesh Nair|Naveen Nair
DEMO-20260822-00708,Dakshina Kannada,Dakshina Kannada Demo Zone 2,Fraud,6,12.923877,74.848377,2026-05-26T21:39:09,Synthetic demo record: fraud reported in Dakshina Kannada.,Arjun Patil
DEMO-20260822-00709,Raichur,Raichur Demo Zone 3,Fraud,6,16.217717,77.336147,2026-07-16T07:27:09,Synthetic demo record: fraud reported in Raichur.,Pradeep Patil|Kavitha Patil
DEMO-20260822-00710,Yadgir,Yadgir Demo Zone 1,Assault,6,16.769874,77.128874,2026-07-23T18:23:09,Synthetic demo record: assault reported in Yadgir.,Mahesh Sharma|Pooja Nair
DEMO-20260822-00711,Hassan,Hassan Demo Zone 1,Theft,5,12.996643,76.105528,2026-06-26T15:49:09,Synthetic demo record: theft reported in Hassan.,Irfan Reddy
DEMO-20260822-00712,Chamarajanagar,Chamarajanagar Demo Zone 4,Chain Snatching,6,11.930096,76.940488,2026-07-09T05:34:09,Synthetic demo record: chain snatching reported in Chamarajanagar.,Srinivas Sharma|Suresh Sharma|Naveen Sharma
DEMO-20260822-00713,Koppal,Koppal Demo Zone 1,Fraud,5,15.365981,76.14198,2026-06-01T13:36:09,Synthetic demo record: fraud reported in Koppal.,Anil Rao
DEMO-20260822-00714,Ramanagara,Ramanagara Demo Zone 1,Dispute,3,12.696803,77.252363,2026-08-11T23:40:09,Synthetic demo record: dispute reported in Ramanagara.,Kiran Kumar
DEMO-20260822-00715,Vijayanagara,Vijayanagara Demo Zone 2,Theft,4,15.358783,76.456858,2026-08-03T10:06:09,Synthetic demo record: theft reported in Vijayanagara.,Arjun Nair
DEMO-20260822-00716,Chikkamagaluru,Chikkamagaluru Demo Zone 4,Assault,6,13.314903,75.751788,2026-06-09T11:49:09,Synthetic demo record: assault reported in Chikkamagaluru.,Farhan Rao|Nikhil Rao|Imran Rao
DEMO-20260822-00717,Dharwad,Dharwad Demo Zone 2,Burglary,5,15.460062,75.014295,2026-06-21T02:43:09,Synthetic demo record: burglary reported in Dharwad.,Harish Gowda|Pradeep Gowda|Deepak Gowda
DEMO-20260822-00718,Vijayapura,Vijayapura Demo Zone 2,Dispute,2,16.808184,75.711508,2026-06-14T00:36:09,Synthetic demo record: dispute reported in Vijayapura.,Nikhil Shetty|Meena Shetty
DEMO-20260822-00719,Ballari,Ballari Demo Zone 4,Chain Snatching,6,15.151975,76.933905,2026-06-21T06:56:09,Synthetic demo record: chain snatching reported in Ballari.,Deepak Reddy
DEMO-20260822-00720,Chikkaballapur,Chikkaballapur Demo Zone 3,Burglary,5,13.475618,77.742374,2026-06-13T18:29:09,Synthetic demo record: burglary reported in Chikkaballapur.,Farhan Sharma|Ashok Sharma|Kavitha Sharma
DEMO-20260822-00721,Dakshina Kannada,Dakshina Kannada Demo Zone 2,Theft,5,12.923387,74.847058,2026-08-07T00:48:09,Synthetic demo record: theft reported in Dakshina Kannada.,Kavitha Patil
DEMO-20260822-00722,Kalaburagi,Kalaburagi Demo Zone 3,Chain Snatching,8,17.309132,76.858002,2026-05-29T01:24:09,Synthetic demo record: chain snatching reported in Kalaburagi.,Vijay Nair
DEMO-20260822-00723,Haveri,Haveri Demo Zone 4,Dispute,4,14.80854,75.375573,2026-07-12T10:41:09,Synthetic demo record: dispute reported in Haveri.,Meena Reddy|Suresh Shetty|Ganesh Shetty
DEMO-20260822-00724,Chikkamagaluru,Chikkamagaluru Demo Zone 3,Theft,4,13.343127,75.775043,2026-05-31T21:58:09,Synthetic demo record: theft reported in Chikkamagaluru.,Manoj Rao|Saleem Rao
DEMO-20260822-00725,Shivamogga,Shivamogga Demo Zone 2,Burglary,5,13.922186,75.557161,2026-08-12T01:57:09,Synthetic demo record: burglary reported in Shivamogga.,Vijay Gowda
DEMO-20260822-00726,Dakshina Kannada,Dakshina Kannada Demo Zone 1,Dispute,2,12.885259,74.835373,2026-06-14T10:40:09,Synthetic demo record: dispute reported in Dakshina Kannada.,Meena Patil
DEMO-20260822-00727,Ballari,Ballari Demo Zone 3,Theft,5,15.129816,76.92026,2026-08-12T13:57:09,Synthetic demo record: theft reported in Ballari.,Ravi Reddy
DEMO-20260822-00728,Mysuru,Mysuru Demo Zone 4,Theft,3,12.300606,76.63213,2026-07-06T20:02:09,Synthetic demo record: theft reported in Mysuru.,Rekha Rao|Santosh Patil
DEMO-20260822-00729,Chitradurga,Chitradurga Demo Zone 4,Dispute,3,14.199819,76.397043,2026-06-05T08:17:09,Synthetic demo record: dispute reported in Chitradurga.,Ganesh Patil
DEMO-20260822-00730,Belagavi,Belagavi Demo Zone 2,Dispute,3,15.82271,74.504625,2026-07-23T22:29:09,Synthetic demo record: dispute reported in Belagavi.,Santosh Reddy
DEMO-20260822-00731,Shivamogga,Shivamogga Demo Zone 1,Fraud,5,13.946025,75.560353,2026-07-13T06:36:09,Synthetic demo record: fraud reported in Shivamogga.,Ganesh Gowda
DEMO-20260822-00732,Kolar,Kolar Demo Zone 3,Assault,6,13.120539,78.105498,2026-06-08T16:45:09,Synthetic demo record: assault reported in Kolar.,Ravi Sharma|Harish Sharma
DEMO-20260822-00733,Yadgir,Yadgir Demo Zone 1,Fraud,4,16.758495,77.1754,2026-07-12T17:20:09,Synthetic demo record: fraud reported in Yadgir.,Deepak Sharma|Ganesh Sharma
DEMO-20260822-00734,Ramanagara,Ramanagara Demo Zone 2,Dispute,2,12.694715,77.311485,2026-06-02T18:04:09,Synthetic demo record: dispute reported in Ramanagara.,Ramesh Kumar|Pradeep Kumar
DEMO-20260822-00735,Shivamogga,Shivamogga Demo Zone 3,Theft,3,13.899076,75.579345,2026-07-01T20:45:09,Synthetic demo record: theft reported in Shivamogga.,Ramesh Gowda
DEMO-20260822-00736,Dakshina Kannada,Dakshina Kannada Demo Zone 3,Burglary,6,12.947,74.872103,2026-07-28T06:18:09,Synthetic demo record: burglary reported in Dakshina Kannada.,Pooja Patil|Suresh Kumar
DEMO-20260822-00737,Yadgir,Yadgir Demo Zone 4,Fraud,6,16.743077,77.124909,2026-08-22T06:29:09,Synthetic demo record: fraud reported in Yadgir.,Ravi Sharma|Rajesh Sharma
DEMO-20260822-00738,Gadag,Gadag Demo Zone 2,Fraud,6,15.456192,75.658764,2026-06-17T10:45:09,Synthetic demo record: fraud reported in Gadag.,Mahesh Reddy
DEMO-20260822-00739,Uttara Kannada,Uttara Kannada Demo Zone 4,Assault,7,14.824829,74.114927,2026-05-30T02:16:09,Synthetic demo record: assault reported in Uttara Kannada.,Suresh Shetty|Harish Shetty
DEMO-20260822-00740,Davanagere,Davanagere Demo Zone 3,Burglary,5,14.48336,75.894716,2026-07-23T11:47:09,Synthetic demo record: burglary reported in Davanagere.,Naveen Kumar
DEMO-20260822-00741,Bengaluru Rural,Bengaluru Rural Demo Zone 3,Theft,3,13.269588,77.590998,2026-08-21T20:00:09,Synthetic demo record: theft reported in Bengaluru Rural.,Kiran Shetty|Ashok Shetty
DEMO-20260822-00742,Yadgir,Yadgir Demo Zone 1,Theft,5,16.777233,77.143502,2026-06-30T10:46:09,Synthetic demo record: theft reported in Yadgir.,Harish Sharma|Ravi Sharma|Rekha Nair
DEMO-20260822-00743,Vijayanagara,Vijayanagara Demo Zone 2,Vandalism,3,15.313504,76.441304,2026-07-05T13:19:09,Synthetic demo record: vandalism reported in Vijayanagara.,Pradeep Nair
DEMO-20260822-00744,Raichur,Raichur Demo Zone 2,Theft,3,16.22693,77.339199,2026-07-14T17:14:09,Synthetic demo record: theft reported in Raichur.,Pradeep Patil|Saleem Patil
DEMO-20260822-00745,Uttara Kannada,Uttara Kannada Demo Zone 1,Dispute,2,14.83552,74.091363,2026-06-18T03:01:09,Synthetic demo record: dispute reported in Uttara Kannada.,Naveen Shetty
DEMO-20260822-00746,Dharwad,Dharwad Demo Zone 1,Assault,8,15.457668,75.013835,2026-06-13T00:49:09,Synthetic demo record: assault reported in Dharwad.,Harish Gowda
DEMO-20260822-00747,Gadag,Gadag Demo Zone 3,Fraud,5,15.423475,75.614181,2026-07-19T11:49:09,Synthetic demo record: fraud reported in Gadag.,Ganesh Reddy|Saleem Gowda
DEMO-20260822-00748,Uttara Kannada,Uttara Kannada Demo Zone 2,Fraud,4,14.841874,74.14672,2026-07-27T21:24:09,Synthetic demo record: fraud reported in Uttara Kannada.,Kiran Shetty|Ganesh Shetty
DEMO-20260822-00749,Uttara Kannada,Uttara Kannada Demo Zone 1,Theft,4,14.809953,74.105197,2026-08-02T08:20:09,Synthetic demo record: theft reported in Uttara Kannada.,Meena Reddy|Pooja Reddy
DEMO-20260822-00750,Tumakuru,Tumakuru Demo Zone 1,Theft,4,13.30913,77.105887,2026-07-14T12:00:09,Synthetic demo record: theft reported in Tumakuru.,Ravi Reddy
DEMO-20260822-00751,Mysuru,Mysuru Demo Zone 4,Theft,5,12.28886,76.654178,2026-08-21T17:34:09,Synthetic demo record: theft reported in Mysuru.,Kavitha Rao|Deepak Patil
DEMO-20260822-00752,Bengaluru Rural,Bengaluru Rural Demo Zone 2,Chain Snatching,7,13.256874,77.583056,2026-05-27T00:08:09,Synthetic demo record: chain snatching reported in Bengaluru Rural.,Santosh Shetty
DEMO-20260822-00753,Dharwad,Dharwad Demo Zone 4,Chain Snatching,8,15.43197,75.022045,2026-06-17T18:05:09,Synthetic demo record: chain snatching reported in Dharwad.,Vijay Gowda
DEMO-20260822-00754,Kalaburagi,Kalaburagi Demo Zone 3,Burglary,6,17.362125,76.870218,2026-07-22T01:15:09,Synthetic demo record: burglary reported in Kalaburagi.,Ravi Nair
DEMO-20260822-00755,Gadag,Gadag Demo Zone 3,Dispute,4,15.456148,75.654442,2026-08-07T20:40:09,Synthetic demo record: dispute reported in Gadag.,Rekha Gowda
DEMO-20260822-00756,Hassan,Hassan Demo Zone 1,Assault,7,12.999427,76.110765,2026-08-09T13:34:09,Synthetic demo record: assault reported in Hassan.,Rekha Reddy
DEMO-20260822-00757,Haveri,Haveri Demo Zone 2,Dispute,4,14.793397,75.377066,2026-06-22T10:08:09,Synthetic demo record: dispute reported in Haveri.,Manoj Shetty|Prakash Shetty
DEMO-20260822-00758,Dharwad,Dharwad Demo Zone 2,Theft,5,15.434794,75.022056,2026-07-21T11:20:09,Synthetic demo record: theft reported in Dharwad.,Srinivas Gowda
DEMO-20260822-00759,Bagalkote,Bagalkote Demo Zone 3,Theft,5,16.201657,75.66309,2026-08-06T21:27:09,Synthetic demo record: theft reported in Bagalkote.,Arjun Gowda
DEMO-20260822-00760,Ballari,Ballari Demo Zone 3,Burglary,7,15.143655,76.957588,2026-05-30T14:35:09,Synthetic demo record: burglary reported in Ballari.,Kavitha Gowda|Imran Gowda
DEMO-20260822-00761,Bengaluru Urban,Bengaluru Urban Demo Zone 1,Dispute,3,13.008337,77.63392,2026-05-25T17:42:09,Synthetic demo record: dispute reported in Bengaluru Urban.,Pooja Shetty
DEMO-20260822-00762,Belagavi,Belagavi Demo Zone 4,Fraud,4,15.823072,74.472197,2026-06-25T05:31:09,Synthetic demo record: fraud reported in Belagavi.,Naveen Reddy|Pradeep Reddy
DEMO-20260822-00763,Bagalkote,Bagalkote Demo Zone 3,Dispute,2,16.196743,75.662056,2026-07-02T14:04:09,Synthetic demo record: dispute reported in Bagalkote.,Mohan Gowda
DEMO-20260822-00764,Raichur,Raichur Demo Zone 3,Dispute,3,16.239895,77.314122,2026-08-18T23:39:09,Synthetic demo record: dispute reported in Raichur.,Suresh Kumar
DEMO-20260822-00765,Bagalkote,Bagalkote Demo Zone 2,Vandalism,3,16.196524,75.66699,2026-08-04T01:07:09,Synthetic demo record: vandalism reported in Bagalkote.,Naveen Gowda
DEMO-20260822-00766,Bagalkote,Bagalkote Demo Zone 2,Burglary,7,16.19527,75.652189,2026-08-18T04:26:09,Synthetic demo record: burglary reported in Bagalkote.,Arjun Gowda
DEMO-20260822-00767,Ballari,Ballari Demo Zone 1,Fraud,5,15.148852,76.900576,2026-08-08T00:00:09,Synthetic demo record: fraud reported in Ballari.,Mahesh Reddy|Pooja Gowda
DEMO-20260822-00768,Bagalkote,Bagalkote Demo Zone 2,Assault,8,16.199478,75.663171,2026-06-12T00:28:09,Synthetic demo record: assault reported in Bagalkote.,Vijay Gowda|Santosh Gowda
DEMO-20260822-00769,Bengaluru Rural,Bengaluru Rural Demo Zone 4,Theft,4,13.278202,77.605573,2026-07-24T04:48:09,Synthetic demo record: theft reported in Bengaluru Rural.,Pooja Reddy|Ravi Shetty
DEMO-20260822-00770,Vijayapura,Vijayapura Demo Zone 3,Theft,4,16.839106,75.73289,2026-06-10T15:33:09,Synthetic demo record: theft reported in Vijayapura.,Anil Nair|Pradeep Shetty
DEMO-20260822-00771,Yadgir,Yadgir Demo Zone 3,Assault,7,16.741956,77.121574,2026-06-06T16:51:09,Synthetic demo record: assault reported in Yadgir.,Rajesh Sharma|Naveen Sharma|Mohan Sharma
DEMO-20260822-00772,Kalaburagi,Kalaburagi Demo Zone 4,Assault,6,17.314365,76.831538,2026-07-31T09:35:09,Synthetic demo record: assault reported in Kalaburagi.,Rohit Shetty
DEMO-20260822-00773,Shivamogga,Shivamogga Demo Zone 1,Dispute,2,13.898349,75.575142,2026-08-21T03:33:09,Synthetic demo record: dispute reported in Shivamogga.,Naveen Gowda
DEMO-20260822-00774,Chikkaballapur,Chikkaballapur Demo Zone 2,Theft,4,13.420316,77.717837,2026-06-25T22:37:09,Synthetic demo record: theft reported in Chikkaballapur.,Kavitha Sharma|Pooja Sharma
DEMO-20260822-00775,Bengaluru Urban,Bengaluru Urban Demo Zone 1,Vandalism,1,12.980098,77.579081,2026-07-31T04:29:09,Synthetic demo record: vandalism reported in Bengaluru Urban.,Rekha Shetty|Rajesh Nair
DEMO-20260822-00776,Udupi,Udupi Demo Zone 2,Vandalism,1,13.35881,74.782516,2026-08-01T10:26:09,Synthetic demo record: vandalism reported in Udupi.,Irfan Reddy|Srinivas Reddy|Kiran Reddy
DEMO-20260822-00777,Belagavi,Belagavi Demo Zone 4,Theft,5,15.876487,74.514345,2026-06-20T03:39:09,Synthetic demo record: theft reported in Belagavi.,Mohan Reddy|Prakash Reddy|Ramesh Reddy
DEMO-20260822-00778,Chikkaballapur,Chikkaballapur Demo Zone 2,Fraud,6,13.450968,77.734373,2026-06-01T18:37:09,Synthetic demo record: fraud reported in Chikkaballapur.,Priya Sharma
DEMO-20260822-00779,Shivamogga,Shivamogga Demo Zone 3,Vandalism,2,13.942315,75.571174,2026-08-03T00:21:09,Synthetic demo record: vandalism reported in Shivamogga.,Srinivas Gowda|Suresh Gowda|Deepak Gowda
DEMO-20260822-00780,Kolar,Kolar Demo Zone 4,Fraud,6,13.116261,78.102341,2026-07-13T06:00:09,Synthetic demo record: fraud reported in Kolar.,Anil Sharma|Prakash Sharma|Suresh Sharma
DEMO-20260822-00781,Udupi,Udupi Demo Zone 4,Dispute,2,13.342365,74.773567,2026-06-20T12:55:09,Synthetic demo record: dispute reported in Udupi.,Srinivas Reddy|Nikhil Reddy|Priya Reddy
DEMO-20260822-00782,Uttara Kannada,Uttara Kannada Demo Zone 1,Theft,5,14.842994,74.154312,2026-06-03T23:19:09,Synthetic demo record: theft reported in Uttara Kannada.,Mahesh Shetty|Kiran Shetty|Mohan Shetty
DEMO-20260822-00783,Hassan,Hassan Demo Zone 1,Theft,3,12.98389,76.138117,2026-05-24T22:00:09,Synthetic demo record: theft reported in Hassan.,Irfan Reddy|Kiran Reddy
DEMO-20260822-00784,Yadgir,Yadgir Demo Zone 3,Dispute,4,16.745207,77.120527,2026-07-15T06:38:09,Synthetic demo record: dispute reported in Yadgir.,Pooja Nair|Ravi Sharma
DEMO-20260822-00785,Kalaburagi,Kalaburagi Demo Zone 2,Theft,4,17.301313,76.865403,2026-07-19T16:53:09,Synthetic demo record: theft reported in Kalaburagi.,Arjun Shetty|Meena Shetty
DEMO-20260822-00786,Shivamogga,Shivamogga Demo Zone 3,Theft,4,13.903795,75.579791,2026-06-17T15:24:09,Synthetic demo record: theft reported in Shivamogga.,Harish Gowda|Suresh Gowda|Deepak Gowda
DEMO-20260822-00787,Koppal,Koppal Demo Zone 1,Theft,3,15.366062,76.169309,2026-08-16T10:43:09,Synthetic demo record: theft reported in Koppal.,Nikhil Sharma
DEMO-20260822-00788,Tumakuru,Tumakuru Demo Zone 4,Fraud,6,13.313916,77.102567,2026-08-05T20:53:09,Synthetic demo record: fraud reported in Tumakuru.,Pooja Gowda
DEMO-20260822-00789,Davanagere,Davanagere Demo Zone 2,Chain Snatching,8,14.477383,75.890663,2026-07-16T08:31:09,Synthetic demo record: chain snatching reported in Davanagere.,Nikhil Kumar|Prakash Kumar
DEMO-20260822-00790,Bidar,Bidar Demo Zone 3,Chain Snatching,6,17.918788,77.518594,2026-07-06T07:29:09,Synthetic demo record: chain snatching reported in Bidar.,Deepak Nair|Farhan Nair
DEMO-20260822-00791,Ramanagara,Ramanagara Demo Zone 1,Assault,8,12.709464,77.238121,2026-07-25T19:20:09,Synthetic demo record: assault reported in Ramanagara.,Srinivas Kumar|Ramesh Kumar
DEMO-20260822-00792,Raichur,Raichur Demo Zone 3,Theft,5,16.238644,77.316272,2026-08-22T14:31:09,Synthetic demo record: theft reported in Raichur.,Kiran Patil|Ashok Patil
DEMO-20260822-00793,Dakshina Kannada,Dakshina Kannada Demo Zone 4,Assault,7,12.933672,74.886311,2026-06-04T10:59:09,Synthetic demo record: assault reported in Dakshina Kannada.,Pooja Patil|Mohan Patil
DEMO-20260822-00794,Shivamogga,Shivamogga Demo Zone 3,Chain Snatching,6,13.92618,75.526734,2026-07-05T10:44:09,Synthetic demo record: chain snatching reported in Shivamogga.,Vijay Gowda|Ashok Gowda
DEMO-20260822-00795,Mandya,Mandya Demo Zone 2,Theft,3,12.52938,76.917782,2026-06-23T10:33:09,Synthetic demo record: theft reported in Mandya.,Vijay Rao|Ramesh Rao
DEMO-20260822-00796,Gadag,Gadag Demo Zone 3,Dispute,3,15.422045,75.614967,2026-08-14T14:20:09,Synthetic demo record: dispute reported in Gadag.,Kavitha Gowda|Ravi Reddy
DEMO-20260822-00797,Udupi,Udupi Demo Zone 3,Robbery,8,13.308673,74.756033,2026-06-20T20:42:09,Synthetic demo record: robbery reported in Udupi.,Harish Reddy|Ramesh Reddy|Kiran Reddy
DEMO-20260822-00798,Ballari,Ballari Demo Zone 4,Chain Snatching,6,15.127717,76.897107,2026-08-08T03:57:09,Synthetic demo record: chain snatching reported in Ballari.,Ganesh Reddy|Kavitha Gowda
DEMO-20260822-00799,Ramanagara,Ramanagara Demo Zone 1,Theft,5,12.699245,77.255487,2026-06-26T02:17:09,Synthetic demo record: theft reported in Ramanagara.,Arjun Kumar|Ganesh Kumar
DEMO-20260822-00800,Kodagu,Kodagu Demo Zone 4,Theft,5,12.4529,75.755881,2026-07-21T06:43:09,Synthetic demo record: theft reported in Kodagu.,Santosh Nair|Pradeep Nair
DEMO-20260822-00801,Kodagu,Kodagu Demo Zone 3,Theft,5,12.423558,75.719212,2026-07-26T02:28:09,Synthetic demo record: theft reported in Kodagu.,Srinivas Nair
DEMO-20260822-00802,Kalaburagi,Kalaburagi Demo Zone 4,Fraud,6,17.345015,76.855145,2026-06-11T14:14:09,Synthetic demo record: fraud reported in Kalaburagi.,Pradeep Shetty|Imran Shetty
DEMO-20260822-00803,Yadgir,Yadgir Demo Zone 3,Chain Snatching,7,16.774976,77.146523,2026-08-21T01:19:09,Synthetic demo record: chain snatching reported in Yadgir.,Mahesh Sharma
DEMO-20260822-00804,Gadag,Gadag Demo Zone 1,Dispute,3,15.391686,75.669448,2026-07-20T18:17:09,Synthetic demo record: dispute reported in Gadag.,Suresh Reddy|Kavitha Gowda
DEMO-20260822-00805,Udupi,Udupi Demo Zone 3,Fraud,6,13.34174,74.769929,2026-08-17T11:09:09,Synthetic demo record: fraud reported in Udupi.,Nikhil Reddy
DEMO-20260822-00806,Chitradurga,Chitradurga Demo Zone 1,Theft,4,14.235533,76.401068,2026-06-21T11:08:09,Synthetic demo record: theft reported in Chitradurga.,Irfan Rao|Anil Patil
DEMO-20260822-00807,Kolar,Kolar Demo Zone 3,Theft,5,13.120477,78.110666,2026-06-16T02:09:09,Synthetic demo record: theft reported in Kolar.,Vijay Sharma|Meena Nair
DEMO-20260822-00808,Vijayapura,Vijayapura Demo Zone 2,Theft,3,16.829875,75.712594,2026-08-06T03:44:09,Synthetic demo record: theft reported in Vijayapura.,Irfan Shetty|Farhan Shetty|Kavitha Shetty
DEMO-20260822-00809,Koppal,Koppal Demo Zone 3,Dispute,3,15.370866,76.14299,2026-08-08T08:28:09,Synthetic demo record: dispute reported in Koppal.,Rohit Sharma|Saleem Sharma
DEMO-20260822-00810,Davanagere,Davanagere Demo Zone 3,Chain Snatching,7,14.486005,75.893687,2026-07-12T10:28:09,Synthetic demo record: chain snatching reported in Davanagere.,Vijay Kumar|Deepak Kumar|Rohit Kumar
DEMO-20260822-00811,Tumakuru,Tumakuru Demo Zone 2,Theft,5,13.363578,77.122808,2026-06-11T19:35:09,Synthetic demo record: theft reported in Tumakuru.,Rajesh Reddy|Saleem Gowda|Imran Gowda
DEMO-20260822-00812,Bidar,Bidar Demo Zone 1,Chain Snatching,8,17.927282,77.519921,2026-07-11T10:28:09,Synthetic demo record: chain snatching reported in Bidar.,Irfan Nair
DEMO-20260822-00813,Dharwad,Dharwad Demo Zone 2,Theft,4,15.464224,75.023656,2026-07-19T12:23:09,Synthetic demo record: theft reported in Dharwad.,Srinivas Gowda|Suresh Gowda|Ashok Gowda
DEMO-20260822-00814,Gadag,Gadag Demo Zone 3,Theft,5,15.42032,75.618836,2026-06-25T14:10:09,Synthetic demo record: theft reported in Gadag.,Anil Reddy|Suresh Reddy|Ganesh Reddy
DEMO-20260822-00815,Dharwad,Dharwad Demo Zone 2,Fraud,5,15.431358,75.020238,2026-06-08T01:00:09,Synthetic demo record: fraud reported in Dharwad.,Suresh Gowda|Ashok Gowda|Srinivas Gowda
DEMO-20260822-00816,Shivamogga,Shivamogga Demo Zone 4,Burglary,7,13.945871,75.596333,2026-07-16T19:54:09,Synthetic demo record: burglary reported in Shivamogga.,Pradeep Gowda|Rajesh Gowda|Suresh Gowda
DEMO-20260822-00817,Raichur,Raichur Demo Zone 3,Chain Snatching,6,16.235247,77.329732,2026-07-01T14:34:09,Synthetic demo record: chain snatching reported in Raichur.,Suresh Kumar|Ravi Kumar
DEMO-20260822-00818,Kalaburagi,Kalaburagi Demo Zone 1,Burglary,6,17.306643,76.858106,2026-06-14T17:36:09,Synthetic demo record: burglary reported in Kalaburagi.,Imran Shetty
DEMO-20260822-00819,Kalaburagi,Kalaburagi Demo Zone 4,Chain Snatching,6,17.320967,76.83268,2026-06-04T13:26:09,Synthetic demo record: chain snatching reported in Kalaburagi.,Mahesh Nair
DEMO-20260822-00820,Uttara Kannada,Uttara Kannada Demo Zone 3,Burglary,5,14.838118,74.15559,2026-07-11T14:56:09,Synthetic demo record: burglary reported in Uttara Kannada.,Mahesh Shetty|Santosh Shetty|Mohan Shetty
DEMO-20260822-00821,Bengaluru Urban,Bengaluru Urban Demo Zone 4,Burglary,5,12.961218,77.561015,2026-07-19T21:11:09,Synthetic demo record: burglary reported in Bengaluru Urban.,Kavitha Shetty|Meena Shetty
DEMO-20260822-00822,Chitradurga,Chitradurga Demo Zone 2,Theft,3,14.239095,76.408386,2026-05-25T00:13:09,Synthetic demo record: theft reported in Chitradurga.,Ramesh Patil|Ravi Patil|Naveen Patil
DEMO-20260822-00823,Chikkamagaluru,Chikkamagaluru Demo Zone 2,Fraud,5,13.282102,75.752583,2026-06-19T14:24:09,Synthetic demo record: fraud reported in Chikkamagaluru.,Srinivas Rao|Arjun Rao
DEMO-20260822-00824,Bengaluru Urban,Bengaluru Urban Demo Zone 3,Burglary,5,12.951125,77.613679,2026-08-02T05:25:09,Synthetic demo record: burglary reported in Bengaluru Urban.,Meena Shetty|Imran Shetty
DEMO-20260822-00825,Ramanagara,Ramanagara Demo Zone 3,Theft,4,12.732866,77.252238,2026-06-07T05:04:09,Synthetic demo record: theft reported in Ramanagara.,Santosh Kumar
DEMO-20260822-00826,Chikkaballapur,Chikkaballapur Demo Zone 1,Assault,6,13.415872,77.719129,2026-07-27T06:38:09,Synthetic demo record: assault reported in Chikkaballapur.,Rekha Sharma|Nikhil Sharma
DEMO-20260822-00827,Kolar,Kolar Demo Zone 3,Dispute,4,13.12423,78.109722,2026-08-18T08:41:09,Synthetic demo record: dispute reported in Kolar.,Rajesh Sharma|Rekha Nair|Deepak Sharma
DEMO-20260822-00828,Dharwad,Dharwad Demo Zone 4,Theft,4,15.473175,75.003827,2026-06-14T03:39:09,Synthetic demo record: theft reported in Dharwad.,Mahesh Gowda|Ashok Gowda
DEMO-20260822-00829,Dharwad,Dharwad Demo Zone 3,Dispute,2,15.458585,75.015164,2026-07-04T12:30:09,Synthetic demo record: dispute reported in Dharwad.,Deepak Gowda|Harish Gowda|Suresh Gowda
DEMO-20260822-00830,Mandya,Mandya Demo Zone 4,Dispute,3,12.532946,76.900774,2026-05-27T03:36:09,Synthetic demo record: dispute reported in Mandya.,Ramesh Rao|Arjun Rao
DEMO-20260822-00831,Gadag,Gadag Demo Zone 2,Burglary,6,15.455016,75.662455,2026-05-30T16:10:09,Synthetic demo record: burglary reported in Gadag.,Rohit Gowda|Manoj Reddy|Rekha Gowda
DEMO-20260822-00832,Vijayanagara,Vijayanagara Demo Zone 2,Dispute,2,15.315999,76.449551,2026-06-16T00:24:09,Synthetic demo record: dispute reported in Vijayanagara.,Deepak Nair|Kiran Nair|Prakash Nair
DEMO-20260822-00833,Shivamogga,Shivamogga Demo Zone 1,Theft,5,13.897214,75.574712,2026-08-03T13:55:09,Synthetic demo record: theft reported in Shivamogga.,Ravi Gowda|Ganesh Gowda|Pradeep Gowda
DEMO-20260822-00834,Dakshina Kannada,Dakshina Kannada Demo Zone 1,Theft,3,12.943043,74.842353,2026-07-28T03:22:09,Synthetic demo record: theft reported in Dakshina Kannada.,Mahesh Kumar
DEMO-20260822-00835,Dakshina Kannada,Dakshina Kannada Demo Zone 1,Fraud,5,12.92119,74.846795,2026-07-14T08:20:09,Synthetic demo record: fraud reported in Dakshina Kannada.,Rohit Patil
DEMO-20260822-00836,Dharwad,Dharwad Demo Zone 1,Theft,4,15.473913,75.001091,2026-08-02T13:23:09,Synthetic demo record: theft reported in Dharwad.,Rajesh Gowda|Ravi Gowda
DEMO-20260822-00837,Mandya,Mandya Demo Zone 1,Theft,5,12.529757,76.922188,2026-07-02T02:11:09,Synthetic demo record: theft reported in Mandya.,Farhan Rao|Ashok Rao
DEMO-20260822-00838,Tumakuru,Tumakuru Demo Zone 2,Theft,5,13.349009,77.118784,2026-08-02T23:15:09,Synthetic demo record: theft reported in Tumakuru.,Vijay Reddy|Farhan Gowda|Rekha Gowda
DEMO-20260822-00839,Davanagere,Davanagere Demo Zone 1,Theft,5,14.487741,75.897259,2026-07-21T16:52:09,Synthetic demo record: theft reported in Davanagere.,Mohan Kumar|Naveen Kumar|Prakash Kumar
DEMO-20260822-00840,Mandya,Mandya Demo Zone 4,Theft,5,12.532429,76.897929,2026-07-07T02:49:09,Synthetic demo record: theft reported in Mandya.,Harish Rao|Imran Rao
DEMO-20260822-00841,Uttara Kannada,Uttara Kannada Demo Zone 2,Fraud,6,14.838654,74.117515,2026-05-25T00:59:09,Synthetic demo record: fraud reported in Uttara Kannada.,Ramesh Shetty|Rajesh Shetty
DEMO-20260822-00842,Bengaluru Urban,Bengaluru Urban Demo Zone 3,Theft,5,12.958807,77.567161,2026-05-27T06:47:09,Synthetic demo record: theft reported in Bengaluru Urban.,Imran Shetty
DEMO-20260822-00843,Shivamogga,Shivamogga Demo Zone 1,Fraud,4,13.944605,75.543517,2026-07-15T06:06:09,Synthetic demo record: fraud reported in Shivamogga.,Deepak Gowda|Kiran Gowda
DEMO-20260822-00844,Ramanagara,Ramanagara Demo Zone 4,Theft,5,12.748785,77.285569,2026-07-16T03:24:09,Synthetic demo record: theft reported in Ramanagara.,Rajesh Kumar|Srinivas Kumar
DEMO-20260822-00845,Bidar,Bidar Demo Zone 4,Fraud,4,17.927283,77.543324,2026-08-05T11:12:09,Synthetic demo record: fraud reported in Bidar.,Deepak Nair|Priya Nair
DEMO-20260822-00846,Raichur,Raichur Demo Zone 1,Dispute,4,16.197327,77.318273,2026-06-22T11:28:09,Synthetic demo record: dispute reported in Raichur.,Kiran Patil|Rekha Patil
DEMO-20260822-00847,Raichur,Raichur Demo Zone 3,Burglary,7,16.238028,77.31686,2026-08-20T03:05:09,Synthetic demo record: burglary reported in Raichur.,Harish Patil
DEMO-20260822-00848,Tumakuru,Tumakuru Demo Zone 4,Theft,4,13.314252,77.137448,2026-08-01T11:55:09,Synthetic demo record: theft reported in Tumakuru.,Nikhil Gowda
DEMO-20260822-00849,Mandya,Mandya Demo Zone 2,Theft,3,12.532837,76.923772,2026-08-15T12:08:09,Synthetic demo record: theft reported in Mandya.,Arjun Rao|Deepak Rao
DEMO-20260822-00850,Bengaluru Urban,Bengaluru Urban Demo Zone 4,Chain Snatching,7,12.956979,77.569863,2026-07-02T18:07:09,Synthetic demo record: chain snatching reported in Bengaluru Urban.,Priya Shetty
DEMO-20260822-00851,Haveri,Haveri Demo Zone 1,Chain Snatching,8,14.825343,75.387359,2026-06-20T20:48:09,Synthetic demo record: chain snatching reported in Haveri.,Rajesh Shetty|Mahesh Shetty
DEMO-20260822-00852,Davanagere,Davanagere Demo Zone 2,Assault,7,14.488072,75.905163,2026-08-14T08:46:09,Synthetic demo record: assault reported in Davanagere.,Anil Kumar
DEMO-20260822-00853,Vijayanagara,Vijayanagara Demo Zone 2,Theft,5,15.319242,76.458565,2026-06-20T02:38:09,Synthetic demo record: theft reported in Vijayanagara.,Naveen Nair|Rohit Nair
DEMO-20260822-00854,Raichur,Raichur Demo Zone 2,Burglary,7,16.237313,77.315912,2026-07-19T19:56:09,Synthetic demo record: burglary reported in Raichur.,Mahesh Kumar|Imran Patil|Mohan Patil
DEMO-20260822-00855,Dharwad,Dharwad Demo Zone 4,Fraud,5,15.458534,75.013152,2026-08-05T22:37:09,Synthetic demo record: fraud reported in Dharwad.,Arjun Gowda
DEMO-20260822-00856,Bidar,Bidar Demo Zone 4,Fraud,4,17.921952,77.525916,2026-07-11T20:10:09,Synthetic demo record: fraud reported in Bidar.,Farhan Nair|Naveen Nair|Srinivas Nair
DEMO-20260822-00857,Mandya,Mandya Demo Zone 4,Vandalism,1,12.530295,76.922584,2026-07-03T21:08:09,Synthetic demo record: vandalism reported in Mandya.,Ashok Rao
DEMO-20260822-00858,Chitradurga,Chitradurga Demo Zone 2,Burglary,6,14.209271,76.410179,2026-08-11T14:49:09,Synthetic demo record: burglary reported in Chitradurga.,Irfan Rao
DEMO-20260822-00859,Haveri,Haveri Demo Zone 2,Theft,5,14.823688,75.390068,2026-07-24T21:06:09,Synthetic demo record: theft reported in Haveri.,Suresh Shetty
DEMO-20260822-00860,Chikkamagaluru,Chikkamagaluru Demo Zone 4,Dispute,4,13.299966,75.763634,2026-08-02T03:44:09,Synthetic demo record: dispute reported in Chikkamagaluru.,Nikhil Rao
DEMO-20260822-00861,Haveri,Haveri Demo Zone 4,Fraud,4,14.80619,75.381326,2026-06-11T07:07:09,Synthetic demo record: fraud reported in Haveri.,Srinivas Shetty
DEMO-20260822-00862,Bengaluru Rural,Bengaluru Rural Demo Zone 3,Burglary,7,13.290604,77.580828,2026-05-29T20:51:09,Synthetic demo record: burglary reported in Bengaluru Rural.,Meena Reddy
DEMO-20260822-00863,Mysuru,Mysuru Demo Zone 3,Theft,3,12.305177,76.636373,2026-08-03T10:27:09,Synthetic demo record: theft reported in Mysuru.,Ramesh Patil|Rekha Rao|Suresh Patil
DEMO-20260822-00864,Belagavi,Belagavi Demo Zone 4,Assault,6,15.844021,74.513881,2026-08-22T01:20:09,Synthetic demo record: assault reported in Belagavi.,Nikhil Reddy
DEMO-20260822-00865,Ramanagara,Ramanagara Demo Zone 4,Dispute,4,12.732244,77.254478,2026-06-26T10:51:09,Synthetic demo record: dispute reported in Ramanagara.,Naveen Kumar|Ashok Kumar|Vijay Kumar
DEMO-20260822-00866,Kolar,Kolar Demo Zone 4,Burglary,5,13.107616,78.095917,2026-08-19T23:45:09,Synthetic demo record: burglary reported in Kolar.,Anil Sharma|Mahesh Sharma|Pooja Nair
DEMO-20260822-00867,Vijayapura,Vijayapura Demo Zone 2,Assault,8,16.834285,75.71429,2026-06-11T11:34:09,Synthetic demo record: assault reported in Vijayapura.,Mahesh Nair|Vijay Nair
DEMO-20260822-00868,Mandya,Mandya Demo Zone 2,Robbery,7,12.539132,76.923213,2026-07-25T00:42:09,Synthetic demo record: robbery reported in Mandya.,Manoj Rao|Rohit Rao|Naveen Rao
DEMO-20260822-00869,Koppal,Koppal Demo Zone 4,Dispute,4,15.361893,76.167292,2026-07-21T07:58:09,Synthetic demo record: dispute reported in Koppal.,Mahesh Rao|Pradeep Sharma
DEMO-20260822-00870,Davanagere,Davanagere Demo Zone 2,Fraud,6,14.492118,75.914036,2026-08-17T02:39:09,Synthetic demo record: fraud reported in Davanagere.,Srinivas Kumar|Manoj Kumar
DEMO-20260822-00871,Mandya,Mandya Demo Zone 1,Fraud,4,12.541275,76.912936,2026-07-17T15:26:09,Synthetic demo record: fraud reported in Mandya.,Arjun Rao
DEMO-20260822-00872,Yadgir,Yadgir Demo Zone 4,Dispute,2,16.768069,77.130974,2026-08-04T14:20:09,Synthetic demo record: dispute reported in Yadgir.,Rekha Nair
DEMO-20260822-00873,Haveri,Haveri Demo Zone 1,Fraud,5,14.805533,75.37591,2026-05-24T22:43:09,Synthetic demo record: fraud reported in Haveri.,Vijay Shetty|Mahesh Shetty
DEMO-20260822-00874,Vijayapura,Vijayapura Demo Zone 4,Fraud,5,16.835243,75.703549,2026-07-09T01:11:09,Synthetic demo record: fraud reported in Vijayapura.,Kavitha Shetty|Suresh Nair
DEMO-20260822-00875,Tumakuru,Tumakuru Demo Zone 2,Dispute,3,13.313793,77.108058,2026-06-19T09:10:09,Synthetic demo record: dispute reported in Tumakuru.,Ganesh Reddy|Priya Gowda
DEMO-20260822-00876,Dakshina Kannada,Dakshina Kannada Demo Zone 4,Theft,4,12.92223,74.846316,2026-06-28T16:29:09,Synthetic demo record: theft reported in Dakshina Kannada.,Nikhil Patil|Rekha Patil
DEMO-20260822-00877,Ballari,Ballari Demo Zone 2,Theft,4,15.130525,76.89525,2026-07-01T10:38:09,Synthetic demo record: theft reported in Ballari.,Anil Reddy
DEMO-20260822-00878,Yadgir,Yadgir Demo Zone 3,Chain Snatching,7,16.771235,77.12709,2026-08-21T21:36:09,Synthetic demo record: chain snatching reported in Yadgir.,Harish Sharma
DEMO-20260822-00879,Belagavi,Belagavi Demo Zone 3,Fraud,4,15.864917,74.464632,2026-06-11T02:09:09,Synthetic demo record: fraud reported in Belagavi.,Kavitha Reddy|Pradeep Reddy
DEMO-20260822-00880,Bidar,Bidar Demo Zone 4,Burglary,6,17.926605,77.524596,2026-08-13T22:36:09,Synthetic demo record: burglary reported in Bidar.,Irfan Nair|Rohit Nair
DEMO-20260822-00881,Mandya,Mandya Demo Zone 3,Dispute,3,12.538778,76.912054,2026-07-13T17:50:09,Synthetic demo record: dispute reported in Mandya.,Naveen Rao
DEMO-20260822-00882,Bengaluru Urban,Bengaluru Urban Demo Zone 4,Assault,6,12.976174,77.576845,2026-08-15T21:34:09,Synthetic demo record: assault reported in Bengaluru Urban.,Anil Nair|Meena Shetty
DEMO-20260822-00883,Yadgir,Yadgir Demo Zone 2,Burglary,6,16.767162,77.127611,2026-06-13T11:08:09,Synthetic demo record: burglary reported in Yadgir.,Rekha Nair|Prakash Sharma|Meena Nair
DEMO-20260822-00884,Haveri,Haveri Demo Zone 4,Dispute,4,14.821024,75.389143,2026-05-30T18:40:09,Synthetic demo record: dispute reported in Haveri.,Mahesh Shetty|Deepak Shetty
DEMO-20260822-00885,Kodagu,Kodagu Demo Zone 2,Chain Snatching,8,12.405832,75.742985,2026-06-02T23:33:09,Synthetic demo record: chain snatching reported in Kodagu.,Nikhil Nair
DEMO-20260822-00886,Bengaluru Urban,Bengaluru Urban Demo Zone 4,Dispute,2,12.977026,77.578795,2026-08-10T03:12:09,Synthetic demo record: dispute reported in Bengaluru Urban.,Anil Nair
DEMO-20260822-00887,Dakshina Kannada,Dakshina Kannada Demo Zone 3,Fraud,5,12.871211,74.853549,2026-07-21T00:15:09,Synthetic demo record: fraud reported in Dakshina Kannada.,Nikhil Patil|Farhan Patil
DEMO-20260822-00888,Koppal,Koppal Demo Zone 2,Robbery,7,15.363548,76.17523,2026-06-13T07:17:09,Synthetic demo record: robbery reported in Koppal.,Rohit Sharma|Saleem Sharma
DEMO-20260822-00889,Raichur,Raichur Demo Zone 1,Theft,5,16.239858,77.315194,2026-07-24T03:07:09,Synthetic demo record: theft reported in Raichur.,Imran Patil
DEMO-20260822-00890,Chikkamagaluru,Chikkamagaluru Demo Zone 2,Theft,5,13.292742,75.749185,2026-08-02T22:13:09,Synthetic demo record: theft reported in Chikkamagaluru.,Imran Rao|Deepak Rao
DEMO-20260822-00891,Mandya,Mandya Demo Zone 1,Fraud,6,12.541225,76.912177,2026-07-16T19:04:09,Synthetic demo record: fraud reported in Mandya.,Prakash Rao|Naveen Rao
DEMO-20260822-00892,Uttara Kannada,Uttara Kannada Demo Zone 4,Dispute,2,14.840631,74.149177,2026-07-27T21:17:09,Synthetic demo record: dispute reported in Uttara Kannada.,Pooja Reddy|Ganesh Shetty
DEMO-20260822-00893,Dharwad,Dharwad Demo Zone 2,Dispute,3,15.434729,75.024975,2026-07-23T21:01:09,Synthetic demo record: dispute reported in Dharwad.,Ganesh Gowda|Srinivas Gowda
DEMO-20260822-00894,Bidar,Bidar Demo Zone 2,Theft,4,17.930579,77.54152,2026-08-01T22:48:09,Synthetic demo record: theft reported in Bidar.,Santosh Nair
DEMO-20260822-00895,Bengaluru Rural,Bengaluru Rural Demo Zone 1,Theft,3,13.312008,77.600446,2026-07-12T08:49:09,Synthetic demo record: theft reported in Bengaluru Rural.,Mohan Shetty
DEMO-20260822-00896,Udupi,Udupi Demo Zone 3,Dispute,4,13.308675,74.759141,2026-08-16T13:56:09,Synthetic demo record: dispute reported in Udupi.,Priya Reddy|Srinivas Reddy
DEMO-20260822-00897,Ramanagara,Ramanagara Demo Zone 3,Vandalism,1,12.752194,77.28312,2026-06-22T00:52:09,Synthetic demo record: vandalism reported in Ramanagara.,Santosh Kumar|Prakash Kumar
DEMO-20260822-00898,Yadgir,Yadgir Demo Zone 4,Theft,5,16.7738,77.146179,2026-07-04T20:17:09,Synthetic demo record: theft reported in Yadgir.,Srinivas Sharma|Anil Sharma
DEMO-20260822-00899,Bengaluru Urban,Bengaluru Urban Demo Zone 1,Vandalism,1,12.970496,77.589254,2026-06-05T08:47:09,Synthetic demo record: vandalism reported in Bengaluru Urban.,Rohit Shetty|Arjun Shetty|Ravi Nair
DEMO-20260822-00900,Gadag,Gadag Demo Zone 4,Robbery,9,15.423983,75.618213,2026-07-13T15:36:09,Synthetic demo record: robbery reported in Gadag.,Manoj Reddy|Vijay Reddy
DEMO-20260822-00901,Shivamogga,Shivamogga Demo Zone 1,Burglary,7,13.944308,75.567299,2026-06-10T13:28:09,Synthetic demo record: burglary reported in Shivamogga.,Naveen Gowda|Mahesh Gowda
DEMO-20260822-00902,Uttara Kannada,Uttara Kannada Demo Zone 2,Dispute,4,14.823187,74.115565,2026-07-12T08:57:09,Synthetic demo record: dispute reported in Uttara Kannada.,Ganesh Shetty
DEMO-20260822-00903,Kolar,Kolar Demo Zone 1,Dispute,3,13.127765,78.100139,2026-08-07T13:04:09,Synthetic demo record: dispute reported in Kolar.,Kavitha Nair
DEMO-20260822-00904,Davanagere,Davanagere Demo Zone 1,Burglary,5,14.490868,75.903114,2026-07-13T00:11:09,Synthetic demo record: burglary reported in Davanagere.,Rohit Kumar
DEMO-20260822-00905,Bidar,Bidar Demo Zone 2,Dispute,3,17.889336,77.483871,2026-08-01T07:25:09,Synthetic demo record: dispute reported in Bidar.,Deepak Nair|Kiran Nair|Ashok Nair
DEMO-20260822-00906,Yadgir,Yadgir Demo Zone 4,Theft,3,16.772818,77.113578,2026-07-03T10:57:09,Synthetic demo record: theft reported in Yadgir.,Suresh Sharma|Kavitha Nair|Mahesh Sharma
DEMO-20260822-00907,Bagalkote,Bagalkote Demo Zone 2,Dispute,4,16.194833,75.6543,2026-07-15T17:58:09,Synthetic demo record: dispute reported in Bagalkote.,Srinivas Gowda
DEMO-20260822-00908,Bidar,Bidar Demo Zone 1,Theft,5,17.927769,77.540513,2026-06-08T13:27:09,Synthetic demo record: theft reported in Bidar.,Farhan Nair|Rohit Nair
DEMO-20260822-00909,Ballari,Ballari Demo Zone 3,Vandalism,1,15.17896,76.892972,2026-08-19T04:29:09,Synthetic demo record: vandalism reported in Ballari.,Farhan Gowda|Rohit Gowda|Meena Gowda
DEMO-20260822-00910,Belagavi,Belagavi Demo Zone 3,Fraud,5,15.869,74.47838,2026-06-04T05:47:09,Synthetic demo record: fraud reported in Belagavi.,Arjun Reddy|Ramesh Reddy
DEMO-20260822-00911,Mysuru,Mysuru Demo Zone 4,Burglary,6,12.291749,76.645568,2026-06-01T11:52:09,Synthetic demo record: burglary reported in Mysuru.,Prakash Patil
DEMO-20260822-00912,Haveri,Haveri Demo Zone 4,Theft,5,14.824969,75.388475,2026-06-12T08:40:09,Synthetic demo record: theft reported in Haveri.,Suresh Shetty|Kiran Shetty|Rajesh Shetty
DEMO-20260822-00913,Yadgir,Yadgir Demo Zone 2,Vandalism,3,16.770433,77.130522,2026-07-12T04:46:09,Synthetic demo record: vandalism reported in Yadgir.,Vijay Sharma
DEMO-20260822-00914,Chitradurga,Chitradurga Demo Zone 3,Dispute,2,14.203928,76.417662,2026-08-03T06:08:09,Synthetic demo record: dispute reported in Chitradurga.,Naveen Patil|Prakash Patil
DEMO-20260822-00915,Udupi,Udupi Demo Zone 4,Vandalism,3,13.336668,74.773977,2026-06-07T15:06:09,Synthetic demo record: vandalism reported in Udupi.,Santosh Reddy
DEMO-20260822-00916,Raichur,Raichur Demo Zone 2,Dispute,2,16.233463,77.337348,2026-06-02T00:16:09,Synthetic demo record: dispute reported in Raichur.,Arjun Patil|Nikhil Patil
DEMO-20260822-00917,Uttara Kannada,Uttara Kannada Demo Zone 1,Chain Snatching,6,14.822706,74.116276,2026-07-02T03:10:09,Synthetic demo record: chain snatching reported in Uttara Kannada.,Ramesh Shetty|Ganesh Shetty|Ashok Shetty
DEMO-20260822-00918,Tumakuru,Tumakuru Demo Zone 3,Theft,5,13.301682,77.093296,2026-08-02T23:07:09,Synthetic demo record: theft reported in Tumakuru.,Ganesh Reddy
DEMO-20260822-00919,Chitradurga,Chitradurga Demo Zone 3,Burglary,7,14.211388,76.381936,2026-06-30T07:50:09,Synthetic demo record: burglary reported in Chitradurga.,Ramesh Patil
DEMO-20260822-00920,Chikkamagaluru,Chikkamagaluru Demo Zone 4,Theft,5,13.294092,75.747669,2026-08-05T12:18:09,Synthetic demo record: theft reported in Chikkamagaluru.,Kiran Rao|Ashok Rao|Rohit Rao
DEMO-20260822-00921,Udupi,Udupi Demo Zone 1,Theft,5,13.350892,74.755906,2026-06-24T16:11:09,Synthetic demo record: theft reported in Udupi.,Pradeep Reddy
DEMO-20260822-00922,Vijayapura,Vijayapura Demo Zone 4,Theft,4,16.833252,75.710323,2026-07-24T05:02:09,Synthetic demo record: theft reported in Vijayapura.,Arjun Shetty|Mahesh Nair
DEMO-20260822-00923,Bagalkote,Bagalkote Demo Zone 4,Vandalism,1,16.206529,75.623043,2026-08-09T00:22:09,Synthetic demo record: vandalism reported in Bagalkote.,Arjun Gowda|Ramesh Gowda
DEMO-20260822-00924,Yadgir,Yadgir Demo Zone 4,Burglary,6,16.805345,77.129544,2026-06-17T08:49:09,Synthetic demo record: burglary reported in Yadgir.,Meena Nair
DEMO-20260822-00925,Gadag,Gadag Demo Zone 3,Theft,3,15.461691,75.625931,2026-06-01T11:19:09,Synthetic demo record: theft reported in Gadag.,Pooja Gowda
DEMO-20260822-00926,Bengaluru Rural,Bengaluru Rural Demo Zone 1,Fraud,6,13.28435,77.615453,2026-08-20T05:03:09,Synthetic demo record: fraud reported in Bengaluru Rural.,Meena Reddy|Prakash Shetty|Naveen Shetty
DEMO-20260822-00927,Chikkaballapur,Chikkaballapur Demo Zone 2,Robbery,8,13.446139,77.732922,2026-05-25T12:51:09,Synthetic demo record: robbery reported in Chikkaballapur.,Ravi Rao|Farhan Sharma|Pooja Sharma
DEMO-20260822-00928,Tumakuru,Tumakuru Demo Zone 1,Theft,4,13.362194,77.124565,2026-05-29T05:06:09,Synthetic demo record: theft reported in Tumakuru.,Rekha Gowda
DEMO-20260822-00929,Shivamogga,Shivamogga Demo Zone 1,Fraud,4,13.948033,75.564713,2026-05-29T14:03:09,Synthetic demo record: fraud reported in Shivamogga.,Srinivas Gowda
DEMO-20260822-00930,Vijayapura,Vijayapura Demo Zone 2,Theft,3,16.798093,75.680776,2026-06-30T18:48:09,Synthetic demo record: theft reported in Vijayapura.,Saleem Shetty
DEMO-20260822-00931,Davanagere,Davanagere Demo Zone 1,Theft,3,14.484539,75.895424,2026-06-23T20:39:09,Synthetic demo record: theft reported in Davanagere.,Deepak Kumar
DEMO-20260822-00932,Chitradurga,Chitradurga Demo Zone 1,Assault,7,14.237304,76.406834,2026-06-24T12:35:09,Synthetic demo record: assault reported in Chitradurga.,Srinivas Patil|Ravi Patil
DEMO-20260822-00933,Kolar,Kolar Demo Zone 2,Dispute,3,13.119775,78.10385,2026-06-06T04:01:09,Synthetic demo record: dispute reported in Kolar.,Vijay Sharma
DEMO-20260822-00934,Vijayanagara,Vijayanagara Demo Zone 4,Theft,3,15.310089,76.442694,2026-07-22T05:25:09,Synthetic demo record: theft reported in Vijayanagara.,Farhan Nair
DEMO-20260822-00935,Dharwad,Dharwad Demo Zone 2,Vandalism,2,15.468746,75.024312,2026-08-16T10:24:09,Synthetic demo record: vandalism reported in Dharwad.,Manoj Gowda|Rajesh Gowda
DEMO-20260822-00936,Udupi,Udupi Demo Zone 2,Robbery,8,13.346635,74.752474,2026-07-02T23:09:09,Synthetic demo record: robbery reported in Udupi.,Prakash Reddy|Ramesh Reddy
DEMO-20260822-00937,Kodagu,Kodagu Demo Zone 4,Assault,6,12.42968,75.751753,2026-07-16T07:15:09,Synthetic demo record: assault reported in Kodagu.,Pradeep Nair|Irfan Nair|Prakash Nair
DEMO-20260822-00938,Hassan,Hassan Demo Zone 2,Assault,7,12.986456,76.098352,2026-06-27T13:47:09,Synthetic demo record: assault reported in Hassan.,Rekha Reddy
DEMO-20260822-00939,Tumakuru,Tumakuru Demo Zone 2,Fraud,6,13.307042,77.106477,2026-08-05T02:25:09,Synthetic demo record: fraud reported in Tumakuru.,Suresh Reddy
DEMO-20260822-00940,Kodagu,Kodagu Demo Zone 2,Dispute,3,12.404355,75.751187,2026-07-28T02:32:09,Synthetic demo record: dispute reported in Kodagu.,Srinivas Nair
DEMO-20260822-00941,Chitradurga,Chitradurga Demo Zone 1,Vandalism,1,14.209553,76.416453,2026-06-22T01:02:09,Synthetic demo record: vandalism reported in Chitradurga.,Priya Rao
DEMO-20260822-00942,Mysuru,Mysuru Demo Zone 1,Vandalism,3,12.30057,76.639113,2026-07-20T08:58:09,Synthetic demo record: vandalism reported in Mysuru.,Srinivas Patil|Vijay Patil|Meena Rao
DEMO-20260822-00943,Bagalkote,Bagalkote Demo Zone 2,Burglary,6,16.176878,75.684525,2026-06-21T09:05:09,Synthetic demo record: burglary reported in Bagalkote.,Suresh Gowda|Mohan Gowda|Ravi Gowda
DEMO-20260822-00944,Ballari,Ballari Demo Zone 1,Burglary,6,15.146447,76.93691,2026-08-07T01:36:09,Synthetic demo record: burglary reported in Ballari.,Imran Gowda|Mahesh Reddy
DEMO-20260822-00945,Chikkamagaluru,Chikkamagaluru Demo Zone 3,Chain Snatching,7,13.298323,75.770005,2026-07-26T19:24:09,Synthetic demo record: chain snatching reported in Chikkamagaluru.,Srinivas Rao|Ramesh Rao|Arjun Rao
DEMO-20260822-00946,Mandya,Mandya Demo Zone 1,Theft,4,12.538568,76.928235,2026-07-18T06:21:09,Synthetic demo record: theft reported in Mandya.,Prakash Rao|Arjun Rao|Manoj Rao
DEMO-20260822-00947,Raichur,Raichur Demo Zone 1,Theft,5,16.232126,77.340358,2026-06-16T09:08:09,Synthetic demo record: theft reported in Raichur.,Kavitha Patil
DEMO-20260822-00948,Kodagu,Kodagu Demo Zone 3,Burglary,6,12.412969,75.780987,2026-06-01T15:39:09,Synthetic demo record: burglary reported in Kodagu.,Santosh Nair|Manoj Nair
DEMO-20260822-00949,Dharwad,Dharwad Demo Zone 2,Dispute,4,15.472584,75.00254,2026-07-18T02:45:09,Synthetic demo record: dispute reported in Dharwad.,Arjun Gowda|Suresh Gowda|Prakash Gowda
DEMO-20260822-00950,Chikkaballapur,Chikkaballapur Demo Zone 3,Burglary,6,13.409428,77.718366,2026-07-13T04:47:09,Synthetic demo record: burglary reported in Chikkaballapur.,Arjun Sharma|Imran Sharma
DEMO-20260822-00951,Vijayapura,Vijayapura Demo Zone 4,Fraud,5,16.830963,75.716984,2026-08-15T13:24:09,Synthetic demo record: fraud reported in Vijayapura.,Pooja Shetty
DEMO-20260822-00952,Bengaluru Rural,Bengaluru Rural Demo Zone 2,Theft,4,13.28612,77.579334,2026-07-30T19:04:09,Synthetic demo record: theft reported in Bengaluru Rural.,Rajesh Shetty|Meena Reddy
DEMO-20260822-00953,Yadgir,Yadgir Demo Zone 1,Assault,7,16.77831,77.142583,2026-06-30T14:03:09,Synthetic demo record: assault reported in Yadgir.,Vijay Sharma
DEMO-20260822-00954,Bengaluru Rural,Bengaluru Rural Demo Zone 1,Assault,6,13.290348,77.58248,2026-07-05T06:12:09,Synthetic demo record: assault reported in Bengaluru Rural.,Meena Reddy|Manoj Shetty
DEMO-20260822-00955,Hassan,Hassan Demo Zone 2,Theft,4,12.984184,76.099981,2026-07-16T13:21:09,Synthetic demo record: theft reported in Hassan.,Arjun Reddy|Kiran Reddy
DEMO-20260822-00956,Dakshina Kannada,Dakshina Kannada Demo Zone 4,Dispute,4,12.882926,74.832391,2026-08-12T20:54:09,Synthetic demo record: dispute reported in Dakshina Kannada.,Mahesh Kumar|Nikhil Patil
DEMO-20260822-00957,Gadag,Gadag Demo Zone 1,Vandalism,3,15.419898,75.616912,2026-06-26T17:11:09,Synthetic demo record: vandalism reported in Gadag.,Irfan Gowda
DEMO-20260822-00958,Dakshina Kannada,Dakshina Kannada Demo Zone 2,Robbery,9,12.902152,74.825205,2026-06-14T15:31:09,Synthetic demo record: robbery reported in Dakshina Kannada.,Pooja Patil|Kavitha Patil
DEMO-20260822-00959,Ballari,Ballari Demo Zone 4,Burglary,7,15.156231,76.906043,2026-06-09T17:06:09,Synthetic demo record: burglary reported in Ballari.,Mahesh Reddy|Farhan Gowda
DEMO-20260822-00960,Haveri,Haveri Demo Zone 3,Burglary,7,14.772852,75.419521,2026-07-02T03:42:09,Synthetic demo record: burglary reported in Haveri.,Mohan Shetty|Ganesh Shetty
DEMO-20260822-00961,Kolar,Kolar Demo Zone 3,Burglary,6,13.129849,78.10236,2026-08-15T05:28:09,Synthetic demo record: burglary reported in Kolar.,Naveen Sharma|Ravi Sharma
DEMO-20260822-00962,Mandya,Mandya Demo Zone 1,Fraud,6,12.527166,76.923033,2026-06-10T09:23:09,Synthetic demo record: fraud reported in Mandya.,Vijay Rao
DEMO-20260822-00963,Hassan,Hassan Demo Zone 1,Vandalism,3,13.01902,76.112806,2026-06-15T17:46:09,Synthetic demo record: vandalism reported in Hassan.,Ashok Reddy
DEMO-20260822-00964,Bagalkote,Bagalkote Demo Zone 3,Theft,3,16.195616,75.666104,2026-07-24T02:41:09,Synthetic demo record: theft reported in Bagalkote.,Suresh Gowda
DEMO-20260822-00965,Dakshina Kannada,Dakshina Kannada Demo Zone 1,Assault,8,12.922085,74.845663,2026-06-08T15:00:09,Synthetic demo record: assault reported in Dakshina Kannada.,Saleem Patil|Ravi Kumar
DEMO-20260822-00966,Bengaluru Urban,Bengaluru Urban Demo Zone 1,Dispute,4,12.957554,77.567124,2026-06-08T10:38:09,Synthetic demo record: dispute reported in Bengaluru Urban.,Kavitha Shetty
DEMO-20260822-00967,Gadag,Gadag Demo Zone 3,Burglary,5,15.421051,75.613203,2026-05-30T09:07:09,Synthetic demo record: burglary reported in Gadag.,Ganesh Reddy
DEMO-20260822-00968,Ballari,Ballari Demo Zone 1,Theft,5,15.140244,76.899963,2026-05-26T01:12:09,Synthetic demo record: theft reported in Ballari.,Farhan Gowda|Imran Gowda
DEMO-20260822-00969,Kalaburagi,Kalaburagi Demo Zone 2,Assault,6,17.341967,76.865627,2026-06-24T08:39:09,Synthetic demo record: assault reported in Kalaburagi.,Priya Shetty|Suresh Nair
DEMO-20260822-00970,Udupi,Udupi Demo Zone 3,Fraud,6,13.367729,74.763547,2026-06-14T12:27:09,Synthetic demo record: fraud reported in Udupi.,Naveen Reddy|Harish Reddy|Imran Reddy
DEMO-20260822-00971,Hassan,Hassan Demo Zone 4,Dispute,2,12.995243,76.109132,2026-07-19T01:30:09,Synthetic demo record: dispute reported in Hassan.,Saleem Reddy|Kiran Reddy|Mohan Reddy
DEMO-20260822-00972,Davanagere,Davanagere Demo Zone 2,Fraud,4,14.490693,75.901084,2026-07-10T21:17:09,Synthetic demo record: fraud reported in Davanagere.,Harish Kumar|Deepak Kumar|Naveen Kumar
DEMO-20260822-00973,Bengaluru Urban,Bengaluru Urban Demo Zone 4,Dispute,3,12.974186,77.631475,2026-06-04T11:39:09,Synthetic demo record: dispute reported in Bengaluru Urban.,Suresh Nair
DEMO-20260822-00974,Belagavi,Belagavi Demo Zone 2,Burglary,5,15.842935,74.511787,2026-08-14T12:21:09,Synthetic demo record: burglary reported in Belagavi.,Priya Reddy|Ashok Reddy
DEMO-20260822-00975,Raichur,Raichur Demo Zone 1,Burglary,7,16.198434,77.322253,2026-07-26T15:46:09,Synthetic demo record: burglary reported in Raichur.,Kavitha Patil
DEMO-20260822-00976,Gadag,Gadag Demo Zone 3,Fraud,5,15.460178,75.657855,2026-05-30T14:48:09,Synthetic demo record: fraud reported in Gadag.,Deepak Reddy|Meena Gowda
DEMO-20260822-00977,Kodagu,Kodagu Demo Zone 2,Assault,6,12.454259,75.754039,2026-06-07T19:41:09,Synthetic demo record: assault reported in Kodagu.,Arjun Nair|Priya Nair
DEMO-20260822-00978,Hassan,Hassan Demo Zone 3,Robbery,8,12.996401,76.116268,2026-06-19T13:47:09,Synthetic demo record: robbery reported in Hassan.,Irfan Reddy|Rohit Reddy|Mohan Reddy
DEMO-20260822-00979,Haveri,Haveri Demo Zone 1,Theft,3,14.787195,75.377839,2026-06-17T08:15:09,Synthetic demo record: theft reported in Haveri.,Vijay Shetty
DEMO-20260822-00980,Kolar,Kolar Demo Zone 2,Burglary,6,13.11402,78.10773,2026-06-10T07:04:09,Synthetic demo record: burglary reported in Kolar.,Anil Sharma
DEMO-20260822-00981,Belagavi,Belagavi Demo Zone 2,Fraud,6,15.841554,74.506495,2026-08-19T12:45:09,Synthetic demo record: fraud reported in Belagavi.,Mohan Reddy|Imran Reddy
DEMO-20260822-00982,Chamarajanagar,Chamarajanagar Demo Zone 1,Fraud,6,11.902157,76.945872,2026-07-23T01:19:09,Synthetic demo record: fraud reported in Chamarajanagar.,Deepak Sharma|Prakash Sharma|Ramesh Sharma
DEMO-20260822-00983,Belagavi,Belagavi Demo Zone 3,Assault,6,15.820136,74.510969,2026-06-24T21:31:09,Synthetic demo record: assault reported in Belagavi.,Saleem Reddy
DEMO-20260822-00984,Haveri,Haveri Demo Zone 4,Dispute,3,14.787693,75.372929,2026-08-02T02:05:09,Synthetic demo record: dispute reported in Haveri.,Naveen Shetty
DEMO-20260822-00985,Koppal,Koppal Demo Zone 4,Assault,6,15.365554,76.166127,2026-06-09T01:50:09,Synthetic demo record: assault reported in Koppal.,Ganesh Rao
DEMO-20260822-00986,Chikkamagaluru,Chikkamagaluru Demo Zone 3,Fraud,4,13.288333,75.748248,2026-08-12T10:22:09,Synthetic demo record: fraud reported in Chikkamagaluru.,Rajesh Rao|Mohan Rao|Imran Rao
DEMO-20260822-00987,Uttara Kannada,Uttara Kannada Demo Zone 4,Fraud,5,14.821452,74.114237,2026-06-26T21:52:09,Synthetic demo record: fraud reported in Uttara Kannada.,Srinivas Shetty|Suresh Shetty
DEMO-20260822-00988,Bidar,Bidar Demo Zone 1,Dispute,2,17.921539,77.525007,2026-06-10T13:07:09,Synthetic demo record: dispute reported in Bidar.,Irfan Nair|Saleem Nair
DEMO-20260822-00989,Vijayapura,Vijayapura Demo Zone 3,Theft,4,16.833768,75.711946,2026-05-28T23:22:09,Synthetic demo record: theft reported in Vijayapura.,Irfan Shetty|Farhan Shetty
DEMO-20260822-00990,Raichur,Raichur Demo Zone 4,Chain Snatching,7,16.205603,77.382147,2026-08-02T01:20:09,Synthetic demo record: chain snatching reported in Raichur.,Ravi Kumar
DEMO-20260822-00991,Ballari,Ballari Demo Zone 2,Theft,4,15.147347,76.941375,2026-07-08T00:41:09,Synthetic demo record: theft reported in Ballari.,Deepak Reddy|Suresh Reddy
DEMO-20260822-00992,Kodagu,Kodagu Demo Zone 2,Fraud,6,12.421855,75.736055,2026-06-20T09:00:09,Synthetic demo record: fraud reported in Kodagu.,Ashok Nair|Arjun Nair|Manoj Nair
DEMO-20260822-00993,Udupi,Udupi Demo Zone 4,Dispute,3,13.338489,74.772887,2026-07-28T09:36:09,Synthetic demo record: dispute reported in Udupi.,Priya Reddy
DEMO-20260822-00994,Mandya,Mandya Demo Zone 4,Dispute,2,12.532916,76.900815,2026-07-02T22:04:09,Synthetic demo record: dispute reported in Mandya.,Farhan Rao
DEMO-20260822-00995,Mysuru,Mysuru Demo Zone 1,Dispute,3,12.273033,76.643766,2026-07-08T09:51:09,Synthetic demo record: dispute reported in Mysuru.,Prakash Patil|Kavitha Rao
DEMO-20260822-00996,Bidar,Bidar Demo Zone 4,Theft,3,17.92988,77.522084,2026-08-18T03:31:09,Synthetic demo record: theft reported in Bidar.,Mohan Nair
DEMO-20260822-00997,Ramanagara,Ramanagara Demo Zone 2,Burglary,6,12.685506,77.27411,2026-06-25T05:36:09,Synthetic demo record: burglary reported in Ramanagara.,Nikhil Kumar
DEMO-20260822-00998,Ramanagara,Ramanagara Demo Zone 3,Assault,8,12.731503,77.273591,2026-08-12T00:48:09,Synthetic demo record: assault reported in Ramanagara.,Manoj Kumar|Rohit Kumar
DEMO-20260822-00999,Bidar,Bidar Demo Zone 2,Fraud,6,17.922405,77.528879,2026-06-05T20:33:09,Synthetic demo record: fraud reported in Bidar.,Manoj Nair|Pradeep Nair
DEMO-20260822-01000,Bengaluru Urban,Bengaluru Urban Demo Zone 3,Burglary,7,12.980521,77.579286,2026-07-06T07:22:09,Synthetic demo record: burglary reported in Bengaluru Urban.,Ganesh Nair|Nikhil Shetty
DEMO-20260822-01001,Gadag,Gadag Demo Zone 1,Chain Snatching,7,15.413271,75.637175,2026-07-22T10:49:09,Synthetic demo record: chain snatching reported in Gadag.,Farhan Gowda
DEMO-20260822-01002,Chamarajanagar,Chamarajanagar Demo Zone 1,Theft,5,11.931567,76.938222,2026-07-12T17:03:09,Synthetic demo record: theft reported in Chamarajanagar.,Srinivas Sharma
DEMO-20260822-01003,Tumakuru,Tumakuru Demo Zone 4,Theft,4,13.382038,77.09197,2026-05-29T09:18:09,Synthetic demo record: theft reported in Tumakuru.,Imran Gowda
DEMO-20260822-01004,Udupi,Udupi Demo Zone 1,Fraud,4,13.319903,74.717742,2026-06-08T11:04:09,Synthetic demo record: fraud reported in Udupi.,Priya Reddy|Imran Reddy|Pradeep Reddy
DEMO-20260822-01005,Ramanagara,Ramanagara Demo Zone 1,Dispute,4,12.747248,77.286347,2026-06-02T23:44:09,Synthetic demo record: dispute reported in Ramanagara.,Manoj Kumar|Ramesh Kumar
DEMO-20260822-01006,Shivamogga,Shivamogga Demo Zone 4,Theft,5,13.957936,75.574287,2026-06-10T17:25:09,Synthetic demo record: theft reported in Shivamogga.,Srinivas Gowda|Mahesh Gowda
DEMO-20260822-01007,Bengaluru Urban,Bengaluru Urban Demo Zone 4,Chain Snatching,8,12.975827,77.577132,2026-08-17T20:08:09,Synthetic demo record: chain snatching reported in Bengaluru Urban.,Irfan Shetty|Mahesh Nair|Saleem Shetty
DEMO-20260822-01008,Haveri,Haveri Demo Zone 2,Dispute,3,14.821336,75.383079,2026-08-11T19:36:09,Synthetic demo record: dispute reported in Haveri.,Manoj Shetty
DEMO-20260822-01009,Chitradurga,Chitradurga Demo Zone 1,Fraud,5,14.233744,76.402346,2026-06-24T02:21:09,Synthetic demo record: fraud reported in Chitradurga.,Ganesh Patil
DEMO-20260822-01010,Haveri,Haveri Demo Zone 3,Theft,5,14.789829,75.375002,2026-07-02T06:12:09,Synthetic demo record: theft reported in Haveri.,Pooja Reddy|Srinivas Shetty|Ashok Shetty
DEMO-20260822-01011,Davanagere,Davanagere Demo Zone 2,Burglary,6,14.491095,75.914779,2026-07-04T15:19:09,Synthetic demo record: burglary reported in Davanagere.,Santosh Kumar|Mohan Kumar|Vijay Kumar
DEMO-20260822-01012,Chikkamagaluru,Chikkamagaluru Demo Zone 4,Theft,3,13.299726,75.767185,2026-08-02T10:55:09,Synthetic demo record: theft reported in Chikkamagaluru.,Prakash Rao|Ramesh Rao
DEMO-20260822-01013,Koppal,Koppal Demo Zone 2,Theft,5,15.365712,76.164449,2026-07-14T09:53:09,Synthetic demo record: theft reported in Koppal.,Mahesh Rao|Farhan Sharma
DEMO-20260822-01014,Mandya,Mandya Demo Zone 2,Burglary,5,12.509987,76.892905,2026-06-21T13:15:09,Synthetic demo record: burglary reported in Mandya.,Prakash Rao|Srinivas Rao
DEMO-20260822-01015,Raichur,Raichur Demo Zone 4,Burglary,5,16.215012,77.333634,2026-07-22T07:56:09,Synthetic demo record: burglary reported in Raichur.,Kiran Patil|Mohan Patil|Arjun Patil
DEMO-20260822-01016,Kolar,Kolar Demo Zone 3,Vandalism,3,13.161846,78.149773,2026-08-11T22:57:09,Synthetic demo record: vandalism reported in Kolar.,Naveen Sharma|Rajesh Sharma
DEMO-20260822-01017,Kodagu,Kodagu Demo Zone 3,Assault,7,12.416074,75.701632,2026-05-28T18:29:09,Synthetic demo record: assault reported in Kodagu.,Pradeep Nair|Ashok Nair|Nikhil Nair
DEMO-20260822-01018,Dakshina Kannada,Dakshina Kannada Demo Zone 2,Assault,7,12.925055,74.851689,2026-08-07T15:56:09,Synthetic demo record: assault reported in Dakshina Kannada.,Nikhil Patil|Saleem Patil
DEMO-20260822-01019,Tumakuru,Tumakuru Demo Zone 3,Dispute,3,13.365458,77.125503,2026-07-18T22:52:09,Synthetic demo record: dispute reported in Tumakuru.,Irfan Gowda|Priya Gowda|Ravi Reddy
DEMO-20260822-01020,Tumakuru,Tumakuru Demo Zone 4,Theft,3,13.31047,77.103633,2026-06-27T02:39:09,Synthetic demo record: theft reported in Tumakuru.,Rajesh Reddy|Ganesh Reddy
DEMO-20260822-01021,Gadag,Gadag Demo Zone 1,Chain Snatching,7,15.418388,75.614662,2026-08-14T10:22:09,Synthetic demo record: chain snatching reported in Gadag.,Manoj Reddy|Suresh Reddy
DEMO-20260822-01022,Dharwad,Dharwad Demo Zone 3,Dispute,4,15.457667,75.01295,2026-07-29T11:11:09,Synthetic demo record: dispute reported in Dharwad.,Deepak Gowda
DEMO-20260822-01023,Kalaburagi,Kalaburagi Demo Zone 4,Theft,5,17.303991,76.859044,2026-07-27T06:06:09,Synthetic demo record: theft reported in Kalaburagi.,Pradeep Shetty|Rajesh Nair
DEMO-20260822-01024,Shivamogga,Shivamogga Demo Zone 4,Assault,8,13.942964,75.565437,2026-05-31T21:32:09,Synthetic demo record: assault reported in Shivamogga.,Arjun Gowda
DEMO-20260822-01025,Vijayanagara,Vijayanagara Demo Zone 3,Theft,4,15.36328,76.45586,2026-08-08T04:27:09,Synthetic demo record: theft reported in Vijayanagara.,Farhan Nair|Mohan Nair
DEMO-20260822-01026,Kolar,Kolar Demo Zone 2,Theft,4,13.124026,78.106456,2026-07-01T07:21:09,Synthetic demo record: theft reported in Kolar.,Mahesh Sharma|Srinivas Sharma
DEMO-20260822-01027,Kalaburagi,Kalaburagi Demo Zone 3,Theft,3,17.298727,76.863495,2026-08-01T16:19:09,Synthetic demo record: theft reported in Kalaburagi.,Priya Shetty
DEMO-20260822-01028,Yadgir,Yadgir Demo Zone 4,Burglary,6,16.775049,77.14014,2026-06-23T13:55:09,Synthetic demo record: burglary reported in Yadgir.,Mahesh Sharma|Ramesh Sharma|Harish Sharma
DEMO-20260822-01029,Vijayapura,Vijayapura Demo Zone 4,Chain Snatching,7,16.805998,75.710707,2026-07-16T23:13:09,Synthetic demo record: chain snatching reported in Vijayapura.,Mahesh Nair
DEMO-20260822-01030,Haveri,Haveri Demo Zone 4,Burglary,6,14.792851,75.376119,2026-08-19T18:10:09,Synthetic demo record: burglary reported in Haveri.,Harish Shetty
DEMO-20260822-01031,Belagavi,Belagavi Demo Zone 3,Theft,3,15.825744,74.466708,2026-05-31T17:42:09,Synthetic demo record: theft reported in Belagavi.,Rohit Reddy|Farhan Reddy
DEMO-20260822-01032,Dakshina Kannada,Dakshina Kannada Demo Zone 2,Fraud,6,12.920861,74.843966,2026-06-14T08:52:09,Synthetic demo record: fraud reported in Dakshina Kannada.,Rohit Patil
DEMO-20260822-01033,Mandya,Mandya Demo Zone 1,Fraud,4,12.531593,76.924775,2026-06-19T13:56:09,Synthetic demo record: fraud reported in Mandya.,Kiran Rao|Srinivas Rao
DEMO-20260822-01034,Chikkamagaluru,Chikkamagaluru Demo Zone 3,Dispute,2,13.346096,75.772776,2026-07-06T20:37:09,Synthetic demo record: dispute reported in Chikkamagaluru.,Deepak Rao|Kiran Rao
DEMO-20260822-01035,Raichur,Raichur Demo Zone 3,Burglary,7,16.171545,77.319483,2026-07-23T07:00:09,Synthetic demo record: burglary reported in Raichur.,Rekha Patil|Mahesh Kumar|Nikhil Patil
DEMO-20260822-01036,Bengaluru Urban,Bengaluru Urban Demo Zone 2,Theft,5,12.96663,77.588845,2026-08-08T10:59:09,Synthetic demo record: theft reported in Bengaluru Urban.,Irfan Shetty|Arjun Shetty|Saleem Shetty
DEMO-20260822-01037,Hassan,Hassan Demo Zone 1,Fraud,4,13.00483,76.119183,2026-07-20T19:49:09,Synthetic demo record: fraud reported in Hassan.,Arjun Reddy|Santosh Reddy|Rohit Reddy
DEMO-20260822-01038,Mysuru,Mysuru Demo Zone 2,Vandalism,2,12.303758,76.635023,2026-07-27T20:09:09,Synthetic demo record: vandalism reported in Mysuru.,Santosh Patil
DEMO-20260822-01039,Vijayanagara,Vijayanagara Demo Zone 4,Dispute,4,15.361666,76.453301,2026-06-04T13:48:09,Synthetic demo record: dispute reported in Vijayanagara.,Santosh Nair|Saleem Nair|Ashok Nair
DEMO-20260822-01040,Koppal,Koppal Demo Zone 2,Assault,7,15.364859,76.174822,2026-08-03T07:45:09,Synthetic demo record: assault reported in Koppal.,Ganesh Rao|Arjun Sharma|Pradeep Sharma
DEMO-20260822-01041,Vijayanagara,Vijayanagara Demo Zone 4,Assault,7,15.312922,76.453358,2026-07-04T17:57:09,Synthetic demo record: assault reported in Vijayanagara.,Nikhil Nair|Priya Nair
DEMO-20260822-01042,Kolar,Kolar Demo Zone 3,Theft,3,13.120997,78.105427,2026-06-14T14:53:09,Synthetic demo record: theft reported in Kolar.,Rekha Nair|Mohan Sharma
DEMO-20260822-01043,Belagavi,Belagavi Demo Zone 3,Fraud,4,15.877511,74.522169,2026-06-19T17:19:09,Synthetic demo record: fraud reported in Belagavi.,Pradeep Reddy|Irfan Reddy
DEMO-20260822-01044,Ballari,Ballari Demo Zone 4,Burglary,5,15.102881,76.900053,2026-06-15T16:49:09,Synthetic demo record: burglary reported in Ballari.,Anil Reddy|Saleem Gowda
DEMO-20260822-01045,Chikkaballapur,Chikkaballapur Demo Zone 3,Theft,5,13.414928,77.719601,2026-07-08T19:42:09,Synthetic demo record: theft reported in Chikkaballapur.,Mahesh Rao|Saleem Sharma
DEMO-20260822-01046,Dakshina Kannada,Dakshina Kannada Demo Zone 3,Burglary,5,12.921291,74.844459,2026-06-05T18:18:09,Synthetic demo record: burglary reported in Dakshina Kannada.,Ashok Patil|Harish Patil
DEMO-20260822-01047,Kalaburagi,Kalaburagi Demo Zone 3,Assault,8,17.348774,76.851391,2026-08-04T16:13:09,Synthetic demo record: assault reported in Kalaburagi.,Farhan Shetty
DEMO-20260822-01048,Chitradurga,Chitradurga Demo Zone 4,Theft,5,14.234944,76.357404,2026-08-02T18:27:09,Synthetic demo record: theft reported in Chitradurga.,Ganesh Patil|Rekha Rao|Priya Rao
DEMO-20260822-01049,Raichur,Raichur Demo Zone 2,Burglary,6,16.233031,77.338903,2026-06-15T04:51:09,Synthetic demo record: burglary reported in Raichur.,Farhan Patil|Mohan Patil
DEMO-20260822-01050,Bidar,Bidar Demo Zone 3,Theft,5,17.919342,77.525499,2026-07-27T15:44:09,Synthetic demo record: theft reported in Bidar.,Priya Nair|Naveen Nair
DEMO-20260822-01051,Haveri,Haveri Demo Zone 1,Theft,4,14.785161,75.372013,2026-07-11T22:44:09,Synthetic demo record: theft reported in Haveri.,Mohan Shetty|Ganesh Shetty
DEMO-20260822-01052,Tumakuru,Tumakuru Demo Zone 4,Robbery,7,13.307899,77.103342,2026-07-24T14:30:09,Synthetic demo record: robbery reported in Tumakuru.,Kavitha Gowda
DEMO-20260822-01053,Raichur,Raichur Demo Zone 1,Dispute,4,16.211372,77.350299,2026-07-20T16:13:09,Synthetic demo record: dispute reported in Raichur.,Saleem Patil
DEMO-20260822-01054,Raichur,Raichur Demo Zone 4,Assault,8,16.211775,77.348248,2026-06-10T12:29:09,Synthetic demo record: assault reported in Raichur.,Imran Patil|Kavitha Patil
DEMO-20260822-01055,Tumakuru,Tumakuru Demo Zone 2,Assault,7,13.363754,77.118945,2026-08-18T10:56:09,Synthetic demo record: assault reported in Tumakuru.,Kavitha Gowda
DEMO-20260822-01056,Udupi,Udupi Demo Zone 4,Fraud,5,13.323287,74.74971,2026-06-03T20:10:09,Synthetic demo record: fraud reported in Udupi.,Kiran Reddy|Ramesh Reddy|Arjun Reddy
DEMO-20260822-01057,Vijayapura,Vijayapura Demo Zone 4,Theft,5,16.806497,75.713673,2026-06-04T09:35:09,Synthetic demo record: theft reported in Vijayapura.,Priya Shetty|Rohit Shetty|Rekha Shetty
DEMO-20260822-01058,Shivamogga,Shivamogga Demo Zone 3,Dispute,4,13.899951,75.578795,2026-06-30T22:22:09,Synthetic demo record: dispute reported in Shivamogga.,Arjun Gowda|Srinivas Gowda
DEMO-20260822-01059,Chitradurga,Chitradurga Demo Zone 4,Chain Snatching,6,14.180483,76.400583,2026-07-14T08:46:09,Synthetic demo record: chain snatching reported in Chitradurga.,Ramesh Patil
DEMO-20260822-01060,Dharwad,Dharwad Demo Zone 1,Chain Snatching,7,15.483595,74.987569,2026-07-12T07:36:09,Synthetic demo record: chain snatching reported in Dharwad.,Suresh Gowda
DEMO-20260822-01061,Belagavi,Belagavi Demo Zone 3,Fraud,6,15.821991,74.4719,2026-06-10T00:49:09,Synthetic demo record: fraud reported in Belagavi.,Kavitha Reddy
DEMO-20260822-01062,Koppal,Koppal Demo Zone 3,Fraud,4,15.370609,76.144704,2026-08-13T04:58:09,Synthetic demo record: fraud reported in Koppal.,Mahesh Rao|Meena Sharma
DEMO-20260822-01063,Kalaburagi,Kalaburagi Demo Zone 3,Assault,7,17.319719,76.834643,2026-06-27T21:40:09,Synthetic demo record: assault reported in Kalaburagi.,Suresh Nair|Ganesh Nair
DEMO-20260822-01064,Haveri,Haveri Demo Zone 3,Burglary,6,14.787136,75.371142,2026-06-16T13:25:09,Synthetic demo record: burglary reported in Haveri.,Rajesh Shetty|Ramesh Shetty
DEMO-20260822-01065,Mandya,Mandya Demo Zone 4,Assault,6,12.534549,76.925095,2026-08-15T14:54:09,Synthetic demo record: assault reported in Mandya.,Rohit Rao
DEMO-20260822-01066,Chikkaballapur,Chikkaballapur Demo Zone 4,Fraud,5,13.415565,77.719368,2026-08-07T23:49:09,Synthetic demo record: fraud reported in Chikkaballapur.,Pooja Sharma
DEMO-20260822-01067,Dharwad,Dharwad Demo Zone 4,Assault,6,15.454189,75.014783,2026-07-15T07:39:09,Synthetic demo record: assault reported in Dharwad.,Mohan Gowda
DEMO-20260822-01068,Chikkamagaluru,Chikkamagaluru Demo Zone 2,Theft,5,13.299894,75.765359,2026-07-17T13:21:09,Synthetic demo record: theft reported in Chikkamagaluru.,Mohan Rao|Saleem Rao
DEMO-20260822-01069,Kodagu,Kodagu Demo Zone 1,Dispute,3,12.392827,75.779008,2026-07-22T01:15:09,Synthetic demo record: dispute reported in Kodagu.,Rohit Nair
DEMO-20260822-01070,Chamarajanagar,Chamarajanagar Demo Zone 1,Chain Snatching,8,11.899068,76.949904,2026-06-30T23:27:09,Synthetic demo record: chain snatching reported in Chamarajanagar.,Manoj Sharma
DEMO-20260822-01071,Hassan,Hassan Demo Zone 1,Robbery,9,13.008058,76.117495,2026-07-05T22:03:09,Synthetic demo record: robbery reported in Hassan.,Imran Reddy|Pradeep Reddy
DEMO-20260822-01072,Kodagu,Kodagu Demo Zone 2,Fraud,5,12.430696,75.753783,2026-06-24T19:25:09,Synthetic demo record: fraud reported in Kodagu.,Nikhil Nair|Ashok Nair
DEMO-20260822-01073,Gadag,Gadag Demo Zone 3,Theft,3,15.423254,75.61554,2026-06-08T13:40:09,Synthetic demo record: theft reported in Gadag.,Vijay Reddy
DEMO-20260822-01074,Uttara Kannada,Uttara Kannada Demo Zone 1,Theft,4,14.827061,74.112451,2026-06-17T16:21:09,Synthetic demo record: theft reported in Uttara Kannada.,Ramesh Shetty
DEMO-20260822-01075,Kolar,Kolar Demo Zone 4,Assault,7,13.129236,78.102067,2026-07-11T07:40:09,Synthetic demo record: assault reported in Kolar.,Harish Sharma|Deepak Sharma
DEMO-20260822-01076,Uttara Kannada,Uttara Kannada Demo Zone 4,Theft,5,14.842804,74.124375,2026-07-12T08:10:09,Synthetic demo record: theft reported in Uttara Kannada.,Pooja Reddy|Meena Reddy
DEMO-20260822-01077,Vijayanagara,Vijayanagara Demo Zone 4,Dispute,4,15.316661,76.440789,2026-08-14T05:14:09,Synthetic demo record: dispute reported in Vijayanagara.,Saleem Nair|Arjun Nair
DEMO-20260822-01078,Hassan,Hassan Demo Zone 3,Vandalism,1,12.970503,76.088611,2026-08-04T10:16:09,Synthetic demo record: vandalism reported in Hassan.,Naveen Reddy
DEMO-20260822-01079,Dharwad,Dharwad Demo Zone 3,Robbery,8,15.458261,75.019827,2026-08-10T01:33:09,Synthetic demo record: robbery reported in Dharwad.,Kiran Gowda|Anil Gowda
DEMO-20260822-01080,Udupi,Udupi Demo Zone 2,Chain Snatching,7,13.352694,74.745153,2026-06-14T08:27:09,Synthetic demo record: chain snatching reported in Udupi.,Priya Reddy
DEMO-20260822-01081,Vijayanagara,Vijayanagara Demo Zone 2,Fraud,5,15.358267,76.45328,2026-07-17T01:14:09,Synthetic demo record: fraud reported in Vijayanagara.,Saleem Nair|Harish Nair
DEMO-20260822-01082,Chikkamagaluru,Chikkamagaluru Demo Zone 3,Theft,3,13.290014,75.746348,2026-06-24T18:59:09,Synthetic demo record: theft reported in Chikkamagaluru.,Farhan Rao|Ashok Rao
DEMO-20260822-01083,Bagalkote,Bagalkote Demo Zone 2,Theft,3,16.198585,75.666042,2026-06-20T08:37:09,Synthetic demo record: theft reported in Bagalkote.,Ganesh Gowda|Santosh Gowda
DEMO-20260822-01084,Uttara Kannada,Uttara Kannada Demo Zone 4,Theft,3,14.821125,74.118039,2026-07-10T07:52:09,Synthetic demo record: theft reported in Uttara Kannada.,Kiran Shetty
DEMO-20260822-01085,Shivamogga,Shivamogga Demo Zone 3,Theft,3,13.946582,75.592465,2026-06-15T22:29:09,Synthetic demo record: theft reported in Shivamogga.,Harish Gowda|Ravi Gowda
DEMO-20260822-01086,Uttara Kannada,Uttara Kannada Demo Zone 4,Theft,4,14.823464,74.119334,2026-06-19T10:10:09,Synthetic demo record: theft reported in Uttara Kannada.,Pooja Reddy|Mohan Shetty|Ravi Shetty
DEMO-20260822-01087,Kalaburagi,Kalaburagi Demo Zone 4,Assault,6,17.311083,76.858188,2026-07-31T11:55:09,Synthetic demo record: assault reported in Kalaburagi.,Anil Nair|Imran Shetty
DEMO-20260822-01088,Tumakuru,Tumakuru Demo Zone 3,Theft,5,13.330206,77.108615,2026-06-05T08:30:09,Synthetic demo record: theft reported in Tumakuru.,Mahesh Reddy
DEMO-20260822-01089,Hassan,Hassan Demo Zone 1,Fraud,6,12.986802,76.099651,2026-07-15T07:42:09,Synthetic demo record: fraud reported in Hassan.,Kavitha Reddy
DEMO-20260822-01090,Chikkamagaluru,Chikkamagaluru Demo Zone 2,Theft,3,13.348804,75.734206,2026-08-16T15:51:09,Synthetic demo record: theft reported in Chikkamagaluru.,Srinivas Rao
DEMO-20260822-01091,Koppal,Koppal Demo Zone 3,Fraud,4,15.362301,76.172739,2026-05-27T00:23:09,Synthetic demo record: fraud reported in Koppal.,Rekha Sharma|Irfan Sharma
DEMO-20260822-01092,Bidar,Bidar Demo Zone 2,Theft,3,17.919967,77.528855,2026-06-29T21:38:09,Synthetic demo record: theft reported in Bidar.,Manoj Nair|Irfan Nair
DEMO-20260822-01093,Uttara Kannada,Uttara Kannada Demo Zone 2,Fraud,6,14.823234,74.115551,2026-06-26T21:18:09,Synthetic demo record: fraud reported in Uttara Kannada.,Meena Reddy|Santosh Shetty|Kiran Shetty
DEMO-20260822-01094,Davanagere,Davanagere Demo Zone 3,Theft,4,14.496089,75.915305,2026-08-17T06:48:09,Synthetic demo record: theft reported in Davanagere.,Prakash Kumar|Ramesh Kumar
DEMO-20260822-01095,Belagavi,Belagavi Demo Zone 4,Fraud,4,15.818622,74.505842,2026-05-26T11:20:09,Synthetic demo record: fraud reported in Belagavi.,Naveen Reddy|Rohit Reddy|Ashok Reddy
DEMO-20260822-01096,Kodagu,Kodagu Demo Zone 1,Assault,7,12.428893,75.749814,2026-07-13T13:27:09,Synthetic demo record: assault reported in Kodagu.,Prakash Nair|Irfan Nair
DEMO-20260822-01097,Chikkaballapur,Chikkaballapur Demo Zone 1,Fraud,5,13.420758,77.718025,2026-05-31T19:44:09,Synthetic demo record: fraud reported in Chikkaballapur.,Pooja Sharma|Farhan Sharma|Priya Sharma
DEMO-20260822-01098,Koppal,Koppal Demo Zone 4,Burglary,7,15.315163,76.189917,2026-08-17T14:53:09,Synthetic demo record: burglary reported in Koppal.,Nikhil Sharma|Imran Sharma
DEMO-20260822-01099,Shivamogga,Shivamogga Demo Zone 1,Theft,5,13.899735,75.57532,2026-06-17T19:47:09,Synthetic demo record: theft reported in Shivamogga.,Santosh Gowda
DEMO-20260822-01100,Kolar,Kolar Demo Zone 4,Theft,5,13.129425,78.098036,2026-07-22T01:17:09,Synthetic demo record: theft reported in Kolar.,Srinivas Sharma
DEMO-20260822-01101,Chikkamagaluru,Chikkamagaluru Demo Zone 4,Theft,3,13.289835,75.745993,2026-06-11T17:17:09,Synthetic demo record: theft reported in Chikkamagaluru.,Rohit Rao|Ashok Rao|Manoj Rao
DEMO-20260822-01102,Raichur,Raichur Demo Zone 3,Assault,8,16.200438,77.320108,2026-06-11T15:42:09,Synthetic demo record: assault reported in Raichur.,Kiran Patil|Farhan Patil
DEMO-20260822-01103,Vijayanagara,Vijayanagara Demo Zone 2,Fraud,6,15.316024,76.45055,2026-07-21T11:38:09,Synthetic demo record: fraud reported in Vijayanagara.,Ashok Nair
DEMO-20260822-01104,Kolar,Kolar Demo Zone 3,Dispute,3,13.126803,78.101867,2026-06-07T04:48:09,Synthetic demo record: dispute reported in Kolar.,Ganesh Sharma|Pooja Nair
DEMO-20260822-01105,Uttara Kannada,Uttara Kannada Demo Zone 1,Chain Snatching,6,14.854486,74.119038,2026-08-11T07:15:09,Synthetic demo record: chain snatching reported in Uttara Kannada.,Naveen Shetty
DEMO-20260822-01106,Raichur,Raichur Demo Zone 1,Dispute,4,16.238645,77.317923,2026-08-21T05:51:09,Synthetic demo record: dispute reported in Raichur.,Ravi Kumar
DEMO-20260822-01107,Koppal,Koppal Demo Zone 4,Dispute,3,15.35982,76.172079,2026-07-15T00:43:09,Synthetic demo record: dispute reported in Koppal.,Ravi Rao|Anil Rao
DEMO-20260822-01108,Chikkamagaluru,Chikkamagaluru Demo Zone 1,Theft,4,13.292614,75.748061,2026-08-07T04:46:09,Synthetic demo record: theft reported in Chikkamagaluru.,Deepak Rao|Harish Rao
DEMO-20260822-01109,Raichur,Raichur Demo Zone 1,Theft,5,16.237622,77.380661,2026-07-30T03:20:09,Synthetic demo record: theft reported in Raichur.,Ravi Kumar|Saleem Patil
DEMO-20260822-01110,Raichur,Raichur Demo Zone 1,Theft,5,16.236696,77.329438,2026-07-17T13:30:09,Synthetic demo record: theft reported in Raichur.,Farhan Patil
DEMO-20260822-01111,Vijayapura,Vijayapura Demo Zone 3,Dispute,4,16.831254,75.714123,2026-06-24T16:20:09,Synthetic demo record: dispute reported in Vijayapura.,Rajesh Nair|Irfan Shetty|Farhan Shetty
DEMO-20260822-01112,Chikkamagaluru,Chikkamagaluru Demo Zone 1,Dispute,4,13.302007,75.772086,2026-06-30T18:08:09,Synthetic demo record: dispute reported in Chikkamagaluru.,Santosh Rao|Nikhil Rao
DEMO-20260822-01113,Bengaluru Rural,Bengaluru Rural Demo Zone 2,Dispute,3,13.308133,77.618215,2026-06-21T05:19:09,Synthetic demo record: dispute reported in Bengaluru Rural.,Mahesh Shetty|Vijay Shetty
DEMO-20260822-01114,Belagavi,Belagavi Demo Zone 2,Robbery,7,15.832732,74.51839,2026-08-02T05:48:09,Synthetic demo record: robbery reported in Belagavi.,Harish Reddy|Pradeep Reddy
DEMO-20260822-01115,Chitradurga,Chitradurga Demo Zone 1,Vandalism,2,14.20213,76.416201,2026-05-27T22:35:09,Synthetic demo record: vandalism reported in Chitradurga.,Irfan Rao|Ramesh Patil
DEMO-20260822-01116,Chitradurga,Chitradurga Demo Zone 1,Assault,7,14.212737,76.381582,2026-08-02T23:10:09,Synthetic demo record: assault reported in Chitradurga.,Srinivas Patil
DEMO-20260822-01117,Udupi,Udupi Demo Zone 3,Robbery,9,13.326849,74.750901,2026-07-12T07:13:09,Synthetic demo record: robbery reported in Udupi.,Arjun Reddy
DEMO-20260822-01118,Tumakuru,Tumakuru Demo Zone 4,Robbery,7,13.312493,77.102439,2026-08-21T15:05:09,Synthetic demo record: robbery reported in Tumakuru.,Vijay Reddy|Saleem Gowda
DEMO-20260822-01119,Bagalkote,Bagalkote Demo Zone 3,Dispute,4,16.197913,75.652058,2026-06-06T03:01:09,Synthetic demo record: dispute reported in Bagalkote.,Srinivas Gowda|Ashok Gowda
DEMO-20260822-01120,Udupi,Udupi Demo Zone 4,Theft,3,13.339468,74.714818,2026-07-06T06:48:09,Synthetic demo record: theft reported in Udupi.,Kiran Reddy|Rohit Reddy|Rekha Reddy
DEMO-20260822-01121,Bagalkote,Bagalkote Demo Zone 4,Assault,6,16.194629,75.651287,2026-08-09T14:47:09,Synthetic demo record: assault reported in Bagalkote.,Naveen Gowda|Anil Gowda|Santosh Gowda
DEMO-20260822-01122,Udupi,Udupi Demo Zone 2,Theft,3,13.380841,74.74349,2026-07-19T19:28:09,Synthetic demo record: theft reported in Udupi.,Rohit Reddy|Imran Reddy|Ramesh Reddy
DEMO-20260822-01123,Gadag,Gadag Demo Zone 1,Dispute,2,15.421545,75.620665,2026-07-20T20:55:09,Synthetic demo record: dispute reported in Gadag.,Ganesh Reddy|Ravi Reddy
DEMO-20260822-01124,Udupi,Udupi Demo Zone 1,Theft,5,13.346535,74.751062,2026-08-20T10:30:09,Synthetic demo record: theft reported in Udupi.,Ramesh Reddy|Harish Reddy|Rekha Reddy
DEMO-20260822-01125,Udupi,Udupi Demo Zone 3,Theft,5,13.326519,74.747875,2026-07-14T12:24:09,Synthetic demo record: theft reported in Udupi.,Irfan Reddy|Harish Reddy
DEMO-20260822-01126,Kalaburagi,Kalaburagi Demo Zone 2,Theft,5,17.35136,76.853008,2026-06-20T07:36:09,Synthetic demo record: theft reported in Kalaburagi.,Pooja Shetty
DEMO-20260822-01127,Tumakuru,Tumakuru Demo Zone 3,Theft,3,13.332329,77.109187,2026-05-27T21:13:09,Synthetic demo record: theft reported in Tumakuru.,Rohit Gowda
DEMO-20260822-01128,Mandya,Mandya Demo Zone 1,Dispute,4,12.530827,76.923038,2026-07-26T18:22:09,Synthetic demo record: dispute reported in Mandya.,Harish Rao
DEMO-20260822-01129,Chamarajanagar,Chamarajanagar Demo Zone 1,Fraud,5,11.898199,76.94563,2026-06-14T14:56:09,Synthetic demo record: fraud reported in Chamarajanagar.,Deepak Sharma|Mahesh Sharma
DEMO-20260822-01130,Mandya,Mandya Demo Zone 2,Dispute,2,12.531323,76.893992,2026-08-08T01:48:09,Synthetic demo record: dispute reported in Mandya.,Saleem Rao|Deepak Rao
DEMO-20260822-01131,Kodagu,Kodagu Demo Zone 1,Assault,6,12.4497,75.755839,2026-08-01T11:44:09,Synthetic demo record: assault reported in Kodagu.,Kiran Nair|Ramesh Nair
DEMO-20260822-01132,Chamarajanagar,Chamarajanagar Demo Zone 2,Theft,5,11.939011,76.929311,2026-06-28T22:31:09,Synthetic demo record: theft reported in Chamarajanagar.,Santosh Sharma
DEMO-20260822-01133,Koppal,Koppal Demo Zone 3,Chain Snatching,6,15.372955,76.145842,2026-05-28T18:48:09,Synthetic demo record: chain snatching reported in Koppal.,Nikhil Sharma|Rekha Sharma
DEMO-20260822-01134,Udupi,Udupi Demo Zone 1,Assault,6,13.309305,74.740599,2026-06-07T10:30:09,Synthetic demo record: assault reported in Udupi.,Srinivas Reddy|Ashok Reddy|Irfan Reddy
DEMO-20260822-01135,Kodagu,Kodagu Demo Zone 3,Burglary,6,12.427122,75.749508,2026-07-05T22:44:09,Synthetic demo record: burglary reported in Kodagu.,Irfan Nair|Srinivas Nair
DEMO-20260822-01136,Ramanagara,Ramanagara Demo Zone 1,Theft,3,12.74884,77.284671,2026-06-28T15:29:09,Synthetic demo record: theft reported in Ramanagara.,Anil Kumar|Rohit Kumar
DEMO-20260822-01137,Ballari,Ballari Demo Zone 1,Chain Snatching,7,15.115923,76.922137,2026-06-16T15:13:09,Synthetic demo record: chain snatching reported in Ballari.,Nikhil Gowda|Anil Reddy
DEMO-20260822-01138,Koppal,Koppal Demo Zone 3,Assault,7,15.368634,76.165763,2026-08-01T12:50:09,Synthetic demo record: assault reported in Koppal.,Anil Rao|Rohit Sharma
DEMO-20260822-01139,Bagalkote,Bagalkote Demo Zone 4,Fraud,6,16.165888,75.659459,2026-07-04T12:52:09,Synthetic demo record: fraud reported in Bagalkote.,Kiran Gowda
DEMO-20260822-01140,Davanagere,Davanagere Demo Zone 2,Dispute,3,14.486659,75.89523,2026-07-15T11:32:09,Synthetic demo record: dispute reported in Davanagere.,Kiran Kumar|Srinivas Kumar|Ashok Kumar
DEMO-20260822-01141,Kalaburagi,Kalaburagi Demo Zone 1,Dispute,2,17.303592,76.858808,2026-07-27T03:00:09,Synthetic demo record: dispute reported in Kalaburagi.,Imran Shetty|Anil Nair|Priya Shetty
DEMO-20260822-01142,Kalaburagi,Kalaburagi Demo Zone 3,Burglary,5,17.315391,76.810678,2026-06-09T20:14:09,Synthetic demo record: burglary reported in Kalaburagi.,Anil Nair|Vijay Nair
DEMO-20260822-01143,Mysuru,Mysuru Demo Zone 2,Dispute,2,12.302516,76.634374,2026-05-30T00:31:09,Synthetic demo record: dispute reported in Mysuru.,Rajesh Patil|Pooja Rao
DEMO-20260822-01144,Bagalkote,Bagalkote Demo Zone 4,Vandalism,2,16.200987,75.666553,2026-06-18T11:25:09,Synthetic demo record: vandalism reported in Bagalkote.,Mohan Gowda|Arjun Gowda
DEMO-20260822-01145,Tumakuru,Tumakuru Demo Zone 1,Theft,4,13.310676,77.10578,2026-07-20T12:32:09,Synthetic demo record: theft reported in Tumakuru.,Deepak Reddy|Rohit Gowda
DEMO-20260822-01146,Chitradurga,Chitradurga Demo Zone 3,Vandalism,2,14.240451,76.399816,2026-07-18T17:17:09,Synthetic demo record: vandalism reported in Chitradurga.,Naveen Patil|Rekha Rao
DEMO-20260822-01147,Raichur,Raichur Demo Zone 3,Burglary,6,16.241361,77.315118,2026-06-24T03:58:09,Synthetic demo record: burglary reported in Raichur.,Mohan Patil
DEMO-20260822-01148,Hassan,Hassan Demo Zone 3,Dispute,3,12.985657,76.105052,2026-06-07T16:36:09,Synthetic demo record: dispute reported in Hassan.,Harish Reddy
DEMO-20260822-01149,Bidar,Bidar Demo Zone 4,Theft,4,17.893189,77.537035,2026-06-09T16:26:09,Synthetic demo record: theft reported in Bidar.,Nikhil Nair
DEMO-20260822-01150,Gadag,Gadag Demo Zone 1,Burglary,6,15.435183,75.649862,2026-06-09T16:35:09,Synthetic demo record: burglary reported in Gadag.,Nikhil Gowda
DEMO-20260822-01151,Yadgir,Yadgir Demo Zone 1,Vandalism,3,16.769361,77.129614,2026-06-24T01:25:09,Synthetic demo record: vandalism reported in Yadgir.,Meena Nair|Naveen Sharma|Prakash Sharma
DEMO-20260822-01152,Kalaburagi,Kalaburagi Demo Zone 3,Assault,6,17.318857,76.827798,2026-08-07T17:09:09,Synthetic demo record: assault reported in Kalaburagi.,Pooja Shetty|Kavitha Shetty
DEMO-20260822-01153,Dharwad,Dharwad Demo Zone 3,Dispute,3,15.455813,75.012799,2026-06-16T01:48:09,Synthetic demo record: dispute reported in Dharwad.,Harish Gowda
DEMO-20260822-01154,Vijayapura,Vijayapura Demo Zone 1,Vandalism,2,16.834117,75.712934,2026-06-21T17:05:09,Synthetic demo record: vandalism reported in Vijayapura.,Anil Nair|Rohit Shetty|Pooja Shetty
DEMO-20260822-01155,Shivamogga,Shivamogga Demo Zone 4,Robbery,8,13.895891,75.57508,2026-06-11T04:35:09,Synthetic demo record: robbery reported in Shivamogga.,Santosh Gowda|Prakash Gowda
DEMO-20260822-01156,Bagalkote,Bagalkote Demo Zone 1,Chain Snatching,7,16.16311,75.643385,2026-05-31T01:26:09,Synthetic demo record: chain snatching reported in Bagalkote.,Ravi Gowda|Harish Gowda|Deepak Gowda
DEMO-20260822-01157,Bagalkote,Bagalkote Demo Zone 4,Burglary,5,16.201142,75.663691,2026-07-09T00:49:09,Synthetic demo record: burglary reported in Bagalkote.,Pradeep Gowda
DEMO-20260822-01158,Yadgir,Yadgir Demo Zone 4,Assault,7,16.776048,77.144731,2026-06-06T13:40:09,Synthetic demo record: assault reported in Yadgir.,Ravi Sharma|Ramesh Sharma
DEMO-20260822-01159,Vijayanagara,Vijayanagara Demo Zone 2,Robbery,7,15.316067,76.439374,2026-06-20T04:50:09,Synthetic demo record: robbery reported in Vijayanagara.,Imran Nair|Santosh Nair
DEMO-20260822-01160,Bidar,Bidar Demo Zone 4,Dispute,3,17.930071,77.540935,2026-08-01T01:57:09,Synthetic demo record: dispute reported in Bidar.,Harish Nair
DEMO-20260822-01161,Bagalkote,Bagalkote Demo Zone 4,Dispute,3,16.146365,75.688572,2026-06-16T08:01:09,Synthetic demo record: dispute reported in Bagalkote.,Manoj Gowda|Srinivas Gowda
DEMO-20260822-01162,Bidar,Bidar Demo Zone 2,Chain Snatching,7,17.929699,77.524596,2026-06-11T14:30:09,Synthetic demo record: chain snatching reported in Bidar.,Santosh Nair|Nikhil Nair|Saleem Nair
DEMO-20260822-01163,Uttara Kannada,Uttara Kannada Demo Zone 1,Dispute,4,14.838222,74.149038,2026-08-08T00:32:09,Synthetic demo record: dispute reported in Uttara Kannada.,Mahesh Shetty|Manoj Shetty|Vijay Shetty
DEMO-20260822-01164,Chitradurga,Chitradurga Demo Zone 1,Assault,7,14.239035,76.400338,2026-07-29T11:30:09,Synthetic demo record: assault reported in Chitradurga.,Suresh Patil
DEMO-20260822-01165,Ballari,Ballari Demo Zone 2,Assault,6,15.147852,76.919658,2026-08-14T18:57:09,Synthetic demo record: assault reported in Ballari.,Pooja Gowda|Rohit Gowda
DEMO-20260822-01166,Dakshina Kannada,Dakshina Kannada Demo Zone 2,Dispute,4,12.888137,74.839844,2026-07-10T14:39:09,Synthetic demo record: dispute reported in Dakshina Kannada.,Ashok Patil
DEMO-20260822-01167,Tumakuru,Tumakuru Demo Zone 4,Theft,4,13.364773,77.124116,2026-06-17T17:56:09,Synthetic demo record: theft reported in Tumakuru.,Anil Reddy|Priya Gowda
DEMO-20260822-01168,Uttara Kannada,Uttara Kannada Demo Zone 4,Vandalism,3,14.845977,74.149649,2026-06-02T16:04:09,Synthetic demo record: vandalism reported in Uttara Kannada.,Pooja Reddy|Mahesh Shetty
DEMO-20260822-01169,Chikkamagaluru,Chikkamagaluru Demo Zone 4,Vandalism,3,13.337356,75.761822,2026-07-28T05:10:09,Synthetic demo record: vandalism reported in Chikkamagaluru.,Ramesh Rao|Prakash Rao|Imran Rao
DEMO-20260822-01170,Shivamogga,Shivamogga Demo Zone 3,Theft,3,13.947544,75.547275,2026-08-07T08:16:09,Synthetic demo record: theft reported in Shivamogga.,Arjun Gowda|Vijay Gowda
DEMO-20260822-01171,Yadgir,Yadgir Demo Zone 4,Burglary,6,16.748415,77.123434,2026-07-23T00:05:09,Synthetic demo record: burglary reported in Yadgir.,Ravi Sharma|Ganesh Sharma|Harish Sharma
DEMO-20260822-01172,Gadag,Gadag Demo Zone 4,Assault,8,15.424992,75.616167,2026-06-07T23:50:09,Synthetic demo record: assault reported in Gadag.,Vijay Reddy
DEMO-20260822-01173,Dakshina Kannada,Dakshina Kannada Demo Zone 3,Fraud,5,12.887504,74.837437,2026-07-22T12:27:09,Synthetic demo record: fraud reported in Dakshina Kannada.,Rohit Patil
DEMO-20260822-01174,Chikkaballapur,Chikkaballapur Demo Zone 2,Chain Snatching,8,13.449812,77.71411,2026-08-22T14:15:09,Synthetic demo record: chain snatching reported in Chikkaballapur.,Pooja Sharma
DEMO-20260822-01175,Kalaburagi,Kalaburagi Demo Zone 4,Theft,5,17.341208,76.812566,2026-08-06T03:30:09,Synthetic demo record: theft reported in Kalaburagi.,Imran Shetty
DEMO-20260822-01176,Mandya,Mandya Demo Zone 2,Theft,5,12.529779,76.919595,2026-08-11T18:15:09,Synthetic demo record: theft reported in Mandya.,Vijay Rao|Srinivas Rao
DEMO-20260822-01177,Chamarajanagar,Chamarajanagar Demo Zone 1,Theft,5,11.939819,76.92571,2026-05-25T16:06:09,Synthetic demo record: theft reported in Chamarajanagar.,Rekha Nair|Deepak Sharma
DEMO-20260822-01178,Bengaluru Urban,Bengaluru Urban Demo Zone 2,Fraud,5,12.986318,77.627458,2026-06-12T16:45:09,Synthetic demo record: fraud reported in Bengaluru Urban.,Imran Shetty|Irfan Shetty|Mahesh Nair
DEMO-20260822-01179,Shivamogga,Shivamogga Demo Zone 4,Chain Snatching,8,13.910872,75.530594,2026-06-09T17:05:09,Synthetic demo record: chain snatching reported in Shivamogga.,Naveen Gowda
DEMO-20260822-01180,Belagavi,Belagavi Demo Zone 4,Dispute,3,15.874826,74.513985,2026-08-05T08:31:09,Synthetic demo record: dispute reported in Belagavi.,Prakash Reddy
DEMO-20260822-01181,Ballari,Ballari Demo Zone 1,Burglary,7,15.145086,76.894696,2026-05-30T19:43:09,Synthetic demo record: burglary reported in Ballari.,Suresh Reddy|Deepak Reddy|Kavitha Gowda
DEMO-20260822-01182,Vijayanagara,Vijayanagara Demo Zone 3,Vandalism,3,15.371252,76.455849,2026-07-26T23:39:09,Synthetic demo record: vandalism reported in Vijayanagara.,Irfan Nair|Pradeep Nair
DEMO-20260822-01183,Mysuru,Mysuru Demo Zone 2,Assault,7,12.271169,76.647187,2026-07-11T18:02:09,Synthetic demo record: assault reported in Mysuru.,Meena Rao|Ravi Patil
DEMO-20260822-01184,Belagavi,Belagavi Demo Zone 4,Theft,4,15.875902,74.515737,2026-06-26T15:29:09,Synthetic demo record: theft reported in Belagavi.,Srinivas Reddy|Arjun Reddy
DEMO-20260822-01185,Kodagu,Kodagu Demo Zone 2,Vandalism,2,12.451096,75.752954,2026-08-21T09:57:09,Synthetic demo record: vandalism reported in Kodagu.,Nikhil Nair
DEMO-20260822-01186,Gadag,Gadag Demo Zone 1,Assault,8,15.420478,75.616251,2026-08-21T22:50:09,Synthetic demo record: assault reported in Gadag.,Mahesh Reddy|Rekha Gowda|Rajesh Reddy
DEMO-20260822-01187,Bengaluru Urban,Bengaluru Urban Demo Zone 1,Vandalism,3,12.979634,77.579047,2026-07-12T04:49:09,Synthetic demo record: vandalism reported in Bengaluru Urban.,Kavitha Shetty
DEMO-20260822-01188,Yadgir,Yadgir Demo Zone 3,Assault,8,16.770385,77.130616,2026-06-08T02:45:09,Synthetic demo record: assault reported in Yadgir.,Deepak Sharma|Ramesh Sharma|Rajesh Sharma
DEMO-20260822-01189,Chikkamagaluru,Chikkamagaluru Demo Zone 3,Burglary,5,13.317253,75.75435,2026-08-13T22:03:09,Synthetic demo record: burglary reported in Chikkamagaluru.,Imran Rao|Santosh Rao
DEMO-20260822-01190,Bidar,Bidar Demo Zone 2,Assault,7,17.920689,77.524488,2026-07-10T00:56:09,Synthetic demo record: assault reported in Bidar.,Rohit Nair|Ramesh Nair|Irfan Nair
DEMO-20260822-01191,Chamarajanagar,Chamarajanagar Demo Zone 1,Chain Snatching,8,11.934815,76.926648,2026-06-23T11:31:09,Synthetic demo record: chain snatching reported in Chamarajanagar.,Suresh Sharma|Mohan Sharma|Naveen Sharma
DEMO-20260822-01192,Dakshina Kannada,Dakshina Kannada Demo Zone 4,Chain Snatching,7,12.920156,74.84788,2026-07-22T18:21:09,Synthetic demo record: chain snatching reported in Dakshina Kannada.,Pooja Patil
DEMO-20260822-01193,Koppal,Koppal Demo Zone 4,Theft,5,15.361699,76.172016,2026-08-08T07:26:09,Synthetic demo record: theft reported in Koppal.,Saleem Sharma
DEMO-20260822-01194,Ballari,Ballari Demo Zone 1,Burglary,7,15.132,76.898534,2026-08-06T15:02:09,Synthetic demo record: burglary reported in Ballari.,Deepak Reddy|Irfan Gowda
DEMO-20260822-01195,Haveri,Haveri Demo Zone 1,Theft,5,14.770112,75.424315,2026-07-24T22:04:09,Synthetic demo record: theft reported in Haveri.,Mahesh Shetty|Srinivas Shetty|Ganesh Shetty
DEMO-20260822-01196,Kodagu,Kodagu Demo Zone 2,Assault,8,12.427517,75.75634,2026-06-21T16:07:09,Synthetic demo record: assault reported in Kodagu.,Naveen Nair|Imran Nair
DEMO-20260822-01197,Tumakuru,Tumakuru Demo Zone 3,Theft,5,13.334214,77.111295,2026-08-01T09:55:09,Synthetic demo record: theft reported in Tumakuru.,Nikhil Gowda
DEMO-20260822-01198,Chikkamagaluru,Chikkamagaluru Demo Zone 4,Theft,4,13.342864,75.773281,2026-06-12T08:26:09,Synthetic demo record: theft reported in Chikkamagaluru.,Rajesh Rao|Srinivas Rao
DEMO-20260822-01199,Haveri,Haveri Demo Zone 1,Dispute,2,14.792675,75.373903,2026-07-20T00:09:09,Synthetic demo record: dispute reported in Haveri.,Harish Shetty
DEMO-20260822-01200,Uttara Kannada,Uttara Kannada Demo Zone 3,Assault,8,14.819789,74.115761,2026-07-04T03:50:09,Synthetic demo record: assault reported in Uttara Kannada.,Rajesh Shetty
DEMO-20260822-01201,Mysuru,Mysuru Demo Zone 2,Theft,3,12.271267,76.641283,2026-08-17T15:54:09,Synthetic demo record: theft reported in Mysuru.,Irfan Rao
DEMO-20260822-01202,Koppal,Koppal Demo Zone 2,Theft,3,15.368038,76.167835,2026-07-26T11:08:09,Synthetic demo record: theft reported in Koppal.,Ganesh Rao
DEMO-20260822-01203,Tumakuru,Tumakuru Demo Zone 3,Dispute,2,13.328683,77.111517,2026-06-11T18:44:09,Synthetic demo record: dispute reported in Tumakuru.,Irfan Gowda|Suresh Reddy
DEMO-20260822-01204,Udupi,Udupi Demo Zone 1,Assault,7,13.337184,74.777814,2026-05-25T23:41:09,Synthetic demo record: assault reported in Udupi.,Mohan Reddy
DEMO-20260822-01205,Gadag,Gadag Demo Zone 3,Assault,8,15.4554,75.659106,2026-07-17T20:19:09,Synthetic demo record: assault reported in Gadag.,Nikhil Gowda
DEMO-20260822-01206,Chamarajanagar,Chamarajanagar Demo Zone 1,Theft,3,11.930445,76.928096,2026-07-24T22:47:09,Synthetic demo record: theft reported in Chamarajanagar.,Ganesh Sharma
DEMO-20260822-01207,Vijayapura,Vijayapura Demo Zone 2,Assault,8,16.831832,75.71393,2026-06-12T06:58:09,Synthetic demo record: assault reported in Vijayapura.,Pooja Shetty|Rohit Shetty
DEMO-20260822-01208,Bengaluru Rural,Bengaluru Rural Demo Zone 1,Burglary,5,13.287903,77.617374,2026-08-03T13:18:09,Synthetic demo record: burglary reported in Bengaluru Rural.,Anil Shetty
DEMO-20260822-01209,Ramanagara,Ramanagara Demo Zone 4,Theft,4,12.749098,77.284794,2026-06-08T02:38:09,Synthetic demo record: theft reported in Ramanagara.,Ashok Kumar
DEMO-20260822-01210,Chamarajanagar,Chamarajanagar Demo Zone 4,Vandalism,3,11.931297,76.937393,2026-06-12T03:34:09,Synthetic demo record: vandalism reported in Chamarajanagar.,Prakash Sharma
DEMO-20260822-01211,Kalaburagi,Kalaburagi Demo Zone 4,Theft,5,17.305945,76.857814,2026-07-06T03:29:09,Synthetic demo record: theft reported in Kalaburagi.,Vijay Nair|Pradeep Shetty|Irfan Shetty
DEMO-20260822-01212,Chitradurga,Chitradurga Demo Zone 3,Theft,4,14.203931,76.416931,2026-07-12T17:19:09,Synthetic demo record: theft reported in Chitradurga.,Prakash Patil
DEMO-20260822-01213,Ballari,Ballari Demo Zone 3,Theft,4,15.131742,76.910617,2026-07-10T13:59:09,Synthetic demo record: theft reported in Ballari.,Meena Gowda
DEMO-20260822-01214,Ramanagara,Ramanagara Demo Zone 1,Theft,5,12.734972,77.275041,2026-07-23T11:12:09,Synthetic demo record: theft reported in Ramanagara.,Anil Kumar|Naveen Kumar
DEMO-20260822-01215,Tumakuru,Tumakuru Demo Zone 3,Assault,6,13.367238,77.125285,2026-05-25T09:12:09,Synthetic demo record: assault reported in Tumakuru.,Rajesh Reddy|Deepak Reddy|Anil Reddy
DEMO-20260822-01216,Hassan,Hassan Demo Zone 1,Assault,8,13.00682,76.120017,2026-08-21T00:05:09,Synthetic demo record: assault reported in Hassan.,Imran Reddy|Prakash Reddy
DEMO-20260822-01217,Yadgir,Yadgir Demo Zone 2,Chain Snatching,7,16.767403,77.127234,2026-07-17T06:27:09,Synthetic demo record: chain snatching reported in Yadgir.,Mohan Sharma
DEMO-20260822-01218,Mysuru,Mysuru Demo Zone 2,Theft,5,12.288676,76.646911,2026-06-06T20:23:09,Synthetic demo record: theft reported in Mysuru.,Irfan Rao|Priya Rao
DEMO-20260822-01219,Bagalkote,Bagalkote Demo Zone 4,Theft,3,16.195597,75.656213,2026-07-25T04:32:09,Synthetic demo record: theft reported in Bagalkote.,Ramesh Gowda|Srinivas Gowda|Pradeep Gowda
DEMO-20260822-01220,Chikkamagaluru,Chikkamagaluru Demo Zone 4,Theft,5,13.304736,75.755156,2026-06-24T02:34:09,Synthetic demo record: theft reported in Chikkamagaluru.,Rajesh Rao|Vijay Rao|Naveen Rao
DEMO-20260822-01221,Bengaluru Rural,Bengaluru Rural Demo Zone 4,Theft,3,13.267221,77.594644,2026-08-20T05:42:09,Synthetic demo record: theft reported in Bengaluru Rural.,Naveen Shetty|Manoj Shetty
DEMO-20260822-01222,Bagalkote,Bagalkote Demo Zone 4,Assault,7,16.200762,75.664891,2026-06-08T04:01:09,Synthetic demo record: assault reported in Bagalkote.,Suresh Gowda|Mahesh Gowda
DEMO-20260822-01223,Yadgir,Yadgir Demo Zone 4,Assault,8,16.804054,77.120778,2026-08-09T07:55:09,Synthetic demo record: assault reported in Yadgir.,Rajesh Sharma
DEMO-20260822-01224,Belagavi,Belagavi Demo Zone 2,Chain Snatching,8,15.838951,74.512039,2026-08-09T07:38:09,Synthetic demo record: chain snatching reported in Belagavi.,Kiran Reddy
DEMO-20260822-01225,Uttara Kannada,Uttara Kannada Demo Zone 2,Theft,4,14.835285,74.148669,2026-07-07T16:01:09,Synthetic demo record: theft reported in Uttara Kannada.,Kiran Shetty|Naveen Shetty
DEMO-20260822-01226,Dharwad,Dharwad Demo Zone 1,Assault,6,15.46016,75.017434,2026-08-03T10:26:09,Synthetic demo record: assault reported in Dharwad.,Prakash Gowda|Rajesh Gowda
DEMO-20260822-01227,Chikkaballapur,Chikkaballapur Demo Zone 3,Dispute,4,13.450139,77.714983,2026-07-05T21:08:09,Synthetic demo record: dispute reported in Chikkaballapur.,Ravi Rao
DEMO-20260822-01228,Shivamogga,Shivamogga Demo Zone 2,Dispute,4,13.942058,75.549994,2026-08-10T07:25:09,Synthetic demo record: dispute reported in Shivamogga.,Arjun Gowda|Suresh Gowda
DEMO-20260822-01229,Udupi,Udupi Demo Zone 4,Theft,4,13.326565,74.750434,2026-06-20T02:30:09,Synthetic demo record: theft reported in Udupi.,Naveen Reddy
DEMO-20260822-01230,Mysuru,Mysuru Demo Zone 1,Theft,4,12.303073,76.631007,2026-06-12T03:31:09,Synthetic demo record: theft reported in Mysuru.,Priya Rao|Ganesh Patil
DEMO-20260822-01231,Koppal,Koppal Demo Zone 2,Chain Snatching,6,15.365232,76.143419,2026-06-04T02:32:09,Synthetic demo record: chain snatching reported in Koppal.,Farhan Sharma|Meena Sharma
DEMO-20260822-01232,Yadgir,Yadgir Demo Zone 2,Assault,7,16.781473,77.173487,2026-08-17T11:46:09,Synthetic demo record: assault reported in Yadgir.,Mohan Sharma|Ramesh Sharma
DEMO-20260822-01233,Kolar,Kolar Demo Zone 3,Chain Snatching,8,13.124262,78.110751,2026-07-04T03:35:09,Synthetic demo record: chain snatching reported in Kolar.,Deepak Sharma
DEMO-20260822-01234,Chitradurga,Chitradurga Demo Zone 3,Theft,5,14.20554,76.42029,2026-06-13T21:06:09,Synthetic demo record: theft reported in Chitradurga.,Vijay Patil|Suresh Patil
DEMO-20260822-01235,Raichur,Raichur Demo Zone 4,Dispute,2,16.231194,77.33851,2026-07-21T14:47:09,Synthetic demo record: dispute reported in Raichur.,Priya Patil|Meena Patil|Mohan Patil
DEMO-20260822-01236,Ballari,Ballari Demo Zone 2,Fraud,4,15.133781,76.894778,2026-07-16T11:34:09,Synthetic demo record: fraud reported in Ballari.,Suresh Reddy
DEMO-20260822-01237,Koppal,Koppal Demo Zone 2,Chain Snatching,6,15.366025,76.141246,2026-06-27T06:07:09,Synthetic demo record: chain snatching reported in Koppal.,Irfan Sharma|Rohit Sharma
DEMO-20260822-01238,Kolar,Kolar Demo Zone 3,Burglary,7,13.129313,78.101212,2026-07-31T20:30:09,Synthetic demo record: burglary reported in Kolar.,Mohan Sharma|Santosh Sharma|Prakash Sharma
DEMO-20260822-01239,Shivamogga,Shivamogga Demo Zone 2,Assault,8,13.94849,75.595862,2026-05-27T23:58:09,Synthetic demo record: assault reported in Shivamogga.,Rajesh Gowda|Manoj Gowda|Mohan Gowda
DEMO-20260822-01240,Bidar,Bidar Demo Zone 1,Vandalism,3,17.931518,77.522345,2026-06-12T00:52:09,Synthetic demo record: vandalism reported in Bidar.,Pradeep Nair|Srinivas Nair
DEMO-20260822-01241,Kodagu,Kodagu Demo Zone 3,Fraud,5,12.421018,75.72073,2026-06-27T09:11:09,Synthetic demo record: fraud reported in Kodagu.,Prakash Nair|Naveen Nair|Nikhil Nair
DEMO-20260822-01242,Chikkaballapur,Chikkaballapur Demo Zone 4,Dispute,4,13.413305,77.719932,2026-06-25T12:54:09,Synthetic demo record: dispute reported in Chikkaballapur.,Ravi Rao
DEMO-20260822-01243,Kalaburagi,Kalaburagi Demo Zone 1,Chain Snatching,8,17.334179,76.836901,2026-07-09T14:10:09,Synthetic demo record: chain snatching reported in Kalaburagi.,Suresh Nair|Mahesh Nair
DEMO-20260822-01244,Bengaluru Rural,Bengaluru Rural Demo Zone 4,Dispute,2,13.26651,77.597921,2026-07-22T10:04:09,Synthetic demo record: dispute reported in Bengaluru Rural.,Ramesh Shetty|Ravi Shetty|Naveen Shetty
DEMO-20260822-01245,Kalaburagi,Kalaburagi Demo Zone 1,Assault,8,17.304396,76.858945,2026-07-28T17:18:09,Synthetic demo record: assault reported in Kalaburagi.,Pradeep Shetty|Ravi Nair
DEMO-20260822-01246,Vijayanagara,Vijayanagara Demo Zone 2,Dispute,2,15.362153,76.460937,2026-06-18T10:15:09,Synthetic demo record: dispute reported in Vijayanagara.,Naveen Nair|Nikhil Nair
DEMO-20260822-01247,Raichur,Raichur Demo Zone 3,Assault,7,16.217521,77.338711,2026-08-16T20:31:09,Synthetic demo record: assault reported in Raichur.,Harish Patil|Imran Patil|Pradeep Patil
DEMO-20260822-01248,Yadgir,Yadgir Demo Zone 1,Robbery,7,16.744899,77.118057,2026-07-30T23:38:09,Synthetic demo record: robbery reported in Yadgir.,Rekha Nair|Meena Nair
DEMO-20260822-01249,Belagavi,Belagavi Demo Zone 2,Dispute,2,15.839625,74.508733,2026-08-09T20:54:09,Synthetic demo record: dispute reported in Belagavi.,Arjun Reddy|Mohan Reddy
DEMO-20260822-01250,Yadgir,Yadgir Demo Zone 4,Theft,5,16.742062,77.12286,2026-06-19T08:23:09,Synthetic demo record: theft reported in Yadgir.,Rekha Nair|Mahesh Sharma|Ravi Sharma
DEMO-20260822-01251,Kodagu,Kodagu Demo Zone 1,Theft,5,12.399588,75.745661,2026-08-13T13:50:09,Synthetic demo record: theft reported in Kodagu.,Ramesh Nair|Rohit Nair
DEMO-20260822-01252,Yadgir,Yadgir Demo Zone 2,Chain Snatching,7,16.775615,77.14591,2026-06-19T11:40:09,Synthetic demo record: chain snatching reported in Yadgir.,Ravi Sharma|Vijay Sharma
DEMO-20260822-01253,Kodagu,Kodagu Demo Zone 3,Robbery,7,12.455294,75.752543,2026-08-05T07:00:09,Synthetic demo record: robbery reported in Kodagu.,Imran Nair
DEMO-20260822-01254,Davanagere,Davanagere Demo Zone 4,Assault,8,14.485434,75.899172,2026-08-20T03:39:09,Synthetic demo record: assault reported in Davanagere.,Srinivas Kumar|Anil Kumar|Harish Kumar
DEMO-20260822-01255,Bengaluru Urban,Bengaluru Urban Demo Zone 1,Dispute,4,12.975117,77.580912,2026-05-31T08:21:09,Synthetic demo record: dispute reported in Bengaluru Urban.,Arjun Shetty
DEMO-20260822-01256,Shivamogga,Shivamogga Demo Zone 3,Theft,5,13.938926,75.564165,2026-07-17T05:15:09,Synthetic demo record: theft reported in Shivamogga.,Harish Gowda|Naveen Gowda|Ashok Gowda
DEMO-20260822-01257,Chamarajanagar,Chamarajanagar Demo Zone 3,Burglary,6,11.943596,76.956252,2026-07-10T10:23:09,Synthetic demo record: burglary reported in Chamarajanagar.,Ramesh Sharma|Kavitha Nair
DEMO-20260822-01258,Bengaluru Urban,Bengaluru Urban Demo Zone 2,Dispute,4,12.966746,77.587486,2026-05-26T00:25:09,Synthetic demo record: dispute reported in Bengaluru Urban.,Rohit Shetty
DEMO-20260822-01259,Kolar,Kolar Demo Zone 3,Theft,5,13.116201,78.101777,2026-05-31T20:45:09,Synthetic demo record: theft reported in Kolar.,Ramesh Sharma|Srinivas Sharma
DEMO-20260822-01260,Hassan,Hassan Demo Zone 3,Burglary,5,12.998146,76.108527,2026-07-03T03:53:09,Synthetic demo record: burglary reported in Hassan.,Imran Reddy|Irfan Reddy
DEMO-20260822-01261,Tumakuru,Tumakuru Demo Zone 4,Burglary,6,13.306918,77.109562,2026-07-15T21:46:09,Synthetic demo record: burglary reported in Tumakuru.,Anil Reddy
DEMO-20260822-01262,Chikkamagaluru,Chikkamagaluru Demo Zone 2,Vandalism,2,13.294568,75.752457,2026-06-12T00:37:09,Synthetic demo record: vandalism reported in Chikkamagaluru.,Ramesh Rao|Saleem Rao
DEMO-20260822-01263,Vijayanagara,Vijayanagara Demo Zone 2,Chain Snatching,6,15.362974,76.456058,2026-05-26T03:21:09,Synthetic demo record: chain snatching reported in Vijayanagara.,Deepak Nair
DEMO-20260822-01264,Gadag,Gadag Demo Zone 1,Robbery,8,15.421353,75.61884,2026-07-05T16:46:09,Synthetic demo record: robbery reported in Gadag.,Rohit Gowda|Nikhil Gowda
DEMO-20260822-01265,Ballari,Ballari Demo Zone 4,Assault,7,15.112993,76.919225,2026-06-01T06:21:09,Synthetic demo record: assault reported in Ballari.,Meena Gowda
DEMO-20260822-01266,Gadag,Gadag Demo Zone 1,Dispute,2,15.457352,75.660312,2026-08-08T22:31:09,Synthetic demo record: dispute reported in Gadag.,Irfan Gowda|Rajesh Reddy|Meena Gowda
DEMO-20260822-01267,Haveri,Haveri Demo Zone 2,Theft,3,14.778607,75.40506,2026-06-28T17:14:09,Synthetic demo record: theft reported in Haveri.,Mahesh Shetty
DEMO-20260822-01268,Koppal,Koppal Demo Zone 1,Vandalism,1,15.368808,76.142674,2026-06-19T17:09:09,Synthetic demo record: vandalism reported in Koppal.,Rekha Sharma|Pradeep Sharma
DEMO-20260822-01269,Bengaluru Urban,Bengaluru Urban Demo Zone 1,Theft,4,12.959905,77.568939,2026-06-04T21:36:09,Synthetic demo record: theft reported in Bengaluru Urban.,Pradeep Shetty|Irfan Shetty
DEMO-20260822-01270,Kodagu,Kodagu Demo Zone 2,Vandalism,3,12.451933,75.755405,2026-06-27T14:42:09,Synthetic demo record: vandalism reported in Kodagu.,Saleem Nair|Nikhil Nair
DEMO-20260822-01271,Kodagu,Kodagu Demo Zone 3,Fraud,5,12.412356,75.740845,2026-07-14T16:56:09,Synthetic demo record: fraud reported in Kodagu.,Srinivas Nair|Nikhil Nair
DEMO-20260822-01272,Dharwad,Dharwad Demo Zone 3,Burglary,6,15.482946,74.98786,2026-07-31T20:13:09,Synthetic demo record: burglary reported in Dharwad.,Ramesh Gowda|Santosh Gowda
DEMO-20260822-01273,Raichur,Raichur Demo Zone 4,Vandalism,2,16.212666,77.335796,2026-06-21T17:28:09,Synthetic demo record: vandalism reported in Raichur.,Suresh Kumar
DEMO-20260822-01274,Ballari,Ballari Demo Zone 2,Robbery,9,15.144486,76.900484,2026-07-15T03:06:09,Synthetic demo record: robbery reported in Ballari.,Nikhil Gowda|Ravi Reddy
DEMO-20260822-01275,Uttara Kannada,Uttara Kannada Demo Zone 2,Robbery,9,14.824348,74.11541,2026-08-16T03:55:09,Synthetic demo record: robbery reported in Uttara Kannada.,Meena Reddy|Prakash Shetty|Vijay Shetty
DEMO-20260822-01276,Bidar,Bidar Demo Zone 3,Dispute,2,17.923652,77.525485,2026-07-30T17:20:09,Synthetic demo record: dispute reported in Bidar.,Santosh Nair|Harish Nair
DEMO-20260822-01277,Vijayanagara,Vijayanagara Demo Zone 3,Fraud,5,15.313222,76.455172,2026-07-08T03:53:09,Synthetic demo record: fraud reported in Vijayanagara.,Saleem Nair|Priya Nair
DEMO-20260822-01278,Uttara Kannada,Uttara Kannada Demo Zone 2,Robbery,9,14.838504,74.152571,2026-07-14T15:15:09,Synthetic demo record: robbery reported in Uttara Kannada.,Rajesh Shetty
DEMO-20260822-01279,Kalaburagi,Kalaburagi Demo Zone 4,Theft,3,17.307307,76.862486,2026-06-05T21:49:09,Synthetic demo record: theft reported in Kalaburagi.,Anil Nair
DEMO-20260822-01280,Kalaburagi,Kalaburagi Demo Zone 2,Theft,5,17.313119,76.811974,2026-07-25T07:59:09,Synthetic demo record: theft reported in Kalaburagi.,Pooja Shetty|Irfan Shetty
DEMO-20260822-01281,Kalaburagi,Kalaburagi Demo Zone 2,Theft,3,17.30928,76.85884,2026-08-10T05:15:09,Synthetic demo record: theft reported in Kalaburagi.,Suresh Nair|Priya Shetty|Ravi Nair
DEMO-20260822-01282,Chamarajanagar,Chamarajanagar Demo Zone 3,Dispute,4,11.93029,76.939066,2026-08-08T22:30:09,Synthetic demo record: dispute reported in Chamarajanagar.,Naveen Sharma
DEMO-20260822-01283,Kalaburagi,Kalaburagi Demo Zone 4,Theft,4,17.342999,76.857499,2026-05-31T06:49:09,Synthetic demo record: theft reported in Kalaburagi.,Irfan Shetty|Pradeep Shetty
DEMO-20260822-01284,Udupi,Udupi Demo Zone 2,Fraud,5,13.352088,74.714891,2026-06-24T15:08:09,Synthetic demo record: fraud reported in Udupi.,Farhan Reddy|Harish Reddy|Srinivas Reddy
DEMO-20260822-01285,Udupi,Udupi Demo Zone 1,Theft,4,13.346477,74.756097,2026-07-13T13:07:09,Synthetic demo record: theft reported in Udupi.,Arjun Reddy
DEMO-20260822-01286,Dakshina Kannada,Dakshina Kannada Demo Zone 2,Vandalism,2,12.89794,74.837906,2026-08-03T06:42:09,Synthetic demo record: vandalism reported in Dakshina Kannada.,Farhan Patil|Kavitha Patil
DEMO-20260822-01287,Bagalkote,Bagalkote Demo Zone 1,Robbery,8,16.165173,75.678292,2026-08-01T23:14:09,Synthetic demo record: robbery reported in Bagalkote.,Santosh Gowda
DEMO-20260822-01288,Kalaburagi,Kalaburagi Demo Zone 2,Assault,6,17.303514,76.857966,2026-06-19T00:21:09,Synthetic demo record: assault reported in Kalaburagi.,Saleem Shetty
DEMO-20260822-01289,Raichur,Raichur Demo Zone 4,Burglary,5,16.231118,77.341541,2026-06-01T14:07:09,Synthetic demo record: burglary reported in Raichur.,Mohan Patil
DEMO-20260822-01290,Ballari,Ballari Demo Zone 4,Dispute,3,15.098291,76.936236,2026-08-15T11:51:09,Synthetic demo record: dispute reported in Ballari.,Nikhil Gowda|Rekha Gowda
DEMO-20260822-01291,Bengaluru Urban,Bengaluru Urban Demo Zone 4,Vandalism,3,12.965757,77.586656,2026-07-30T22:14:09,Synthetic demo record: vandalism reported in Bengaluru Urban.,Farhan Shetty|Imran Shetty|Anil Nair
DEMO-20260822-01292,Hassan,Hassan Demo Zone 4,Robbery,8,12.988555,76.098992,2026-07-25T00:43:09,Synthetic demo record: robbery reported in Hassan.,Rekha Reddy|Priya Reddy
DEMO-20260822-01293,Raichur,Raichur Demo Zone 3,Chain Snatching,6,16.199973,77.319417,2026-08-21T07:56:09,Synthetic demo record: chain snatching reported in Raichur.,Ravi Kumar|Nikhil Patil
DEMO-20260822-01294,Kolar,Kolar Demo Zone 4,Burglary,6,13.172214,78.165446,2026-07-10T15:57:09,Synthetic demo record: burglary reported in Kolar.,Ganesh Sharma
DEMO-20260822-01295,Kodagu,Kodagu Demo Zone 1,Assault,6,12.436896,75.710013,2026-08-03T04:12:09,Synthetic demo record: assault reported in Kodagu.,Saleem Nair|Arjun Nair
DEMO-20260822-01296,Chitradurga,Chitradurga Demo Zone 3,Theft,5,14.202904,76.413074,2026-06-03T14:01:09,Synthetic demo record: theft reported in Chitradurga.,Deepak Patil|Rajesh Patil|Suresh Patil
DEMO-20260822-01297,Haveri,Haveri Demo Zone 3,Dispute,3,14.770859,75.418207,2026-07-06T20:11:09,Synthetic demo record: dispute reported in Haveri.,Pooja Reddy|Deepak Shetty
DEMO-20260822-01298,Haveri,Haveri Demo Zone 1,Chain Snatching,7,14.824237,75.384528,2026-07-03T16:57:09,Synthetic demo record: chain snatching reported in Haveri.,Deepak Shetty|Manoj Shetty
DEMO-20260822-01299,Raichur,Raichur Demo Zone 1,Assault,6,16.19651,77.316066,2026-06-18T12:02:09,Synthetic demo record: assault reported in Raichur.,Rekha Patil|Kavitha Patil|Kiran Patil
DEMO-20260822-01300,Kolar,Kolar Demo Zone 4,Theft,4,13.114729,78.106537,2026-07-08T10:33:09,Synthetic demo record: theft reported in Kolar.,Mohan Sharma|Santosh Sharma|Deepak Sharma
DEMO-20260822-01301,Belagavi,Belagavi Demo Zone 3,Fraud,6,15.820472,74.472912,2026-08-18T19:04:09,Synthetic demo record: fraud reported in Belagavi.,Farhan Reddy|Kavitha Reddy
DEMO-20260822-01302,Kodagu,Kodagu Demo Zone 4,Vandalism,2,12.449313,75.756266,2026-06-19T10:41:09,Synthetic demo record: vandalism reported in Kodagu.,Mohan Nair|Saleem Nair
DEMO-20260822-01303,Hassan,Hassan Demo Zone 1,Assault,6,12.983806,76.101196,2026-08-02T08:51:09,Synthetic demo record: assault reported in Hassan.,Santosh Reddy
DEMO-20260822-01304,Tumakuru,Tumakuru Demo Zone 4,Theft,3,13.367348,77.123719,2026-06-05T20:25:09,Synthetic demo record: theft reported in Tumakuru.,Imran Gowda
DEMO-20260822-01305,Davanagere,Davanagere Demo Zone 3,Chain Snatching,6,14.481335,75.891121,2026-07-26T14:40:09,Synthetic demo record: chain snatching reported in Davanagere.,Imran Kumar
DEMO-20260822-01306,Kalaburagi,Kalaburagi Demo Zone 3,Dispute,2,17.344672,76.854478,2026-05-31T19:12:09,Synthetic demo record: dispute reported in Kalaburagi.,Pradeep Shetty
DEMO-20260822-01307,Haveri,Haveri Demo Zone 4,Dispute,3,14.791279,75.374205,2026-08-02T08:35:09,Synthetic demo record: dispute reported in Haveri.,Deepak Shetty
DEMO-20260822-01308,Kolar,Kolar Demo Zone 1,Dispute,2,13.121487,78.110755,2026-06-19T02:29:09,Synthetic demo record: dispute reported in Kolar.,Santosh Sharma|Pooja Nair
DEMO-20260822-01309,Haveri,Haveri Demo Zone 3,Fraud,4,14.777909,75.417733,2026-05-25T20:16:09,Synthetic demo record: fraud reported in Haveri.,Deepak Shetty|Harish Shetty
DEMO-20260822-01310,Bidar,Bidar Demo Zone 3,Assault,7,17.929386,77.521185,2026-07-29T02:54:09,Synthetic demo record: assault reported in Bidar.,Priya Nair
DEMO-20260822-01311,Kolar,Kolar Demo Zone 1,Chain Snatching,6,13.133942,78.096541,2026-07-24T06:09:09,Synthetic demo record: chain snatching reported in Kolar.,Ganesh Sharma|Srinivas Sharma
DEMO-20260822-01312,Chikkamagaluru,Chikkamagaluru Demo Zone 3,Theft,5,13.313115,75.754035,2026-08-12T21:30:09,Synthetic demo record: theft reported in Chikkamagaluru.,Saleem Rao
DEMO-20260822-01313,Hassan,Hassan Demo Zone 3,Dispute,2,12.999407,76.117028,2026-06-11T22:01:09,Synthetic demo record: dispute reported in Hassan.,Kavitha Reddy
DEMO-20260822-01314,Udupi,Udupi Demo Zone 4,Theft,4,13.320947,74.719745,2026-08-03T10:12:09,Synthetic demo record: theft reported in Udupi.,Nikhil Reddy|Harish Reddy|Naveen Reddy
DEMO-20260822-01315,Hassan,Hassan Demo Zone 1,Assault,8,12.981935,76.104862,2026-05-28T06:37:09,Synthetic demo record: assault reported in Hassan.,Irfan Reddy|Santosh Reddy|Farhan Reddy
DEMO-20260822-01316,Chamarajanagar,Chamarajanagar Demo Zone 1,Dispute,4,11.940619,76.951826,2026-07-09T09:56:09,Synthetic demo record: dispute reported in Chamarajanagar.,Manoj Sharma|Ganesh Sharma
DEMO-20260822-01317,Dakshina Kannada,Dakshina Kannada Demo Zone 4,Dispute,2,12.894399,74.832965,2026-07-07T23:02:09,Synthetic demo record: dispute reported in Dakshina Kannada.,Rekha Patil
DEMO-20260822-01318,Kalaburagi,Kalaburagi Demo Zone 2,Robbery,8,17.308859,76.862433,2026-05-28T22:40:09,Synthetic demo record: robbery reported in Kalaburagi.,Imran Shetty
DEMO-20260822-01319,Chamarajanagar,Chamarajanagar Demo Zone 2,Burglary,6,11.930121,76.928426,2026-08-07T20:18:09,Synthetic demo record: burglary reported in Chamarajanagar.,Manoj Sharma|Deepak Sharma
DEMO-20260822-01320,Yadgir,Yadgir Demo Zone 1,Dispute,3,16.770029,77.130843,2026-07-02T17:22:09,Synthetic demo record: dispute reported in Yadgir.,Meena Nair
DEMO-20260822-01321,Bengaluru Urban,Bengaluru Urban Demo Zone 4,Theft,5,12.977427,77.579902,2026-07-30T19:41:09,Synthetic demo record: theft reported in Bengaluru Urban.,Suresh Nair|Pooja Shetty
DEMO-20260822-01322,Chamarajanagar,Chamarajanagar Demo Zone 2,Assault,8,11.930295,76.941919,2026-06-27T19:59:09,Synthetic demo record: assault reported in Chamarajanagar.,Srinivas Sharma|Mahesh Sharma
DEMO-20260822-01323,Hassan,Hassan Demo Zone 4,Fraud,5,12.985911,76.097747,2026-05-27T11:20:09,Synthetic demo record: fraud reported in Hassan.,Farhan Reddy
DEMO-20260822-01324,Gadag,Gadag Demo Zone 1,Theft,5,15.416332,75.616451,2026-06-28T10:06:09,Synthetic demo record: theft reported in Gadag.,Suresh Reddy
DEMO-20260822-01325,Kalaburagi,Kalaburagi Demo Zone 2,Robbery,7,17.318928,76.83274,2026-06-15T04:53:09,Synthetic demo record: robbery reported in Kalaburagi.,Nikhil Shetty
DEMO-20260822-01326,Mandya,Mandya Demo Zone 2,Theft,3,12.523705,76.899938,2026-06-17T13:40:09,Synthetic demo record: theft reported in Mandya.,Ramesh Rao|Saleem Rao|Vijay Rao
DEMO-20260822-01327,Ramanagara,Ramanagara Demo Zone 1,Chain Snatching,6,12.729553,77.253584,2026-08-18T00:33:09,Synthetic demo record: chain snatching reported in Ramanagara.,Mohan Kumar|Vijay Kumar
DEMO-20260822-01328,Bagalkote,Bagalkote Demo Zone 2,Assault,6,16.129323,75.655162,2026-07-01T16:02:09,Synthetic demo record: assault reported in Bagalkote.,Rajesh Gowda|Ramesh Gowda
DEMO-20260822-01329,Mandya,Mandya Demo Zone 1,Theft,3,12.530283,76.918765,2026-08-10T08:54:09,Synthetic demo record: theft reported in Mandya.,Rohit Rao|Saleem Rao
DEMO-20260822-01330,Chikkamagaluru,Chikkamagaluru Demo Zone 2,Vandalism,2,13.340379,75.771604,2026-07-18T00:56:09,Synthetic demo record: vandalism reported in Chikkamagaluru.,Srinivas Rao|Ashok Rao|Pradeep Rao
DEMO-20260822-01331,Vijayapura,Vijayapura Demo Zone 1,Dispute,2,16.810909,75.704431,2026-06-28T06:02:09,Synthetic demo record: dispute reported in Vijayapura.,Farhan Shetty
DEMO-20260822-01332,Belagavi,Belagavi Demo Zone 3,Assault,6,15.824877,74.471816,2026-06-24T04:45:09,Synthetic demo record: assault reported in Belagavi.,Nikhil Reddy|Pradeep Reddy
DEMO-20260822-01333,Ballari,Ballari Demo Zone 1,Robbery,7,15.148704,76.936828,2026-06-25T07:13:09,Synthetic demo record: robbery reported in Ballari.,Farhan Gowda|Suresh Reddy
DEMO-20260822-01334,Davanagere,Davanagere Demo Zone 4,Assault,6,14.445508,75.907588,2026-06-16T22:20:09,Synthetic demo record: assault reported in Davanagere.,Pradeep Kumar
DEMO-20260822-01335,Vijayapura,Vijayapura Demo Zone 1,Theft,5,16.833131,75.714267,2026-07-27T06:21:09,Synthetic demo record: theft reported in Vijayapura.,Pradeep Shetty
DEMO-20260822-01336,Chikkamagaluru,Chikkamagaluru Demo Zone 4,Dispute,3,13.286524,75.750131,2026-07-19T16:45:09,Synthetic demo record: dispute reported in Chikkamagaluru.,Ramesh Rao
DEMO-20260822-01337,Chitradurga,Chitradurga Demo Zone 2,Robbery,9,14.187481,76.356486,2026-08-04T05:55:09,Synthetic demo record: robbery reported in Chitradurga.,Suresh Patil
DEMO-20260822-01338,Koppal,Koppal Demo Zone 1,Dispute,2,15.370134,76.166474,2026-07-25T18:31:09,Synthetic demo record: dispute reported in Koppal.,Mahesh Rao|Suresh Rao
DEMO-20260822-01339,Raichur,Raichur Demo Zone 3,Theft,5,16.213519,77.351493,2026-08-01T03:13:09,Synthetic demo record: theft reported in Raichur.,Harish Patil|Saleem Patil
DEMO-20260822-01340,Koppal,Koppal Demo Zone 2,Fraud,5,15.364903,76.14097,2026-05-26T00:46:09,Synthetic demo record: fraud reported in Koppal.,Saleem Sharma|Mahesh Rao
DEMO-20260822-01341,Yadgir,Yadgir Demo Zone 2,Dispute,4,16.742789,77.119604,2026-06-26T17:07:09,Synthetic demo record: dispute reported in Yadgir.,Santosh Sharma
DEMO-20260822-01342,Ballari,Ballari Demo Zone 1,Dispute,2,15.114952,76.922726,2026-06-16T15:12:09,Synthetic demo record: dispute reported in Ballari.,Saleem Gowda|Mahesh Reddy|Meena Gowda
DEMO-20260822-01343,Udupi,Udupi Demo Zone 4,Robbery,7,13.314432,74.762926,2026-06-10T07:27:09,Synthetic demo record: robbery reported in Udupi.,Ashok Reddy
DEMO-20260822-01344,Gadag,Gadag Demo Zone 3,Assault,8,15.418501,75.615838,2026-06-04T18:49:09,Synthetic demo record: assault reported in Gadag.,Pooja Gowda|Ganesh Reddy|Imran Gowda
DEMO-20260822-01345,Chamarajanagar,Chamarajanagar Demo Zone 1,Assault,8,11.936363,76.92533,2026-08-21T01:48:09,Synthetic demo record: assault reported in Chamarajanagar.,Suresh Sharma|Deepak Sharma|Ramesh Sharma
DEMO-20260822-01346,Hassan,Hassan Demo Zone 1,Fraud,4,12.984664,76.098251,2026-06-30T22:45:09,Synthetic demo record: fraud reported in Hassan.,Kavitha Reddy|Nikhil Reddy|Priya Reddy
DEMO-20260822-01347,Mandya,Mandya Demo Zone 2,Theft,5,12.532152,76.898882,2026-08-06T22:47:09,Synthetic demo record: theft reported in Mandya.,Santosh Rao|Imran Rao
DEMO-20260822-01348,Yadgir,Yadgir Demo Zone 4,Burglary,5,16.768615,77.10184,2026-06-27T09:27:09,Synthetic demo record: burglary reported in Yadgir.,Manoj Sharma
DEMO-20260822-01349,Chamarajanagar,Chamarajanagar Demo Zone 2,Dispute,3,11.945369,76.953072,2026-06-08T22:40:09,Synthetic demo record: dispute reported in Chamarajanagar.,Santosh Sharma
DEMO-20260822-01350,Bengaluru Urban,Bengaluru Urban Demo Zone 4,Burglary,6,12.961018,77.589214,2026-07-18T23:25:09,Synthetic demo record: burglary reported in Bengaluru Urban.,Irfan Shetty|Rekha Shetty
DEMO-20260822-01351,Davanagere,Davanagere Demo Zone 4,Dispute,4,14.48491,75.90055,2026-05-31T15:09:09,Synthetic demo record: dispute reported in Davanagere.,Vijay Kumar
DEMO-20260822-01352,Bengaluru Rural,Bengaluru Rural Demo Zone 1,Chain Snatching,7,13.266927,77.597173,2026-07-01T22:37:09,Synthetic demo record: chain snatching reported in Bengaluru Rural.,Suresh Shetty|Rajesh Shetty|Meena Reddy
DEMO-20260822-01353,Kodagu,Kodagu Demo Zone 4,Chain Snatching,7,12.403639,75.747012,2026-06-11T14:50:09,Synthetic demo record: chain snatching reported in Kodagu.,Mohan Nair|Saleem Nair|Manoj Nair
DEMO-20260822-01354,Bidar,Bidar Demo Zone 1,Assault,7,17.927853,77.538004,2026-06-18T10:29:09,Synthetic demo record: assault reported in Bidar.,Priya Nair|Ashok Nair
DEMO-20260822-01355,Bengaluru Urban,Bengaluru Urban Demo Zone 3,Theft,3,12.955202,77.564525,2026-07-06T11:34:09,Synthetic demo record: theft reported in Bengaluru Urban.,Meena Shetty
DEMO-20260822-01356,Bengaluru Rural,Bengaluru Rural Demo Zone 2,Theft,3,13.264694,77.599083,2026-08-15T16:25:09,Synthetic demo record: theft reported in Bengaluru Rural.,Suresh Shetty
DEMO-20260822-01357,Uttara Kannada,Uttara Kannada Demo Zone 3,Theft,4,14.840925,74.153119,2026-05-31T03:31:09,Synthetic demo record: theft reported in Uttara Kannada.,Mahesh Shetty
DEMO-20260822-01358,Dakshina Kannada,Dakshina Kannada Demo Zone 1,Theft,4,12.915631,74.827562,2026-08-09T20:03:09,Synthetic demo record: theft reported in Dakshina Kannada.,Farhan Patil|Harish Patil
DEMO-20260822-01359,Hassan,Hassan Demo Zone 2,Burglary,5,13.003198,76.120143,2026-07-01T15:03:09,Synthetic demo record: burglary reported in Hassan.,Ashok Reddy|Rohit Reddy
DEMO-20260822-01360,Bidar,Bidar Demo Zone 4,Burglary,5,17.9307,77.520095,2026-06-24T05:24:09,Synthetic demo record: burglary reported in Bidar.,Harish Nair
DEMO-20260822-01361,Chikkaballapur,Chikkaballapur Demo Zone 3,Theft,5,13.417847,77.720034,2026-05-31T08:09:09,Synthetic demo record: theft reported in Chikkaballapur.,Suresh Rao|Ganesh Rao
DEMO-20260822-01362,Haveri,Haveri Demo Zone 4,Assault,8,14.776023,75.423054,2026-08-12T22:37:09,Synthetic demo record: assault reported in Haveri.,Pooja Reddy|Anil Shetty
DEMO-20260822-01363,Chitradurga,Chitradurga Demo Zone 3,Theft,5,14.208844,76.420326,2026-07-06T07:26:09,Synthetic demo record: theft reported in Chitradurga.,Prakash Patil
DEMO-20260822-01364,Yadgir,Yadgir Demo Zone 3,Dispute,2,16.778404,77.14562,2026-08-17T08:37:09,Synthetic demo record: dispute reported in Yadgir.,Ravi Sharma|Ramesh Sharma
DEMO-20260822-01365,Mandya,Mandya Demo Zone 1,Theft,5,12.530502,76.897712,2026-06-08T20:37:09,Synthetic demo record: theft reported in Mandya.,Imran Rao|Kiran Rao
DEMO-20260822-01366,Chikkaballapur,Chikkaballapur Demo Zone 4,Theft,4,13.453192,77.716785,2026-06-04T12:54:09,Synthetic demo record: theft reported in Chikkaballapur.,Arjun Sharma|Ashok Sharma
DEMO-20260822-01367,Ballari,Ballari Demo Zone 4,Theft,3,15.144688,76.899431,2026-06-28T12:26:09,Synthetic demo record: theft reported in Ballari.,Pooja Gowda|Priya Gowda
DEMO-20260822-01368,Tumakuru,Tumakuru Demo Zone 4,Dispute,2,13.305455,77.103262,2026-08-09T11:55:09,Synthetic demo record: dispute reported in Tumakuru.,Manoj Reddy|Kavitha Gowda
DEMO-20260822-01369,Chikkaballapur,Chikkaballapur Demo Zone 4,Theft,5,13.453676,77.736044,2026-08-06T04:38:09,Synthetic demo record: theft reported in Chikkaballapur.,Mahesh Rao|Kiran Sharma
DEMO-20260822-01370,Hassan,Hassan Demo Zone 3,Vandalism,2,12.986948,76.101287,2026-07-06T16:47:09,Synthetic demo record: vandalism reported in Hassan.,Harish Reddy|Kavitha Reddy
DEMO-20260822-01371,Kodagu,Kodagu Demo Zone 3,Dispute,3,12.426451,75.750545,2026-06-21T02:32:09,Synthetic demo record: dispute reported in Kodagu.,Imran Nair|Nikhil Nair
DEMO-20260822-01372,Kolar,Kolar Demo Zone 4,Dispute,2,13.132118,78.101746,2026-06-16T11:31:09,Synthetic demo record: dispute reported in Kolar.,Santosh Sharma
DEMO-20260822-01373,Uttara Kannada,Uttara Kannada Demo Zone 4,Fraud,6,14.782372,74.108504,2026-06-22T08:53:09,Synthetic demo record: fraud reported in Uttara Kannada.,Manoj Shetty|Mohan Shetty|Prakash Shetty
DEMO-20260822-01374,Mysuru,Mysuru Demo Zone 4,Theft,3,12.291099,76.59956,2026-08-07T00:00:09,Synthetic demo record: theft reported in Mysuru.,Manoj Patil|Vijay Patil
DEMO-20260822-01375,Bidar,Bidar Demo Zone 2,Theft,5,17.870646,77.520307,2026-08-08T11:10:09,Synthetic demo record: theft reported in Bidar.,Kiran Nair
DEMO-20260822-01376,Vijayanagara,Vijayanagara Demo Zone 1,Dispute,3,15.363912,76.457776,2026-07-09T11:29:09,Synthetic demo record: dispute reported in Vijayanagara.,Pradeep Nair
DEMO-20260822-01377,Chikkamagaluru,Chikkamagaluru Demo Zone 4,Theft,3,13.342261,75.756878,2026-06-11T17:05:09,Synthetic demo record: theft reported in Chikkamagaluru.,Manoj Rao|Prakash Rao
DEMO-20260822-01378,Vijayapura,Vijayapura Demo Zone 3,Assault,8,16.800953,75.680197,2026-06-24T23:21:09,Synthetic demo record: assault reported in Vijayapura.,Pooja Shetty|Rekha Shetty
DEMO-20260822-01379,Vijayapura,Vijayapura Demo Zone 3,Dispute,4,16.794043,75.676825,2026-08-19T07:05:09,Synthetic demo record: dispute reported in Vijayapura.,Vijay Nair|Suresh Nair
DEMO-20260822-01380,Bengaluru Urban,Bengaluru Urban Demo Zone 2,Vandalism,2,12.967312,77.583254,2026-08-17T01:50:09,Synthetic demo record: vandalism reported in Bengaluru Urban.,Anil Nair
DEMO-20260822-01381,Gadag,Gadag Demo Zone 1,Assault,6,15.421288,75.621142,2026-06-06T20:41:09,Synthetic demo record: assault reported in Gadag.,Rohit Gowda|Ravi Reddy|Mahesh Reddy
DEMO-20260822-01382,Bagalkote,Bagalkote Demo Zone 4,Theft,5,16.184376,75.660418,2026-06-02T16:50:09,Synthetic demo record: theft reported in Bagalkote.,Ravi Gowda|Suresh Gowda
DEMO-20260822-01383,Ramanagara,Ramanagara Demo Zone 1,Robbery,7,12.747182,77.286288,2026-06-20T00:52:09,Synthetic demo record: robbery reported in Ramanagara.,Srinivas Kumar|Arjun Kumar
DEMO-20260822-01384,Belagavi,Belagavi Demo Zone 3,Assault,7,15.82096,74.472911,2026-08-17T00:56:09,Synthetic demo record: assault reported in Belagavi.,Arjun Reddy|Mohan Reddy
DEMO-20260822-01385,Kolar,Kolar Demo Zone 3,Burglary,7,13.11727,78.103103,2026-08-06T17:34:09,Synthetic demo record: burglary reported in Kolar.,Manoj Sharma|Kavitha Nair
DEMO-20260822-01386,Chikkaballapur,Chikkaballapur Demo Zone 4,Dispute,2,13.409463,77.69316,2026-06-19T03:49:09,Synthetic demo record: dispute reported in Chikkaballapur.,Kavitha Sharma|Suresh Rao
DEMO-20260822-01387,Bengaluru Rural,Bengaluru Rural Demo Zone 1,Robbery,9,13.285184,77.614778,2026-05-25T10:31:09,Synthetic demo record: robbery reported in Bengaluru Rural.,Naveen Shetty|Kiran Shetty
DEMO-20260822-01388,Belagavi,Belagavi Demo Zone 4,Dispute,3,15.875028,74.520613,2026-08-11T18:57:09,Synthetic demo record: dispute reported in Belagavi.,Priya Reddy
DEMO-20260822-01389,Shivamogga,Shivamogga Demo Zone 2,Assault,6,13.901971,75.578767,2026-06-09T23:11:09,Synthetic demo record: assault reported in Shivamogga.,Prakash Gowda|Rajesh Gowda
DEMO-20260822-01390,Chikkaballapur,Chikkaballapur Demo Zone 3,Burglary,7,13.449909,77.705436,2026-08-12T02:57:09,Synthetic demo record: burglary reported in Chikkaballapur.,Pradeep Sharma|Pooja Sharma
DEMO-20260822-01391,Kalaburagi,Kalaburagi Demo Zone 4,Theft,5,17.343543,76.851292,2026-06-09T07:07:09,Synthetic demo record: theft reported in Kalaburagi.,Imran Shetty
DEMO-20260822-01392,Dakshina Kannada,Dakshina Kannada Demo Zone 4,Robbery,8,12.886799,74.832909,2026-07-19T10:29:09,Synthetic demo record: robbery reported in Dakshina Kannada.,Nikhil Patil|Imran Patil
DEMO-20260822-01393,Bengaluru Urban,Bengaluru Urban Demo Zone 4,Dispute,2,12.978634,77.61087,2026-08-08T08:28:09,Synthetic demo record: dispute reported in Bengaluru Urban.,Vijay Nair
DEMO-20260822-01394,Dharwad,Dharwad Demo Zone 3,Burglary,5,15.459272,75.014876,2026-08-07T12:01:09,Synthetic demo record: burglary reported in Dharwad.,Ganesh Gowda|Prakash Gowda|Naveen Gowda
DEMO-20260822-01395,Udupi,Udupi Demo Zone 4,Chain Snatching,8,13.339141,74.777446,2026-06-17T17:41:09,Synthetic demo record: chain snatching reported in Udupi.,Irfan Reddy
DEMO-20260822-01396,Uttara Kannada,Uttara Kannada Demo Zone 1,Robbery,9,14.789965,74.164553,2026-06-05T04:50:09,Synthetic demo record: robbery reported in Uttara Kannada.,Harish Shetty|Deepak Shetty
DEMO-20260822-01397,Udupi,Udupi Demo Zone 1,Theft,3,13.346366,74.751449,2026-05-25T06:46:09,Synthetic demo record: theft reported in Udupi.,Kavitha Reddy
DEMO-20260822-01398,Chikkaballapur,Chikkaballapur Demo Zone 2,Dispute,2,13.452604,77.737987,2026-06-08T11:07:09,Synthetic demo record: dispute reported in Chikkaballapur.,Ashok Sharma
DEMO-20260822-01399,Chikkamagaluru,Chikkamagaluru Demo Zone 1,Theft,3,13.339043,75.760133,2026-06-25T09:36:09,Synthetic demo record: theft reported in Chikkamagaluru.,Pradeep Rao|Arjun Rao
DEMO-20260822-01400,Chikkaballapur,Chikkaballapur Demo Zone 1,Assault,6,13.416315,77.716056,2026-07-12T04:16:09,Synthetic demo record: assault reported in Chikkaballapur.,Farhan Sharma|Rekha Sharma|Pooja Sharma
DEMO-20260822-01401,Chitradurga,Chitradurga Demo Zone 3,Robbery,9,14.234434,76.403328,2026-07-02T05:41:09,Synthetic demo record: robbery reported in Chitradurga.,Rekha Rao|Irfan Rao
DEMO-20260822-01402,Vijayapura,Vijayapura Demo Zone 3,Theft,5,16.810757,75.708433,2026-06-20T18:46:09,Synthetic demo record: theft reported in Vijayapura.,Priya Shetty
DEMO-20260822-01403,Bidar,Bidar Demo Zone 4,Fraud,4,17.930869,77.529685,2026-06-15T00:42:09,Synthetic demo record: fraud reported in Bidar.,Srinivas Nair
DEMO-20260822-01404,Bidar,Bidar Demo Zone 1,Burglary,5,17.922691,77.524544,2026-07-11T20:34:09,Synthetic demo record: burglary reported in Bidar.,Pradeep Nair|Santosh Nair
DEMO-20260822-01405,Mandya,Mandya Demo Zone 3,Dispute,3,12.535142,76.93144,2026-08-10T16:19:09,Synthetic demo record: dispute reported in Mandya.,Santosh Rao|Mohan Rao
DEMO-20260822-01406,Belagavi,Belagavi Demo Zone 2,Theft,5,15.86233,74.500353,2026-08-10T15:50:09,Synthetic demo record: theft reported in Belagavi.,Prakash Reddy|Nikhil Reddy
DEMO-20260822-01407,Mysuru,Mysuru Demo Zone 3,Theft,5,12.273144,76.644458,2026-08-14T08:32:09,Synthetic demo record: theft reported in Mysuru.,Srinivas Patil|Deepak Patil|Ganesh Patil
DEMO-20260822-01408,Ballari,Ballari Demo Zone 2,Burglary,6,15.108096,76.877352,2026-07-03T04:53:09,Synthetic demo record: burglary reported in Ballari.,Farhan Gowda|Vijay Reddy
DEMO-20260822-01409,Davanagere,Davanagere Demo Zone 1,Assault,8,14.491844,75.898923,2026-06-06T01:08:09,Synthetic demo record: assault reported in Davanagere.,Anil Kumar|Harish Kumar
DEMO-20260822-01410,Kodagu,Kodagu Demo Zone 2,Theft,5,12.401927,75.747096,2026-08-17T10:42:09,Synthetic demo record: theft reported in Kodagu.,Harish Nair
DEMO-20260822-01411,Mysuru,Mysuru Demo Zone 1,Dispute,4,12.272575,76.645959,2026-07-17T21:25:09,Synthetic demo record: dispute reported in Mysuru.,Santosh Patil|Anil Patil
DEMO-20260822-01412,Davanagere,Davanagere Demo Zone 4,Vandalism,2,14.482856,75.892376,2026-07-11T22:01:09,Synthetic demo record: vandalism reported in Davanagere.,Nikhil Kumar|Ganesh Kumar
DEMO-20260822-01413,Tumakuru,Tumakuru Demo Zone 2,Theft,4,13.332206,77.093026,2026-06-18T20:52:09,Synthetic demo record: theft reported in Tumakuru.,Imran Gowda
DEMO-20260822-01414,Ramanagara,Ramanagara Demo Zone 4,Dispute,2,12.70965,77.240796,2026-07-30T09:39:09,Synthetic demo record: dispute reported in Ramanagara.,Deepak Kumar
DEMO-20260822-01415,Mandya,Mandya Demo Zone 2,Theft,4,12.5317,76.895124,2026-06-22T00:30:09,Synthetic demo record: theft reported in Mandya.,Kiran Rao
DEMO-20260822-01416,Bidar,Bidar Demo Zone 2,Assault,7,17.927368,77.543213,2026-06-05T14:13:09,Synthetic demo record: assault reported in Bidar.,Santosh Nair|Naveen Nair|Irfan Nair
DEMO-20260822-01417,Udupi,Udupi Demo Zone 1,Theft,5,13.35031,74.750784,2026-06-16T13:46:09,Synthetic demo record: theft reported in Udupi.,Nikhil Reddy|Kiran Reddy
DEMO-20260822-01418,Bengaluru Rural,Bengaluru Rural Demo Zone 2,Assault,8,13.29347,77.568651,2026-05-25T22:03:09,Synthetic demo record: assault reported in Bengaluru Rural.,Prakash Shetty
DEMO-20260822-01419,Mandya,Mandya Demo Zone 2,Burglary,6,12.543417,76.914534,2026-07-07T00:51:09,Synthetic demo record: burglary reported in Mandya.,Nikhil Rao|Naveen Rao|Rohit Rao
DEMO-20260822-01420,Vijayapura,Vijayapura Demo Zone 4,Fraud,6,16.792966,75.734011,2026-06-10T12:02:09,Synthetic demo record: fraud reported in Vijayapura.,Meena Shetty|Ravi Nair
DEMO-20260822-01421,Ballari,Ballari Demo Zone 4,Dispute,4,15.151843,76.91159,2026-07-15T04:34:09,Synthetic demo record: dispute reported in Ballari.,Deepak Reddy|Manoj Reddy
DEMO-20260822-01422,Kodagu,Kodagu Demo Zone 2,Burglary,7,12.405269,75.747886,2026-07-05T16:56:09,Synthetic demo record: burglary reported in Kodagu.,Imran Nair
DEMO-20260822-01423,Dharwad,Dharwad Demo Zone 3,Assault,7,15.426776,75.024922,2026-08-09T22:47:09,Synthetic demo record: assault reported in Dharwad.,Pradeep Gowda|Mahesh Gowda
DEMO-20260822-01424,Mandya,Mandya Demo Zone 4,Assault,8,12.535409,76.925623,2026-06-08T17:47:09,Synthetic demo record: assault reported in Mandya.,Pradeep Rao|Deepak Rao
DEMO-20260822-01425,Gadag,Gadag Demo Zone 2,Burglary,6,15.421826,75.614402,2026-06-22T02:16:09,Synthetic demo record: burglary reported in Gadag.,Nikhil Gowda|Mahesh Reddy
DEMO-20260822-01426,Uttara Kannada,Uttara Kannada Demo Zone 4,Dispute,4,14.819807,74.114383,2026-07-02T12:58:09,Synthetic demo record: dispute reported in Uttara Kannada.,Naveen Shetty
DEMO-20260822-01427,Dharwad,Dharwad Demo Zone 1,Theft,4,15.453016,75.011962,2026-06-03T14:14:09,Synthetic demo record: theft reported in Dharwad.,Manoj Gowda|Prakash Gowda|Rajesh Gowda
DEMO-20260822-01428,Yadgir,Yadgir Demo Zone 1,Theft,5,16.774409,77.147648,2026-06-27T20:59:09,Synthetic demo record: theft reported in Yadgir.,Santosh Sharma
DEMO-20260822-01429,Kolar,Kolar Demo Zone 1,Theft,3,13.129596,78.10121,2026-06-02T15:28:09,Synthetic demo record: theft reported in Kolar.,Rajesh Sharma|Vijay Sharma|Mohan Sharma
DEMO-20260822-01430,Chikkamagaluru,Chikkamagaluru Demo Zone 2,Theft,5,13.301038,75.766808,2026-06-01T18:30:09,Synthetic demo record: theft reported in Chikkamagaluru.,Vijay Rao|Imran Rao|Pradeep Rao
DEMO-20260822-01431,Yadgir,Yadgir Demo Zone 4,Robbery,9,16.744051,77.120344,2026-08-12T21:20:09,Synthetic demo record: robbery reported in Yadgir.,Naveen Sharma|Kavitha Nair
DEMO-20260822-01432,Mysuru,Mysuru Demo Zone 1,Vandalism,3,12.288722,76.651258,2026-06-19T13:44:09,Synthetic demo record: vandalism reported in Mysuru.,Srinivas Patil|Deepak Patil
DEMO-20260822-01433,Mandya,Mandya Demo Zone 3,Burglary,6,12.518624,76.855556,2026-08-20T00:07:09,Synthetic demo record: burglary reported in Mandya.,Farhan Rao|Srinivas Rao
DEMO-20260822-01434,Chamarajanagar,Chamarajanagar Demo Zone 3,Dispute,2,11.933244,76.941929,2026-07-01T06:11:09,Synthetic demo record: dispute reported in Chamarajanagar.,Deepak Sharma
DEMO-20260822-01435,Uttara Kannada,Uttara Kannada Demo Zone 4,Fraud,4,14.846251,74.152689,2026-06-12T15:24:09,Synthetic demo record: fraud reported in Uttara Kannada.,Ashok Shetty
DEMO-20260822-01436,Ramanagara,Ramanagara Demo Zone 2,Burglary,5,12.721545,77.313591,2026-07-05T17:18:09,Synthetic demo record: burglary reported in Ramanagara.,Santosh Kumar
DEMO-20260822-01437,Chamarajanagar,Chamarajanagar Demo Zone 4,Burglary,6,11.930924,76.937367,2026-08-15T02:39:09,Synthetic demo record: burglary reported in Chamarajanagar.,Rajesh Sharma|Kavitha Nair|Mohan Sharma
DEMO-20260822-01438,Davanagere,Davanagere Demo Zone 3,Theft,4,14.481843,75.889528,2026-08-17T15:02:09,Synthetic demo record: theft reported in Davanagere.,Vijay Kumar|Imran Kumar
DEMO-20260822-01439,Gadag,Gadag Demo Zone 3,Fraud,5,15.420728,75.615815,2026-08-01T09:33:09,Synthetic demo record: fraud reported in Gadag.,Meena Gowda|Rekha Gowda|Kavitha Gowda
DEMO-20260822-01440,Vijayapura,Vijayapura Demo Zone 1,Burglary,6,16.807376,75.677415,2026-08-05T10:09:09,Synthetic demo record: burglary reported in Vijayapura.,Ravi Nair
DEMO-20260822-01441,Hassan,Hassan Demo Zone 2,Theft,5,12.96575,76.077053,2026-07-18T22:18:09,Synthetic demo record: theft reported in Hassan.,Naveen Reddy
DEMO-20260822-01442,Bidar,Bidar Demo Zone 3,Robbery,9,17.927605,77.522327,2026-07-09T07:54:09,Synthetic demo record: robbery reported in Bidar.,Naveen Nair
DEMO-20260822-01443,Kolar,Kolar Demo Zone 2,Chain Snatching,7,13.122136,78.106115,2026-07-27T08:55:09,Synthetic demo record: chain snatching reported in Kolar.,Rekha Nair
DEMO-20260822-01444,Kalaburagi,Kalaburagi Demo Zone 4,Assault,7,17.315248,76.813459,2026-07-16T16:44:09,Synthetic demo record: assault reported in Kalaburagi.,Meena Shetty|Imran Shetty
DEMO-20260822-01445,Hassan,Hassan Demo Zone 1,Robbery,9,12.993459,76.109271,2026-07-13T01:45:09,Synthetic demo record: robbery reported in Hassan.,Rekha Reddy|Kiran Reddy
DEMO-20260822-01446,Vijayapura,Vijayapura Demo Zone 4,Assault,8,16.841199,75.687618,2026-07-04T15:44:09,Synthetic demo record: assault reported in Vijayapura.,Anil Nair
DEMO-20260822-01447,Davanagere,Davanagere Demo Zone 1,Dispute,2,14.483483,75.893769,2026-06-28T07:55:09,Synthetic demo record: dispute reported in Davanagere.,Nikhil Kumar|Ramesh Kumar
DEMO-20260822-01448,Gadag,Gadag Demo Zone 2,Theft,5,15.425064,75.614621,2026-05-29T08:59:09,Synthetic demo record: theft reported in Gadag.,Mahesh Reddy
DEMO-20260822-01449,Gadag,Gadag Demo Zone 2,Burglary,7,15.460295,75.596451,2026-06-19T06:30:09,Synthetic demo record: burglary reported in Gadag.,Vijay Reddy|Kavitha Gowda
DEMO-20260822-01450,Ballari,Ballari Demo Zone 3,Theft,3,15.136108,76.909828,2026-07-04T10:17:09,Synthetic demo record: theft reported in Ballari.,Suresh Reddy
DEMO-20260822-01451,Shivamogga,Shivamogga Demo Zone 1,Robbery,9,13.89973,75.581076,2026-07-28T21:32:09,Synthetic demo record: robbery reported in Shivamogga.,Manoj Gowda
DEMO-20260822-01452,Mandya,Mandya Demo Zone 4,Assault,6,12.521144,76.936458,2026-07-04T23:31:09,Synthetic demo record: assault reported in Mandya.,Mohan Rao|Vijay Rao|Deepak Rao
DEMO-20260822-01453,Raichur,Raichur Demo Zone 3,Vandalism,1,16.23372,77.334873,2026-08-14T17:15:09,Synthetic demo record: vandalism reported in Raichur.,Nikhil Patil|Kavitha Patil
DEMO-20260822-01454,Mysuru,Mysuru Demo Zone 3,Fraud,6,12.265873,76.630832,2026-06-17T16:23:09,Synthetic demo record: fraud reported in Mysuru.,Deepak Patil|Priya Rao
DEMO-20260822-01455,Dharwad,Dharwad Demo Zone 1,Burglary,6,15.431894,75.022139,2026-06-05T20:07:09,Synthetic demo record: burglary reported in Dharwad.,Ashok Gowda
DEMO-20260822-01456,Chitradurga,Chitradurga Demo Zone 2,Theft,4,14.20419,76.4169,2026-06-17T02:56:09,Synthetic demo record: theft reported in Chitradurga.,Rekha Rao
DEMO-20260822-01457,Kolar,Kolar Demo Zone 4,Theft,4,13.113433,78.103317,2026-05-28T06:19:09,Synthetic demo record: theft reported in Kolar.,Harish Sharma|Rajesh Sharma|Srinivas Sharma
DEMO-20260822-01458,Bagalkote,Bagalkote Demo Zone 2,Theft,5,16.204893,75.665732,2026-06-14T08:58:09,Synthetic demo record: theft reported in Bagalkote.,Harish Gowda|Mohan Gowda
DEMO-20260822-01459,Davanagere,Davanagere Demo Zone 1,Theft,4,14.485083,75.89112,2026-06-14T02:43:09,Synthetic demo record: theft reported in Davanagere.,Kiran Kumar|Srinivas Kumar
DEMO-20260822-01460,Kodagu,Kodagu Demo Zone 4,Assault,8,12.451159,75.757298,2026-07-27T14:04:09,Synthetic demo record: assault reported in Kodagu.,Ashok Nair
DEMO-20260822-01461,Bengaluru Urban,Bengaluru Urban Demo Zone 2,Dispute,2,12.962137,77.589187,2026-07-30T13:52:09,Synthetic demo record: dispute reported in Bengaluru Urban.,Kavitha Shetty
DEMO-20260822-01462,Udupi,Udupi Demo Zone 1,Chain Snatching,8,13.347615,74.75399,2026-06-23T13:41:09,Synthetic demo record: chain snatching reported in Udupi.,Farhan Reddy|Srinivas Reddy
DEMO-20260822-01463,Kalaburagi,Kalaburagi Demo Zone 3,Dispute,3,17.304217,76.856867,2026-06-30T07:44:09,Synthetic demo record: dispute reported in Kalaburagi.,Arjun Shetty|Kavitha Shetty
DEMO-20260822-01464,Hassan,Hassan Demo Zone 3,Theft,3,12.987191,76.100648,2026-08-06T08:41:09,Synthetic demo record: theft reported in Hassan.,Kiran Reddy
DEMO-20260822-01465,Chikkamagaluru,Chikkamagaluru Demo Zone 1,Fraud,6,13.303608,75.778116,2026-08-15T16:48:09,Synthetic demo record: fraud reported in Chikkamagaluru.,Kiran Rao
DEMO-20260822-01466,Raichur,Raichur Demo Zone 3,Dispute,2,16.215967,77.336625,2026-08-07T09:37:09,Synthetic demo record: dispute reported in Raichur.,Saleem Patil
DEMO-20260822-01467,Mysuru,Mysuru Demo Zone 3,Assault,8,12.26979,76.640479,2026-06-30T03:42:09,Synthetic demo record: assault reported in Mysuru.,Ramesh Patil|Priya Rao
DEMO-20260822-01468,Haveri,Haveri Demo Zone 2,Theft,3,14.820635,75.387603,2026-07-05T09:56:09,Synthetic demo record: theft reported in Haveri.,Mahesh Shetty|Ramesh Shetty|Anil Shetty
DEMO-20260822-01469,Chamarajanagar,Chamarajanagar Demo Zone 4,Theft,4,11.939802,76.927017,2026-07-04T07:15:09,Synthetic demo record: theft reported in Chamarajanagar.,Ganesh Sharma|Mohan Sharma|Srinivas Sharma
DEMO-20260822-01470,Tumakuru,Tumakuru Demo Zone 3,Theft,5,13.309065,77.10486,2026-06-19T01:11:09,Synthetic demo record: theft reported in Tumakuru.,Farhan Gowda|Pooja Gowda
DEMO-20260822-01471,Vijayapura,Vijayapura Demo Zone 3,Assault,6,16.8042,75.682233,2026-07-27T11:07:09,Synthetic demo record: assault reported in Vijayapura.,Pooja Shetty
DEMO-20260822-01472,Shivamogga,Shivamogga Demo Zone 1,Assault,7,13.946673,75.566389,2026-05-29T15:43:09,Synthetic demo record: assault reported in Shivamogga.,Anil Gowda
DEMO-20260822-01473,Dharwad,Dharwad Demo Zone 2,Robbery,8,15.481974,74.986611,2026-06-06T18:01:09,Synthetic demo record: robbery reported in Dharwad.,Arjun Gowda|Anil Gowda|Kiran Gowda
DEMO-20260822-01474,Mysuru,Mysuru Demo Zone 3,Assault,7,12.286316,76.648471,2026-08-17T16:18:09,Synthetic demo record: assault reported in Mysuru.,Rajesh Patil
DEMO-20260822-01475,Kodagu,Kodagu Demo Zone 3,Dispute,3,12.421916,75.715243,2026-07-19T22:12:09,Synthetic demo record: dispute reported in Kodagu.,Kiran Nair|Irfan Nair
DEMO-20260822-01476,Hassan,Hassan Demo Zone 4,Burglary,7,12.997996,76.10372,2026-06-03T11:02:09,Synthetic demo record: burglary reported in Hassan.,Naveen Reddy|Ramesh Reddy
DEMO-20260822-01477,Chitradurga,Chitradurga Demo Zone 1,Theft,4,14.206451,76.420222,2026-07-29T09:11:09,Synthetic demo record: theft reported in Chitradurga.,Anil Patil|Santosh Patil
DEMO-20260822-01478,Yadgir,Yadgir Demo Zone 2,Dispute,4,16.741542,77.123943,2026-05-28T16:34:09,Synthetic demo record: dispute reported in Yadgir.,Rajesh Sharma|Prakash Sharma|Pooja Nair
DEMO-20260822-01479,Udupi,Udupi Demo Zone 4,Burglary,6,13.322764,74.749494,2026-06-25T02:40:09,Synthetic demo record: burglary reported in Udupi.,Saleem Reddy|Arjun Reddy
DEMO-20260822-01480,Koppal,Koppal Demo Zone 2,Dispute,4,15.347424,76.161193,2026-08-15T06:18:09,Synthetic demo record: dispute reported in Koppal.,Saleem Sharma|Farhan Sharma
DEMO-20260822-01481,Gadag,Gadag Demo Zone 2,Theft,4,15.438636,75.641203,2026-07-19T14:31:09,Synthetic demo record: theft reported in Gadag.,Mahesh Reddy|Ravi Reddy|Anil Reddy
DEMO-20260822-01482,Bengaluru Rural,Bengaluru Rural Demo Zone 1,Dispute,4,13.287671,77.578091,2026-07-07T13:40:09,Synthetic demo record: dispute reported in Bengaluru Rural.,Meena Reddy
DEMO-20260822-01483,Chitradurga,Chitradurga Demo Zone 4,Assault,7,14.237635,76.405434,2026-06-10T21:47:09,Synthetic demo record: assault reported in Chitradurga.,Kavitha Rao|Ravi Patil
DEMO-20260822-01484,Kalaburagi,Kalaburagi Demo Zone 4,Assault,6,17.333037,76.810017,2026-05-28T01:22:09,Synthetic demo record: assault reported in Kalaburagi.,Rohit Shetty|Saleem Shetty
DEMO-20260822-01485,Gadag,Gadag Demo Zone 3,Fraud,4,15.421059,75.612603,2026-06-29T12:49:09,Synthetic demo record: fraud reported in Gadag.,Ganesh Reddy
DEMO-20260822-01486,Haveri,Haveri Demo Zone 1,Burglary,5,14.817385,75.442964,2026-08-04T00:36:09,Synthetic demo record: burglary reported in Haveri.,Vijay Shetty
DEMO-20260822-01487,Hassan,Hassan Demo Zone 2,Fraud,4,13.019925,76.143353,2026-06-01T01:14:09,Synthetic demo record: fraud reported in Hassan.,Kiran Reddy|Nikhil Reddy|Rohit Reddy
DEMO-20260822-01488,Dharwad,Dharwad Demo Zone 3,Assault,6,15.427142,75.024631,2026-08-13T14:04:09,Synthetic demo record: assault reported in Dharwad.,Arjun Gowda|Suresh Gowda
DEMO-20260822-01489,Vijayanagara,Vijayanagara Demo Zone 1,Fraud,6,15.312228,76.44193,2026-06-20T03:28:09,Synthetic demo record: fraud reported in Vijayanagara.,Deepak Nair
DEMO-20260822-01490,Mandya,Mandya Demo Zone 4,Fraud,5,12.539549,76.910896,2026-08-12T18:41:09,Synthetic demo record: fraud reported in Mandya.,Manoj Rao|Ramesh Rao|Srinivas Rao
DEMO-20260822-01491,Mysuru,Mysuru Demo Zone 3,Burglary,6,12.282644,76.612646,2026-07-01T07:34:09,Synthetic demo record: burglary reported in Mysuru.,Deepak Patil|Srinivas Patil
DEMO-20260822-01492,Dharwad,Dharwad Demo Zone 1,Theft,5,15.475251,75.002915,2026-07-25T12:58:09,Synthetic demo record: theft reported in Dharwad.,Vijay Gowda
DEMO-20260822-01493,Bengaluru Rural,Bengaluru Rural Demo Zone 2,Fraud,6,13.265674,77.595449,2026-07-24T04:30:09,Synthetic demo record: fraud reported in Bengaluru Rural.,Meena Reddy
DEMO-20260822-01494,Gadag,Gadag Demo Zone 2,Burglary,6,15.418838,75.613104,2026-07-17T07:55:09,Synthetic demo record: burglary reported in Gadag.,Pooja Gowda|Mahesh Reddy|Imran Gowda
DEMO-20260822-01495,Vijayapura,Vijayapura Demo Zone 4,Fraud,5,16.809272,75.710785,2026-08-03T09:43:09,Synthetic demo record: fraud reported in Vijayapura.,Ganesh Nair|Rohit Shetty
DEMO-20260822-01496,Haveri,Haveri Demo Zone 4,Assault,6,14.791003,75.376765,2026-06-12T07:29:09,Synthetic demo record: assault reported in Haveri.,Harish Shetty|Srinivas Shetty
DEMO-20260822-01497,Belagavi,Belagavi Demo Zone 3,Chain Snatching,7,15.859592,74.461244,2026-07-11T19:35:09,Synthetic demo record: chain snatching reported in Belagavi.,Prakash Reddy|Irfan Reddy|Srinivas Reddy
DEMO-20260822-01498,Kolar,Kolar Demo Zone 1,Dispute,2,13.139528,78.163975,2026-06-12T08:28:09,Synthetic demo record: dispute reported in Kolar.,Meena Nair|Manoj Sharma|Naveen Sharma
DEMO-20260822-01499,Mandya,Mandya Demo Zone 2,Theft,4,12.530363,76.924614,2026-07-20T00:40:09,Synthetic demo record: theft reported in Mandya.,Ramesh Rao
DEMO-20260822-01500,Ballari,Ballari Demo Zone 4,Fraud,5,15.144471,76.903627,2026-06-18T09:12:09,Synthetic demo record: fraud reported in Ballari.,Mahesh Reddy|Pooja Gowda
DEMO-20260822-01501,Hassan,Hassan Demo Zone 3,Burglary,6,13.002395,76.121747,2026-06-14T17:40:09,Synthetic demo record: burglary reported in Hassan.,Saleem Reddy|Srinivas Reddy|Farhan Reddy
DEMO-20260822-01502,Uttara Kannada,Uttara Kannada Demo Zone 4,Robbery,8,14.822,74.11988,2026-05-29T21:37:09,Synthetic demo record: robbery reported in Uttara Kannada.,Naveen Shetty
DEMO-20260822-01503,Dharwad,Dharwad Demo Zone 1,Vandalism,1,15.449615,74.997158,2026-06-29T05:23:09,Synthetic demo record: vandalism reported in Dharwad.,Naveen Gowda|Ashok Gowda
DEMO-20260822-01504,Davanagere,Davanagere Demo Zone 3,Fraud,6,14.447079,75.914882,2026-08-05T01:46:09,Synthetic demo record: fraud reported in Davanagere.,Rajesh Kumar|Deepak Kumar
DEMO-20260822-01505,Mandya,Mandya Demo Zone 4,Assault,7,12.536429,76.925526,2026-06-19T23:32:09,Synthetic demo record: assault reported in Mandya.,Arjun Rao|Manoj Rao
DEMO-20260822-01506,Chitradurga,Chitradurga Demo Zone 2,Fraud,6,14.205675,76.419154,2026-07-24T12:21:09,Synthetic demo record: fraud reported in Chitradurga.,Suresh Patil|Ganesh Patil
DEMO-20260822-01507,Davanagere,Davanagere Demo Zone 1,Assault,8,14.486962,75.901569,2026-06-30T01:44:09,Synthetic demo record: assault reported in Davanagere.,Manoj Kumar|Naveen Kumar
DEMO-20260822-01508,Uttara Kannada,Uttara Kannada Demo Zone 4,Assault,6,14.840415,74.147423,2026-08-21T14:18:09,Synthetic demo record: assault reported in Uttara Kannada.,Ganesh Shetty|Prakash Shetty|Pooja Reddy
DEMO-20260822-01509,Chikkamagaluru,Chikkamagaluru Demo Zone 1,Dispute,2,13.298551,75.767671,2026-08-21T01:41:09,Synthetic demo record: dispute reported in Chikkamagaluru.,Nikhil Rao|Imran Rao|Saleem Rao
DEMO-20260822-01510,Ballari,Ballari Demo Zone 3,Vandalism,1,15.138473,76.911797,2026-07-21T23:52:09,Synthetic demo record: vandalism reported in Ballari.,Kavitha Gowda
DEMO-20260822-01511,Vijayanagara,Vijayanagara Demo Zone 4,Fraud,6,15.360176,76.456336,2026-08-20T03:06:09,Synthetic demo record: fraud reported in Vijayanagara.,Ramesh Nair|Prakash Nair|Arjun Nair
DEMO-20260822-01512,Bengaluru Urban,Bengaluru Urban Demo Zone 3,Dispute,4,12.99261,77.573219,2026-06-15T22:13:09,Synthetic demo record: dispute reported in Bengaluru Urban.,Pooja Shetty|Imran Shetty
DEMO-20260822-01513,Vijayanagara,Vijayanagara Demo Zone 3,Robbery,7,15.314797,76.455732,2026-07-11T02:05:09,Synthetic demo record: robbery reported in Vijayanagara.,Kiran Nair|Irfan Nair|Srinivas Nair
DEMO-20260822-01514,Bagalkote,Bagalkote Demo Zone 4,Vandalism,2,16.199218,75.660037,2026-05-30T16:04:09,Synthetic demo record: vandalism reported in Bagalkote.,Rajesh Gowda|Prakash Gowda|Deepak Gowda
DEMO-20260822-01515,Ramanagara,Ramanagara Demo Zone 2,Fraud,5,12.7288,77.253081,2026-08-21T09:24:09,Synthetic demo record: fraud reported in Ramanagara.,Arjun Kumar|Srinivas Kumar
DEMO-20260822-01516,Chikkaballapur,Chikkaballapur Demo Zone 1,Fraud,6,13.454263,77.734154,2026-07-13T00:10:09,Synthetic demo record: fraud reported in Chikkaballapur.,Ganesh Rao|Priya Sharma|Ashok Sharma
DEMO-20260822-01517,Vijayanagara,Vijayanagara Demo Zone 4,Burglary,5,15.355535,76.453819,2026-07-15T07:59:09,Synthetic demo record: burglary reported in Vijayanagara.,Farhan Nair|Harish Nair
DEMO-20260822-01518,Chitradurga,Chitradurga Demo Zone 4,Assault,6,14.205781,76.417535,2026-05-27T02:41:09,Synthetic demo record: assault reported in Chitradurga.,Pooja Rao|Santosh Patil
DEMO-20260822-01519,Chitradurga,Chitradurga Demo Zone 2,Dispute,4,14.209996,76.376703,2026-08-04T15:57:09,Synthetic demo record: dispute reported in Chitradurga.,Prakash Patil|Anil Patil|Vijay Patil
DEMO-20260822-01520,Uttara Kannada,Uttara Kannada Demo Zone 1,Theft,3,14.822199,74.118124,2026-06-05T05:48:09,Synthetic demo record: theft reported in Uttara Kannada.,Ramesh Shetty|Kiran Shetty
DEMO-20260822-01521,Uttara Kannada,Uttara Kannada Demo Zone 4,Fraud,6,14.823574,74.11532,2026-08-09T20:05:09,Synthetic demo record: fraud reported in Uttara Kannada.,Ashok Shetty
DEMO-20260822-01522,Belagavi,Belagavi Demo Zone 2,Theft,4,15.823643,74.509496,2026-08-03T14:25:09,Synthetic demo record: theft reported in Belagavi.,Ramesh Reddy|Santosh Reddy
DEMO-20260822-01523,Ramanagara,Ramanagara Demo Zone 1,Theft,3,12.733435,77.27322,2026-07-12T11:13:09,Synthetic demo record: theft reported in Ramanagara.,Ashok Kumar|Ganesh Kumar|Manoj Kumar
DEMO-20260822-01524,Vijayapura,Vijayapura Demo Zone 3,Fraud,5,16.79936,75.675821,2026-08-15T23:48:09,Synthetic demo record: fraud reported in Vijayapura.,Ganesh Nair|Kavitha Shetty
DEMO-20260822-01525,Kalaburagi,Kalaburagi Demo Zone 4,Theft,5,17.31249,76.828012,2026-07-28T20:03:09,Synthetic demo record: theft reported in Kalaburagi.,Ganesh Nair
DEMO-20260822-01526,Tumakuru,Tumakuru Demo Zone 2,Assault,6,13.332445,77.109012,2026-07-30T00:00:09,Synthetic demo record: assault reported in Tumakuru.,Mahesh Reddy|Deepak Reddy|Imran Gowda
DEMO-20260822-01527,Davanagere,Davanagere Demo Zone 3,Assault,6,14.493443,75.912793,2026-05-25T05:08:09,Synthetic demo record: assault reported in Davanagere.,Srinivas Kumar|Ramesh Kumar|Rajesh Kumar
DEMO-20260822-01528,Haveri,Haveri Demo Zone 1,Theft,4,14.820387,75.387888,2026-07-10T18:01:09,Synthetic demo record: theft reported in Haveri.,Anil Shetty|Mohan Shetty|Vijay Shetty
DEMO-20260822-01529,Bagalkote,Bagalkote Demo Zone 4,Theft,4,16.204039,75.663691,2026-05-27T05:52:09,Synthetic demo record: theft reported in Bagalkote.,Ashok Gowda|Rajesh Gowda|Prakash Gowda
DEMO-20260822-01530,Ballari,Ballari Demo Zone 4,Theft,5,15.147117,76.937628,2026-05-30T21:17:09,Synthetic demo record: theft reported in Ballari.,Kavitha Gowda|Irfan Gowda
DEMO-20260822-01531,Gadag,Gadag Demo Zone 1,Theft,4,15.418993,75.620442,2026-08-13T19:10:09,Synthetic demo record: theft reported in Gadag.,Farhan Gowda
DEMO-20260822-01532,Bagalkote,Bagalkote Demo Zone 4,Chain Snatching,6,16.176122,75.676637,2026-08-19T09:54:09,Synthetic demo record: chain snatching reported in Bagalkote.,Ganesh Gowda|Santosh Gowda
DEMO-20260822-01533,Chitradurga,Chitradurga Demo Zone 4,Theft,4,14.208479,76.419219,2026-06-19T11:11:09,Synthetic demo record: theft reported in Chitradurga.,Ramesh Patil
DEMO-20260822-01534,Dharwad,Dharwad Demo Zone 2,Burglary,7,15.432499,75.051274,2026-07-10T16:10:09,Synthetic demo record: burglary reported in Dharwad.,Suresh Gowda|Anil Gowda
DEMO-20260822-01535,Dharwad,Dharwad Demo Zone 1,Chain Snatching,8,15.427248,75.023996,2026-07-12T17:42:09,Synthetic demo record: chain snatching reported in Dharwad.,Prakash Gowda|Rajesh Gowda|Ramesh Gowda
DEMO-20260822-01536,Kolar,Kolar Demo Zone 3,Dispute,3,13.117978,78.107585,2026-08-01T23:34:09,Synthetic demo record: dispute reported in Kolar.,Prakash Sharma|Ramesh Sharma
DEMO-20260822-01537,Bengaluru Rural,Bengaluru Rural Demo Zone 2,Assault,8,13.28783,77.61994,2026-06-17T12:45:09,Synthetic demo record: assault reported in Bengaluru Rural.,Pooja Reddy
DEMO-20260822-01538,Vijayanagara,Vijayanagara Demo Zone 1,Theft,5,15.356929,76.454646,2026-06-17T22:07:09,Synthetic demo record: theft reported in Vijayanagara.,Rohit Nair
DEMO-20260822-01539,Chikkamagaluru,Chikkamagaluru Demo Zone 2,Fraud,4,13.307411,75.740159,2026-06-02T22:21:09,Synthetic demo record: fraud reported in Chikkamagaluru.,Vijay Rao|Mohan Rao
DEMO-20260822-01540,Hassan,Hassan Demo Zone 3,Dispute,4,12.987346,76.095353,2026-05-30T06:46:09,Synthetic demo record: dispute reported in Hassan.,Prakash Reddy
DEMO-20260822-01541,Kodagu,Kodagu Demo Zone 4,Theft,5,12.422044,75.721427,2026-06-19T20:22:09,Synthetic demo record: theft reported in Kodagu.,Rohit Nair|Srinivas Nair|Farhan Nair
DEMO-20260822-01542,Hassan,Hassan Demo Zone 2,Chain Snatching,6,12.993272,76.108561,2026-06-19T21:23:09,Synthetic demo record: chain snatching reported in Hassan.,Farhan Reddy|Kiran Reddy
DEMO-20260822-01543,Udupi,Udupi Demo Zone 3,Assault,6,13.318103,74.716115,2026-05-27T03:02:09,Synthetic demo record: assault reported in Udupi.,Harish Reddy
DEMO-20260822-01544,Kolar,Kolar Demo Zone 1,Burglary,5,13.116624,78.099079,2026-08-03T15:04:09,Synthetic demo record: burglary reported in Kolar.,Mohan Sharma|Rajesh Sharma|Naveen Sharma
DEMO-20260822-01545,Bengaluru Urban,Bengaluru Urban Demo Zone 3,Theft,4,12.97999,77.579533,2026-08-16T18:52:09,Synthetic demo record: theft reported in Bengaluru Urban.,Vijay Nair|Anil Nair|Saleem Shetty
DEMO-20260822-01546,Koppal,Koppal Demo Zone 3,Theft,5,15.372113,76.162746,2026-05-31T09:15:09,Synthetic demo record: theft reported in Koppal.,Rekha Sharma
DEMO-20260822-01547,Shivamogga,Shivamogga Demo Zone 1,Theft,3,13.945243,75.565712,2026-06-18T02:41:09,Synthetic demo record: theft reported in Shivamogga.,Mahesh Gowda|Deepak Gowda
DEMO-20260822-01548,Shivamogga,Shivamogga Demo Zone 4,Assault,8,13.900303,75.576337,2026-08-14T16:43:09,Synthetic demo record: assault reported in Shivamogga.,Ravi Gowda
DEMO-20260822-01549,Hassan,Hassan Demo Zone 2,Vandalism,3,13.002088,76.120367,2026-07-06T20:00:09,Synthetic demo record: vandalism reported in Hassan.,Santosh Reddy
DEMO-20260822-01550,Bidar,Bidar Demo Zone 2,Dispute,2,17.919996,77.525816,2026-07-30T22:05:09,Synthetic demo record: dispute reported in Bidar.,Santosh Nair|Kiran Nair
DEMO-20260822-01551,Gadag,Gadag Demo Zone 4,Chain Snatching,7,15.453634,75.658136,2026-06-25T13:00:09,Synthetic demo record: chain snatching reported in Gadag.,Farhan Gowda
DEMO-20260822-01552,Koppal,Koppal Demo Zone 3,Robbery,8,15.370269,76.145193,2026-06-04T00:04:09,Synthetic demo record: robbery reported in Koppal.,Priya Sharma|Imran Sharma|Kiran Sharma
DEMO-20260822-01553,Chamarajanagar,Chamarajanagar Demo Zone 3,Burglary,5,11.936336,76.9341,2026-07-18T06:43:09,Synthetic demo record: burglary reported in Chamarajanagar.,Rekha Nair
DEMO-20260822-01554,Hassan,Hassan Demo Zone 4,Burglary,5,13.007137,76.118393,2026-07-06T17:31:09,Synthetic demo record: burglary reported in Hassan.,Rohit Reddy|Kavitha Reddy
DEMO-20260822-01555,Ramanagara,Ramanagara Demo Zone 2,Theft,4,12.733422,77.249852,2026-06-29T07:44:09,Synthetic demo record: theft reported in Ramanagara.,Rohit Kumar|Naveen Kumar
DEMO-20260822-01556,Vijayanagara,Vijayanagara Demo Zone 4,Theft,4,15.315952,76.45524,2026-07-05T10:34:09,Synthetic demo record: theft reported in Vijayanagara.,Naveen Nair|Deepak Nair
DEMO-20260822-01557,Belagavi,Belagavi Demo Zone 1,Assault,8,15.825371,74.468873,2026-07-14T18:40:09,Synthetic demo record: assault reported in Belagavi.,Kiran Reddy|Priya Reddy
DEMO-20260822-01558,Vijayanagara,Vijayanagara Demo Zone 4,Burglary,5,15.360256,76.455236,2026-06-11T03:41:09,Synthetic demo record: burglary reported in Vijayanagara.,Mohan Nair|Manoj Nair
DEMO-20260822-01559,Udupi,Udupi Demo Zone 3,Theft,5,13.339342,74.770909,2026-06-17T02:47:09,Synthetic demo record: theft reported in Udupi.,Santosh Reddy
DEMO-20260822-01560,Mysuru,Mysuru Demo Zone 4,Dispute,2,12.303621,76.634897,2026-08-03T16:42:09,Synthetic demo record: dispute reported in Mysuru.,Suresh Patil|Mahesh Patil
DEMO-20260822-01561,Bidar,Bidar Demo Zone 4,Burglary,5,17.927334,77.523533,2026-08-07T16:35:09,Synthetic demo record: burglary reported in Bidar.,Naveen Nair|Farhan Nair|Imran Nair
DEMO-20260822-01562,Uttara Kannada,Uttara Kannada Demo Zone 2,Assault,7,14.840977,74.149646,2026-06-12T10:07:09,Synthetic demo record: assault reported in Uttara Kannada.,Pooja Reddy|Naveen Shetty|Vijay Shetty
DEMO-20260822-01563,Shivamogga,Shivamogga Demo Zone 4,Theft,5,13.950131,75.595207,2026-08-14T02:54:09,Synthetic demo record: theft reported in Shivamogga.,Mohan Gowda|Rajesh Gowda|Kiran Gowda
DEMO-20260822-01564,Dakshina Kannada,Dakshina Kannada Demo Zone 3,Assault,6,12.886093,74.840782,2026-07-16T04:44:09,Synthetic demo record: assault reported in Dakshina Kannada.,Arjun Patil|Nikhil Patil
DEMO-20260822-01565,Belagavi,Belagavi Demo Zone 1,Assault,6,15.854067,74.522932,2026-08-15T00:13:09,Synthetic demo record: assault reported in Belagavi.,Nikhil Reddy
DEMO-20260822-01566,Chikkamagaluru,Chikkamagaluru Demo Zone 1,Burglary,5,13.336065,75.758302,2026-06-22T11:58:09,Synthetic demo record: burglary reported in Chikkamagaluru.,Rajesh Rao|Mohan Rao|Nikhil Rao
DEMO-20260822-01567,Gadag,Gadag Demo Zone 3,Chain Snatching,8,15.417684,75.594336,2026-08-21T06:36:09,Synthetic demo record: chain snatching reported in Gadag.,Irfan Gowda
DEMO-20260822-01568,Davanagere,Davanagere Demo Zone 3,Assault,6,14.464659,75.894091,2026-06-17T16:05:09,Synthetic demo record: assault reported in Davanagere.,Naveen Kumar|Rohit Kumar
DEMO-20260822-01569,Kalaburagi,Kalaburagi Demo Zone 1,Burglary,7,17.318356,76.828879,2026-06-03T07:27:09,Synthetic demo record: burglary reported in Kalaburagi.,Anil Nair
DEMO-20260822-01570,Yadgir,Yadgir Demo Zone 4,Dispute,2,16.775992,77.142121,2026-08-02T06:52:09,Synthetic demo record: dispute reported in Yadgir.,Ganesh Sharma
DEMO-20260822-01571,Koppal,Koppal Demo Zone 4,Dispute,3,15.359579,76.170971,2026-07-02T18:26:09,Synthetic demo record: dispute reported in Koppal.,Ashok Sharma|Anil Rao|Ravi Rao
DEMO-20260822-01572,Tumakuru,Tumakuru Demo Zone 4,Chain Snatching,6,13.361169,77.12226,2026-08-13T06:48:09,Synthetic demo record: chain snatching reported in Tumakuru.,Rajesh Reddy
DEMO-20260822-01573,Yadgir,Yadgir Demo Zone 3,Assault,6,16.778198,77.140699,2026-07-04T08:40:09,Synthetic demo record: assault reported in Yadgir.,Rajesh Sharma|Ganesh Sharma|Srinivas Sharma
DEMO-20260822-01574,Mysuru,Mysuru Demo Zone 3,Theft,5,12.333433,76.635314,2026-07-30T21:05:09,Synthetic demo record: theft reported in Mysuru.,Deepak Patil|Meena Rao|Pooja Rao
DEMO-20260822-01575,Gadag,Gadag Demo Zone 2,Theft,5,15.424032,75.613861,2026-07-30T02:49:09,Synthetic demo record: theft reported in Gadag.,Rajesh Reddy
DEMO-20260822-01576,Dakshina Kannada,Dakshina Kannada Demo Zone 2,Fraud,6,12.90373,74.863274,2026-06-23T20:36:09,Synthetic demo record: fraud reported in Dakshina Kannada.,Mahesh Kumar
DEMO-20260822-01577,Haveri,Haveri Demo Zone 4,Vandalism,2,14.77488,75.422409,2026-06-26T03:29:09,Synthetic demo record: vandalism reported in Haveri.,Vijay Shetty|Deepak Shetty
DEMO-20260822-01578,Chikkaballapur,Chikkaballapur Demo Zone 1,Assault,8,13.420269,77.720746,2026-06-27T12:28:09,Synthetic demo record: assault reported in Chikkaballapur.,Arjun Sharma
DEMO-20260822-01579,Bengaluru Rural,Bengaluru Rural Demo Zone 2,Burglary,6,13.265761,77.597218,2026-07-30T11:40:09,Synthetic demo record: burglary reported in Bengaluru Rural.,Ramesh Shetty
DEMO-20260822-01580,Yadgir,Yadgir Demo Zone 4,Dispute,3,16.725836,77.1714,2026-06-14T18:16:09,Synthetic demo record: dispute reported in Yadgir.,Ravi Sharma|Mohan Sharma|Manoj Sharma
DEMO-20260822-01581,Belagavi,Belagavi Demo Zone 3,Assault,7,15.879146,74.516659,2026-08-21T15:15:09,Synthetic demo record: assault reported in Belagavi.,Prakash Reddy
DEMO-20260822-01582,Vijayanagara,Vijayanagara Demo Zone 2,Robbery,7,15.359421,76.497237,2026-06-13T03:29:09,Synthetic demo record: robbery reported in Vijayanagara.,Nikhil Nair|Rohit Nair|Santosh Nair
DEMO-20260822-01583,Kodagu,Kodagu Demo Zone 1,Burglary,5,12.449396,75.755883,2026-07-20T16:17:09,Synthetic demo record: burglary reported in Kodagu.,Srinivas Nair|Harish Nair|Ramesh Nair
DEMO-20260822-01584,Vijayanagara,Vijayanagara Demo Zone 1,Theft,4,15.366363,76.46238,2026-07-18T10:10:09,Synthetic demo record: theft reported in Vijayanagara.,Prakash Nair
DEMO-20260822-01585,Davanagere,Davanagere Demo Zone 4,Fraud,4,14.49278,75.911742,2026-08-18T05:03:09,Synthetic demo record: fraud reported in Davanagere.,Santosh Kumar
DEMO-20260822-01586,Yadgir,Yadgir Demo Zone 3,Burglary,5,16.767746,77.127372,2026-07-21T15:49:09,Synthetic demo record: burglary reported in Yadgir.,Prakash Sharma|Naveen Sharma
DEMO-20260822-01587,Yadgir,Yadgir Demo Zone 2,Fraud,5,16.769592,77.131466,2026-07-25T13:41:09,Synthetic demo record: fraud reported in Yadgir.,Mohan Sharma|Meena Nair
DEMO-20260822-01588,Ballari,Ballari Demo Zone 4,Chain Snatching,7,15.146479,76.939241,2026-06-27T05:55:09,Synthetic demo record: chain snatching reported in Ballari.,Farhan Gowda|Rohit Gowda|Saleem Gowda
DEMO-20260822-01589,Chikkaballapur,Chikkaballapur Demo Zone 4,Theft,4,13.450591,77.739568,2026-07-01T14:18:09,Synthetic demo record: theft reported in Chikkaballapur.,Meena Sharma|Saleem Sharma
DEMO-20260822-01590,Raichur,Raichur Demo Zone 3,Theft,3,16.239445,77.316241,2026-08-13T08:54:09,Synthetic demo record: theft reported in Raichur.,Harish Patil|Priya Patil
DEMO-20260822-01591,Chikkaballapur,Chikkaballapur Demo Zone 4,Theft,4,13.418469,77.720033,2026-06-16T15:20:09,Synthetic demo record: theft reported in Chikkaballapur.,Anil Rao|Rekha Sharma
DEMO-20260822-01592,Bengaluru Rural,Bengaluru Rural Demo Zone 4,Robbery,9,13.287123,77.582527,2026-08-16T23:48:09,Synthetic demo record: robbery reported in Bengaluru Rural.,Manoj Shetty
DEMO-20260822-01593,Vijayapura,Vijayapura Demo Zone 1,Assault,8,16.803911,75.681982,2026-08-15T13:35:09,Synthetic demo record: assault reported in Vijayapura.,Vijay Nair
DEMO-20260822-01594,Vijayanagara,Vijayanagara Demo Zone 3,Theft,5,15.336662,76.450782,2026-08-02T06:46:09,Synthetic demo record: theft reported in Vijayanagara.,Rohit Nair|Farhan Nair
DEMO-20260822-01595,Vijayapura,Vijayapura Demo Zone 2,Fraud,6,16.805058,75.711162,2026-07-09T18:33:09,Synthetic demo record: fraud reported in Vijayapura.,Priya Shetty|Ganesh Nair
DEMO-20260822-01596,Gadag,Gadag Demo Zone 4,Theft,5,15.456827,75.658476,2026-06-18T19:59:09,Synthetic demo record: theft reported in Gadag.,Anil Reddy|Saleem Gowda
DEMO-20260822-01597,Raichur,Raichur Demo Zone 1,Theft,3,16.236582,77.315351,2026-07-27T05:58:09,Synthetic demo record: theft reported in Raichur.,Imran Patil|Harish Patil
DEMO-20260822-01598,Shivamogga,Shivamogga Demo Zone 2,Dispute,2,13.957786,75.589911,2026-08-12T01:40:09,Synthetic demo record: dispute reported in Shivamogga.,Mohan Gowda
DEMO-20260822-01599,Kalaburagi,Kalaburagi Demo Zone 3,Theft,4,17.345285,76.856332,2026-08-03T12:54:09,Synthetic demo record: theft reported in Kalaburagi.,Irfan Shetty
DEMO-20260822-01600,Kolar,Kolar Demo Zone 2,Assault,8,13.114972,78.102453,2026-07-21T14:28:09,Synthetic demo record: assault reported in Kolar.,Ganesh Sharma|Rajesh Sharma
DEMO-20260822-01601,Haveri,Haveri Demo Zone 4,Assault,6,14.823463,75.390583,2026-06-27T07:15:09,Synthetic demo record: assault reported in Haveri.,Ravi Shetty
DEMO-20260822-01602,Yadgir,Yadgir Demo Zone 1,Assault,8,16.776365,77.14918,2026-07-21T15:45:09,Synthetic demo record: assault reported in Yadgir.,Vijay Sharma|Ramesh Sharma
DEMO-20260822-01603,Yadgir,Yadgir Demo Zone 2,Dispute,4,16.770782,77.129443,2026-08-14T17:47:09,Synthetic demo record: dispute reported in Yadgir.,Pooja Nair|Vijay Sharma
DEMO-20260822-01604,Chitradurga,Chitradurga Demo Zone 4,Fraud,4,14.208832,76.414747,2026-05-26T21:51:09,Synthetic demo record: fraud reported in Chitradurga.,Mahesh Patil|Meena Rao|Ramesh Patil
DEMO-20260822-01605,Kodagu,Kodagu Demo Zone 4,Theft,5,12.404269,75.744009,2026-07-18T00:13:09,Synthetic demo record: theft reported in Kodagu.,Ramesh Nair|Nikhil Nair|Arjun Nair
DEMO-20260822-01606,Belagavi,Belagavi Demo Zone 1,Theft,5,15.818962,74.508292,2026-06-25T17:14:09,Synthetic demo record: theft reported in Belagavi.,Rekha Reddy|Srinivas Reddy
DEMO-20260822-01607,Haveri,Haveri Demo Zone 4,Theft,5,14.789261,75.377072,2026-07-07T16:29:09,Synthetic demo record: theft reported in Haveri.,Manoj Shetty|Pooja Reddy
DEMO-20260822-01608,Koppal,Koppal Demo Zone 2,Assault,7,15.34586,76.18727,2026-07-29T15:23:09,Synthetic demo record: assault reported in Koppal.,Priya Sharma
DEMO-20260822-01609,Kalaburagi,Kalaburagi Demo Zone 4,Dispute,3,17.307668,76.857005,2026-07-05T12:52:09,Synthetic demo record: dispute reported in Kalaburagi.,Saleem Shetty|Pooja Shetty
DEMO-20260822-01610,Mandya,Mandya Demo Zone 2,Dispute,3,12.541729,76.913382,2026-07-24T15:37:09,Synthetic demo record: dispute reported in Mandya.,Imran Rao|Harish Rao|Rohit Rao
DEMO-20260822-01611,Ballari,Ballari Demo Zone 2,Chain Snatching,8,15.115117,76.921825,2026-06-26T00:12:09,Synthetic demo record: chain snatching reported in Ballari.,Rekha Gowda|Ganesh Reddy
DEMO-20260822-01612,Koppal,Koppal Demo Zone 1,Dispute,3,15.367912,76.170907,2026-08-10T04:14:09,Synthetic demo record: dispute reported in Koppal.,Rekha Sharma
DEMO-20260822-01613,Koppal,Koppal Demo Zone 1,Robbery,9,15.363267,76.172599,2026-07-20T23:25:09,Synthetic demo record: robbery reported in Koppal.,Rekha Sharma|Arjun Sharma
DEMO-20260822-01614,Bidar,Bidar Demo Zone 2,Theft,5,17.921909,77.520379,2026-06-04T22:33:09,Synthetic demo record: theft reported in Bidar.,Prakash Nair
DEMO-20260822-01615,Bengaluru Rural,Bengaluru Rural Demo Zone 3,Assault,6,13.320554,77.603424,2026-06-04T20:09:09,Synthetic demo record: assault reported in Bengaluru Rural.,Manoj Shetty|Anil Shetty|Ravi Shetty
DEMO-20260822-01616,Koppal,Koppal Demo Zone 2,Dispute,2,15.370039,76.174331,2026-06-08T14:03:09,Synthetic demo record: dispute reported in Koppal.,Nikhil Sharma|Mahesh Rao
DEMO-20260822-01617,Mysuru,Mysuru Demo Zone 3,Fraud,5,12.29018,76.646178,2026-06-20T05:34:09,Synthetic demo record: fraud reported in Mysuru.,Meena Rao
DEMO-20260822-01618,Bagalkote,Bagalkote Demo Zone 4,Theft,4,16.195757,75.650079,2026-07-15T03:52:09,Synthetic demo record: theft reported in Bagalkote.,Santosh Gowda|Ravi Gowda
DEMO-20260822-01619,Bidar,Bidar Demo Zone 1,Chain Snatching,8,17.924895,77.525684,2026-07-15T09:20:09,Synthetic demo record: chain snatching reported in Bidar.,Mohan Nair|Harish Nair|Nikhil Nair
DEMO-20260822-01620,Ramanagara,Ramanagara Demo Zone 1,Theft,4,12.700841,77.253296,2026-07-23T09:45:09,Synthetic demo record: theft reported in Ramanagara.,Rajesh Kumar|Arjun Kumar|Santosh Kumar
DEMO-20260822-01621,Ballari,Ballari Demo Zone 4,Vandalism,2,15.145313,76.896994,2026-07-26T00:03:09,Synthetic demo record: vandalism reported in Ballari.,Nikhil Gowda|Rohit Gowda|Ganesh Reddy
DEMO-20260822-01622,Udupi,Udupi Demo Zone 3,Chain Snatching,8,13.348062,74.754228,2026-06-14T03:20:09,Synthetic demo record: chain snatching reported in Udupi.,Ramesh Reddy|Kavitha Reddy|Harish Reddy
DEMO-20260822-01623,Mysuru,Mysuru Demo Zone 4,Fraud,5,12.306941,76.634248,2026-07-15T06:44:09,Synthetic demo record: fraud reported in Mysuru.,Anil Patil|Santosh Patil|Ravi Patil
DEMO-20260822-01624,Uttara Kannada,Uttara Kannada Demo Zone 3,Theft,4,14.840113,74.147504,2026-06-02T01:05:09,Synthetic demo record: theft reported in Uttara Kannada.,Prakash Shetty
DEMO-20260822-01625,Dakshina Kannada,Dakshina Kannada Demo Zone 3,Theft,3,12.893685,74.832849,2026-06-07T22:00:09,Synthetic demo record: theft reported in Dakshina Kannada.,Nikhil Patil
DEMO-20260822-01626,Kalaburagi,Kalaburagi Demo Zone 3,Fraud,5,17.347007,76.85358,2026-06-22T03:06:09,Synthetic demo record: fraud reported in Kalaburagi.,Ravi Nair|Suresh Nair|Kavitha Shetty
DEMO-20260822-01627,Chitradurga,Chitradurga Demo Zone 3,Theft,4,14.234948,76.401732,2026-06-29T03:28:09,Synthetic demo record: theft reported in Chitradurga.,Suresh Patil|Anil Patil
DEMO-20260822-01628,Udupi,Udupi Demo Zone 3,Assault,6,13.300094,74.779416,2026-05-25T19:56:09,Synthetic demo record: assault reported in Udupi.,Rohit Reddy|Kavitha Reddy|Pradeep Reddy
DEMO-20260822-01629,Bengaluru Rural,Bengaluru Rural Demo Zone 4,Assault,7,13.287049,77.616971,2026-08-11T10:45:09,Synthetic demo record: assault reported in Bengaluru Rural.,Prakash Shetty
DEMO-20260822-01630,Haveri,Haveri Demo Zone 2,Theft,3,14.825044,75.393377,2026-06-21T04:02:09,Synthetic demo record: theft reported in Haveri.,Kiran Shetty|Mohan Shetty
DEMO-20260822-01631,Yadgir,Yadgir Demo Zone 2,Dispute,2,16.741465,77.123909,2026-07-03T20:25:09,Synthetic demo record: dispute reported in Yadgir.,Rekha Nair|Pooja Nair|Deepak Sharma
DEMO-20260822-01632,Dharwad,Dharwad Demo Zone 3,Dispute,4,15.462321,75.037885,2026-06-15T13:56:09,Synthetic demo record: dispute reported in Dharwad.,Arjun Gowda|Ashok Gowda
DEMO-20260822-01633,Chikkaballapur,Chikkaballapur Demo Zone 4,Theft,3,13.45261,77.712974,2026-07-28T06:30:09,Synthetic demo record: theft reported in Chikkaballapur.,Farhan Sharma|Arjun Sharma|Suresh Rao
DEMO-20260822-01634,Ramanagara,Ramanagara Demo Zone 4,Theft,4,12.733377,77.274626,2026-05-27T11:43:09,Synthetic demo record: theft reported in Ramanagara.,Ganesh Kumar
DEMO-20260822-01635,Dharwad,Dharwad Demo Zone 1,Robbery,9,15.47286,75.003334,2026-07-24T22:43:09,Synthetic demo record: robbery reported in Dharwad.,Arjun Gowda|Prakash Gowda
DEMO-20260822-01636,Ballari,Ballari Demo Zone 4,Fraud,6,15.183955,76.961057,2026-07-13T10:20:09,Synthetic demo record: fraud reported in Ballari.,Deepak Reddy|Kavitha Gowda|Irfan Gowda
DEMO-20260822-01637,Dakshina Kannada,Dakshina Kannada Demo Zone 2,Burglary,7,12.955051,74.827333,2026-06-07T11:25:09,Synthetic demo record: burglary reported in Dakshina Kannada.,Kavitha Patil|Pooja Patil
DEMO-20260822-01638,Belagavi,Belagavi Demo Zone 2,Burglary,7,15.823118,74.510007,2026-07-26T04:00:09,Synthetic demo record: burglary reported in Belagavi.,Harish Reddy|Farhan Reddy|Irfan Reddy
DEMO-20260822-01639,Raichur,Raichur Demo Zone 3,Theft,4,16.241486,77.316025,2026-07-01T23:48:09,Synthetic demo record: theft reported in Raichur.,Mohan Patil|Imran Patil|Rekha Patil
DEMO-20260822-01640,Bagalkote,Bagalkote Demo Zone 4,Robbery,7,16.141205,75.680844,2026-05-24T18:26:09,Synthetic demo record: robbery reported in Bagalkote.,Anil Gowda|Ramesh Gowda
DEMO-20260822-01641,Mysuru,Mysuru Demo Zone 4,Chain Snatching,7,12.252296,76.631225,2026-06-28T15:10:09,Synthetic demo record: chain snatching reported in Mysuru.,Kavitha Rao
DEMO-20260822-01642,Haveri,Haveri Demo Zone 3,Vandalism,2,14.752949,75.366811,2026-06-24T11:15:09,Synthetic demo record: vandalism reported in Haveri.,Srinivas Shetty
DEMO-20260822-01643,Davanagere,Davanagere Demo Zone 2,Theft,3,14.421114,75.92737,2026-06-07T16:30:09,Synthetic demo record: theft reported in Davanagere.,Imran Kumar|Ramesh Kumar
DEMO-20260822-01644,Shivamogga,Shivamogga Demo Zone 1,Theft,4,13.939618,75.545405,2026-07-21T07:27:09,Synthetic demo record: theft reported in Shivamogga.,Mahesh Gowda
DEMO-20260822-01645,Tumakuru,Tumakuru Demo Zone 2,Theft,5,13.308683,77.106009,2026-06-23T12:48:09,Synthetic demo record: theft reported in Tumakuru.,Imran Gowda|Manoj Reddy|Ganesh Reddy
DEMO-20260822-01646,Kolar,Kolar Demo Zone 2,Fraud,6,13.125938,78.105946,2026-08-21T06:28:09,Synthetic demo record: fraud reported in Kolar.,Prakash Sharma
DEMO-20260822-01647,Vijayapura,Vijayapura Demo Zone 1,Assault,8,16.834418,75.711888,2026-06-04T11:51:09,Synthetic demo record: assault reported in Vijayapura.,Rekha Shetty
DEMO-20260822-01648,Dakshina Kannada,Dakshina Kannada Demo Zone 3,Assault,7,12.883547,74.835333,2026-08-21T13:01:09,Synthetic demo record: assault reported in Dakshina Kannada.,Rekha Patil|Pradeep Patil|Priya Patil
DEMO-20260822-01649,Ballari,Ballari Demo Zone 3,Assault,8,15.130255,76.900119,2026-06-20T22:34:09,Synthetic demo record: assault reported in Ballari.,Kavitha Gowda|Manoj Reddy
DEMO-20260822-01650,Tumakuru,Tumakuru Demo Zone 3,Fraud,6,13.30984,77.101133,2026-07-10T10:49:09,Synthetic demo record: fraud reported in Tumakuru.,Vijay Reddy
DEMO-20260822-01651,Kalaburagi,Kalaburagi Demo Zone 2,Fraud,5,17.310485,76.791848,2026-06-21T04:29:09,Synthetic demo record: fraud reported in Kalaburagi.,Anil Nair|Mahesh Nair
DEMO-20260822-01652,Hassan,Hassan Demo Zone 4,Dispute,3,13.034878,76.080634,2026-05-26T15:57:09,Synthetic demo record: dispute reported in Hassan.,Mohan Reddy|Kiran Reddy
DEMO-20260822-01653,Koppal,Koppal Demo Zone 1,Dispute,4,15.377453,76.178626,2026-06-18T13:10:09,Synthetic demo record: dispute reported in Koppal.,Priya Sharma|Rohit Sharma
DEMO-20260822-01654,Chikkaballapur,Chikkaballapur Demo Zone 1,Theft,4,13.447666,77.738325,2026-07-14T04:17:09,Synthetic demo record: theft reported in Chikkaballapur.,Kavitha Sharma|Pradeep Sharma
DEMO-20260822-01655,Gadag,Gadag Demo Zone 4,Theft,4,15.421973,75.616319,2026-08-11T06:52:09,Synthetic demo record: theft reported in Gadag.,Meena Gowda|Pooja Gowda
DEMO-20260822-01656,Vijayapura,Vijayapura Demo Zone 2,Fraud,4,16.802462,75.681471,2026-05-27T15:38:09,Synthetic demo record: fraud reported in Vijayapura.,Imran Shetty|Ravi Nair|Saleem Shetty
DEMO-20260822-01657,Uttara Kannada,Uttara Kannada Demo Zone 3,Fraud,6,14.837457,74.148615,2026-08-08T01:00:09,Synthetic demo record: fraud reported in Uttara Kannada.,Mohan Shetty|Srinivas Shetty|Pooja Reddy
DEMO-20260822-01658,Bengaluru Rural,Bengaluru Rural Demo Zone 2,Fraud,5,13.289829,77.58066,2026-07-31T12:42:09,Synthetic demo record: fraud reported in Bengaluru Rural.,Mahesh Shetty
DEMO-20260822-01659,Kalaburagi,Kalaburagi Demo Zone 4,Theft,3,17.30624,76.863482,2026-06-18T05:39:09,Synthetic demo record: theft reported in Kalaburagi.,Arjun Shetty|Ravi Nair
DEMO-20260822-01660,Ramanagara,Ramanagara Demo Zone 2,Assault,6,12.732717,77.255968,2026-06-20T07:53:09,Synthetic demo record: assault reported in Ramanagara.,Ashok Kumar
DEMO-20260822-01661,Chitradurga,Chitradurga Demo Zone 2,Burglary,7,14.212171,76.382336,2026-06-22T05:00:09,Synthetic demo record: burglary reported in Chitradurga.,Rajesh Patil
DEMO-20260822-01662,Dharwad,Dharwad Demo Zone 2,Fraud,4,15.476449,74.998139,2026-07-19T10:49:09,Synthetic demo record: fraud reported in Dharwad.,Prakash Gowda|Harish Gowda
DEMO-20260822-01663,Vijayapura,Vijayapura Demo Zone 1,Robbery,7,16.803048,75.705996,2026-06-19T19:35:09,Synthetic demo record: robbery reported in Vijayapura.,Imran Shetty
DEMO-20260822-01664,Udupi,Udupi Demo Zone 3,Theft,3,13.316861,74.765209,2026-06-10T16:19:09,Synthetic demo record: theft reported in Udupi.,Priya Reddy
DEMO-20260822-01665,Chikkamagaluru,Chikkamagaluru Demo Zone 1,Assault,6,13.313937,75.755442,2026-06-17T14:28:09,Synthetic demo record: assault reported in Chikkamagaluru.,Santosh Rao|Mohan Rao
DEMO-20260822-01666,Uttara Kannada,Uttara Kannada Demo Zone 1,Vandalism,2,14.850432,74.154768,2026-07-15T14:02:09,Synthetic demo record: vandalism reported in Uttara Kannada.,Mahesh Shetty|Ramesh Shetty|Prakash Shetty
DEMO-20260822-01667,Bengaluru Urban,Bengaluru Urban Demo Zone 4,Chain Snatching,7,12.977423,77.578262,2026-05-31T18:16:09,Synthetic demo record: chain snatching reported in Bengaluru Urban.,Farhan Shetty|Rekha Shetty
DEMO-20260822-01668,Chikkaballapur,Chikkaballapur Demo Zone 2,Fraud,5,13.401626,77.75086,2026-06-21T09:41:09,Synthetic demo record: fraud reported in Chikkaballapur.,Ravi Rao
DEMO-20260822-01669,Uttara Kannada,Uttara Kannada Demo Zone 4,Vandalism,3,14.849376,74.151335,2026-08-20T11:24:09,Synthetic demo record: vandalism reported in Uttara Kannada.,Rajesh Shetty|Ganesh Shetty
DEMO-20260822-01670,Kolar,Kolar Demo Zone 4,Assault,6,13.113554,78.102158,2026-08-19T21:18:09,Synthetic demo record: assault reported in Kolar.,Vijay Sharma|Srinivas Sharma|Ravi Sharma
DEMO-20260822-01671,Chitradurga,Chitradurga Demo Zone 1,Theft,5,14.197818,76.357153,2026-06-05T01:35:09,Synthetic demo record: theft reported in Chitradurga.,Kavitha Rao|Meena Rao
DEMO-20260822-01672,Hassan,Hassan Demo Zone 3,Dispute,2,13.003697,76.117062,2026-08-16T18:05:09,Synthetic demo record: dispute reported in Hassan.,Prakash Reddy|Ashok Reddy
DEMO-20260822-01673,Chamarajanagar,Chamarajanagar Demo Zone 1,Burglary,6,11.943511,76.950783,2026-07-07T00:29:09,Synthetic demo record: burglary reported in Chamarajanagar.,Anil Sharma|Ramesh Sharma
DEMO-20260822-01674,Bengaluru Rural,Bengaluru Rural Demo Zone 2,Fraud,5,13.266469,77.599245,2026-06-11T22:59:09,Synthetic demo record: fraud reported in Bengaluru Rural.,Suresh Shetty
DEMO-20260822-01675,Davanagere,Davanagere Demo Zone 2,Theft,3,14.482992,75.890831,2026-07-22T06:46:09,Synthetic demo record: theft reported in Davanagere.,Imran Kumar|Deepak Kumar|Pradeep Kumar
DEMO-20260822-01676,Bengaluru Urban,Bengaluru Urban Demo Zone 4,Assault,6,12.940699,77.629424,2026-06-29T02:35:09,Synthetic demo record: assault reported in Bengaluru Urban.,Mahesh Nair|Ganesh Nair
DEMO-20260822-01677,Chitradurga,Chitradurga Demo Zone 4,Theft,3,14.207003,76.428557,2026-07-25T19:58:09,Synthetic demo record: theft reported in Chitradurga.,Ravi Patil|Kavitha Rao
DEMO-20260822-01678,Bengaluru Rural,Bengaluru Rural Demo Zone 3,Assault,7,13.285491,77.615147,2026-07-09T08:22:09,Synthetic demo record: assault reported in Bengaluru Rural.,Ganesh Shetty
DEMO-20260822-01679,Udupi,Udupi Demo Zone 1,Assault,7,13.320321,74.714517,2026-07-10T01:50:09,Synthetic demo record: assault reported in Udupi.,Imran Reddy|Priya Reddy
DEMO-20260822-01680,Belagavi,Belagavi Demo Zone 2,Burglary,7,15.815323,74.504804,2026-08-22T01:03:09,Synthetic demo record: burglary reported in Belagavi.,Saleem Reddy
DEMO-20260822-01681,Chitradurga,Chitradurga Demo Zone 3,Theft,5,14.215536,76.389416,2026-06-23T00:17:09,Synthetic demo record: theft reported in Chitradurga.,Priya Rao
DEMO-20260822-01682,Tumakuru,Tumakuru Demo Zone 2,Dispute,3,13.313029,77.10316,2026-06-13T03:17:09,Synthetic demo record: dispute reported in Tumakuru.,Rohit Gowda
DEMO-20260822-01683,Bagalkote,Bagalkote Demo Zone 3,Dispute,4,16.198668,75.663676,2026-06-17T13:55:09,Synthetic demo record: dispute reported in Bagalkote.,Santosh Gowda
DEMO-20260822-01684,Kolar,Kolar Demo Zone 2,Robbery,7,13.123865,78.121008,2026-08-11T22:48:09,Synthetic demo record: robbery reported in Kolar.,Ganesh Sharma
DEMO-20260822-01685,Belagavi,Belagavi Demo Zone 4,Assault,8,15.885392,74.48069,2026-07-02T05:46:09,Synthetic demo record: assault reported in Belagavi.,Naveen Reddy|Ashok Reddy
DEMO-20260822-01686,Raichur,Raichur Demo Zone 4,Fraud,5,16.236202,77.328936,2026-08-03T11:46:09,Synthetic demo record: fraud reported in Raichur.,Farhan Patil|Pradeep Patil|Kavitha Patil
DEMO-20260822-01687,Chikkaballapur,Chikkaballapur Demo Zone 4,Theft,5,13.451234,77.733319,2026-06-11T08:02:09,Synthetic demo record: theft reported in Chikkaballapur.,Rekha Sharma|Priya Sharma|Kiran Sharma
DEMO-20260822-01688,Ballari,Ballari Demo Zone 3,Fraud,5,15.145306,76.898633,2026-08-19T03:13:09,Synthetic demo record: fraud reported in Ballari.,Meena Gowda|Ravi Reddy
DEMO-20260822-01689,Bengaluru Urban,Bengaluru Urban Demo Zone 4,Robbery,8,12.958531,77.564856,2026-07-18T10:12:09,Synthetic demo record: robbery reported in Bengaluru Urban.,Nikhil Shetty
DEMO-20260822-01690,Uttara Kannada,Uttara Kannada Demo Zone 2,Burglary,6,14.84141,74.151165,2026-07-05T09:40:09,Synthetic demo record: burglary reported in Uttara Kannada.,Mohan Shetty|Prakash Shetty
DEMO-20260822-01691,Koppal,Koppal Demo Zone 2,Theft,3,15.368719,76.1653,2026-07-03T20:51:09,Synthetic demo record: theft reported in Koppal.,Rohit Sharma
DEMO-20260822-01692,Mysuru,Mysuru Demo Zone 4,Theft,5,12.270635,76.645319,2026-07-27T17:18:09,Synthetic demo record: theft reported in Mysuru.,Naveen Patil
DEMO-20260822-01693,Chamarajanagar,Chamarajanagar Demo Zone 2,Burglary,6,11.933348,76.941011,2026-07-28T21:23:09,Synthetic demo record: burglary reported in Chamarajanagar.,Pooja Nair|Manoj Sharma
DEMO-20260822-01694,Ramanagara,Ramanagara Demo Zone 2,Vandalism,2,12.734401,77.273524,2026-07-30T23:11:09,Synthetic demo record: vandalism reported in Ramanagara.,Prakash Kumar|Vijay Kumar
DEMO-20260822-01695,Vijayapura,Vijayapura Demo Zone 3,Dispute,3,16.865766,75.736272,2026-07-13T14:14:09,Synthetic demo record: dispute reported in Vijayapura.,Priya Shetty|Rekha Shetty
DEMO-20260822-01696,Udupi,Udupi Demo Zone 3,Assault,7,13.329578,74.724992,2026-08-15T22:10:09,Synthetic demo record: assault reported in Udupi.,Saleem Reddy|Kiran Reddy|Arjun Reddy
DEMO-20260822-01697,Shivamogga,Shivamogga Demo Zone 3,Burglary,5,13.943465,75.566928,2026-05-27T11:13:09,Synthetic demo record: burglary reported in Shivamogga.,Prakash Gowda|Vijay Gowda
DEMO-20260822-01698,Kodagu,Kodagu Demo Zone 4,Dispute,2,12.431818,75.755456,2026-07-25T14:35:09,Synthetic demo record: dispute reported in Kodagu.,Prakash Nair|Priya Nair
DEMO-20260822-01699,Mandya,Mandya Demo Zone 1,Assault,6,12.534953,76.924451,2026-08-15T07:57:09,Synthetic demo record: assault reported in Mandya.,Nikhil Rao
DEMO-20260822-01700,Bidar,Bidar Demo Zone 1,Theft,3,17.92768,77.521988,2026-06-13T17:03:09,Synthetic demo record: theft reported in Bidar.,Mohan Nair
DEMO-20260822-01701,Kolar,Kolar Demo Zone 1,Robbery,7,13.115335,78.102679,2026-07-10T02:05:09,Synthetic demo record: robbery reported in Kolar.,Ganesh Sharma
DEMO-20260822-01702,Tumakuru,Tumakuru Demo Zone 2,Theft,5,13.309159,77.104063,2026-08-17T13:09:09,Synthetic demo record: theft reported in Tumakuru.,Farhan Gowda|Pooja Gowda
DEMO-20260822-01703,Chikkaballapur,Chikkaballapur Demo Zone 2,Chain Snatching,7,13.41705,77.720102,2026-06-08T22:14:09,Synthetic demo record: chain snatching reported in Chikkaballapur.,Arjun Sharma
DEMO-20260822-01704,Bengaluru Urban,Bengaluru Urban Demo Zone 4,Theft,5,12.976395,77.577825,2026-07-20T03:40:09,Synthetic demo record: theft reported in Bengaluru Urban.,Rekha Shetty
DEMO-20260822-01705,Hassan,Hassan Demo Zone 4,Dispute,4,13.002328,76.118412,2026-06-28T10:09:09,Synthetic demo record: dispute reported in Hassan.,Saleem Reddy|Nikhil Reddy|Ashok Reddy
DEMO-20260822-01706,Mysuru,Mysuru Demo Zone 2,Fraud,6,12.290847,76.646845,2026-08-12T00:57:09,Synthetic demo record: fraud reported in Mysuru.,Priya Rao|Kavitha Rao|Rekha Rao
DEMO-20260822-01707,Vijayapura,Vijayapura Demo Zone 3,Burglary,7,16.799836,75.682354,2026-06-30T13:53:09,Synthetic demo record: burglary reported in Vijayapura.,Irfan Shetty|Pradeep Shetty
DEMO-20260822-01708,Kalaburagi,Kalaburagi Demo Zone 1,Burglary,7,17.344301,76.857193,2026-07-10T20:03:09,Synthetic demo record: burglary reported in Kalaburagi.,Irfan Shetty|Rekha Shetty
DEMO-20260822-01709,Tumakuru,Tumakuru Demo Zone 3,Vandalism,3,13.312068,77.103767,2026-06-28T19:15:09,Synthetic demo record: vandalism reported in Tumakuru.,Rajesh Reddy
DEMO-20260822-01710,Uttara Kannada,Uttara Kannada Demo Zone 2,Robbery,8,14.839107,74.147957,2026-06-25T21:33:09,Synthetic demo record: robbery reported in Uttara Kannada.,Srinivas Shetty|Ravi Shetty
DEMO-20260822-01711,Bengaluru Rural,Bengaluru Rural Demo Zone 3,Fraud,4,13.318639,77.595968,2026-06-28T21:40:09,Synthetic demo record: fraud reported in Bengaluru Rural.,Anil Shetty|Pooja Reddy
DEMO-20260822-01712,Davanagere,Davanagere Demo Zone 4,Fraud,4,14.492624,75.914745,2026-05-27T06:34:09,Synthetic demo record: fraud reported in Davanagere.,Kiran Kumar|Prakash Kumar|Naveen Kumar
DEMO-20260822-01713,Chikkaballapur,Chikkaballapur Demo Zone 3,Vandalism,1,13.419021,77.72093,2026-07-06T08:20:09,Synthetic demo record: vandalism reported in Chikkaballapur.,Pooja Sharma|Nikhil Sharma
DEMO-20260822-01714,Kodagu,Kodagu Demo Zone 4,Assault,6,12.422436,75.721848,2026-07-04T11:13:09,Synthetic demo record: assault reported in Kodagu.,Ramesh Nair|Deepak Nair|Manoj Nair
DEMO-20260822-01715,Tumakuru,Tumakuru Demo Zone 1,Burglary,6,13.310976,77.10712,2026-06-15T01:55:09,Synthetic demo record: burglary reported in Tumakuru.,Rekha Gowda
DEMO-20260822-01716,Koppal,Koppal Demo Zone 4,Burglary,7,15.366746,76.172711,2026-08-01T16:14:09,Synthetic demo record: burglary reported in Koppal.,Nikhil Sharma|Saleem Sharma|Imran Sharma
DEMO-20260822-01717,Udupi,Udupi Demo Zone 3,Theft,3,13.348528,74.752372,2026-07-09T11:22:09,Synthetic demo record: theft reported in Udupi.,Santosh Reddy
DEMO-20260822-01718,Chitradurga,Chitradurga Demo Zone 3,Burglary,5,14.210693,76.38337,2026-05-30T17:45:09,Synthetic demo record: burglary reported in Chitradurga.,Anil Patil
DEMO-20260822-01719,Bagalkote,Bagalkote Demo Zone 2,Theft,3,16.198631,75.653401,2026-07-17T08:20:09,Synthetic demo record: theft reported in Bagalkote.,Ramesh Gowda|Ashok Gowda
DEMO-20260822-01720,Bengaluru Urban,Bengaluru Urban Demo Zone 2,Fraud,6,12.968198,77.585809,2026-08-21T14:23:09,Synthetic demo record: fraud reported in Bengaluru Urban.,Suresh Nair|Nikhil Shetty
DEMO-20260822-01721,Bengaluru Urban,Bengaluru Urban Demo Zone 1,Theft,4,12.976945,77.576111,2026-08-10T11:23:09,Synthetic demo record: theft reported in Bengaluru Urban.,Rekha Shetty|Saleem Shetty|Rohit Shetty
DEMO-20260822-01722,Ballari,Ballari Demo Zone 2,Burglary,5,15.13541,76.893945,2026-08-21T02:32:09,Synthetic demo record: burglary reported in Ballari.,Priya Gowda
DEMO-20260822-01723,Chamarajanagar,Chamarajanagar Demo Zone 1,Dispute,2,11.936728,76.92948,2026-08-10T02:57:09,Synthetic demo record: dispute reported in Chamarajanagar.,Mahesh Sharma|Naveen Sharma
DEMO-20260822-01724,Dakshina Kannada,Dakshina Kannada Demo Zone 3,Vandalism,2,12.931486,74.876455,2026-06-12T13:05:09,Synthetic demo record: vandalism reported in Dakshina Kannada.,Mahesh Kumar|Arjun Patil|Irfan Patil
DEMO-20260822-01725,Ramanagara,Ramanagara Demo Zone 2,Fraud,4,12.735695,77.274264,2026-07-16T06:32:09,Synthetic demo record: fraud reported in Ramanagara.,Ganesh Kumar|Rohit Kumar
DEMO-20260822-01726,Bagalkote,Bagalkote Demo Zone 1,Chain Snatching,6,16.199678,75.661946,2026-08-10T00:07:09,Synthetic demo record: chain snatching reported in Bagalkote.,Mohan Gowda
DEMO-20260822-01727,Mysuru,Mysuru Demo Zone 3,Dispute,3,12.289932,76.648659,2026-07-05T17:20:09,Synthetic demo record: dispute reported in Mysuru.,Anil Patil
DEMO-20260822-01728,Chitradurga,Chitradurga Demo Zone 1,Theft,3,14.236083,76.401322,2026-07-05T14:47:09,Synthetic demo record: theft reported in Chitradurga.,Kavitha Rao|Suresh Patil
DEMO-20260822-01729,Ballari,Ballari Demo Zone 2,Chain Snatching,8,15.135553,76.909285,2026-08-14T09:29:09,Synthetic demo record: chain snatching reported in Ballari.,Rekha Gowda|Saleem Gowda
DEMO-20260822-01730,Uttara Kannada,Uttara Kannada Demo Zone 1,Fraud,4,14.821395,74.114476,2026-07-03T01:35:09,Synthetic demo record: fraud reported in Uttara Kannada.,Naveen Shetty|Suresh Shetty
DEMO-20260822-01731,Ramanagara,Ramanagara Demo Zone 1,Burglary,7,12.747104,77.28345,2026-06-16T18:12:09,Synthetic demo record: burglary reported in Ramanagara.,Srinivas Kumar
DEMO-20260822-01732,Kalaburagi,Kalaburagi Demo Zone 4,Theft,3,17.303456,76.85879,2026-06-18T14:16:09,Synthetic demo record: theft reported in Kalaburagi.,Pooja Shetty
DEMO-20260822-01733,Chikkaballapur,Chikkaballapur Demo Zone 2,Fraud,5,13.451162,77.738231,2026-05-24T15:10:09,Synthetic demo record: fraud reported in Chikkaballapur.,Rohit Sharma
DEMO-20260822-01734,Hassan,Hassan Demo Zone 3,Vandalism,3,13.025071,76.087328,2026-07-07T10:22:09,Synthetic demo record: vandalism reported in Hassan.,Kiran Reddy
DEMO-20260822-01735,Mandya,Mandya Demo Zone 1,Dispute,2,12.537565,76.926526,2026-07-10T19:29:09,Synthetic demo record: dispute reported in Mandya.,Saleem Rao|Prakash Rao
DEMO-20260822-01736,Ballari,Ballari Demo Zone 1,Theft,3,15.114905,76.924504,2026-07-10T07:56:09,Synthetic demo record: theft reported in Ballari.,Vijay Reddy|Rekha Gowda
DEMO-20260822-01737,Haveri,Haveri Demo Zone 1,Burglary,5,14.80604,75.378689,2026-07-04T10:56:09,Synthetic demo record: burglary reported in Haveri.,Anil Shetty
DEMO-20260822-01738,Udupi,Udupi Demo Zone 3,Vandalism,2,13.325368,74.713654,2026-07-30T14:58:09,Synthetic demo record: vandalism reported in Udupi.,Imran Reddy|Srinivas Reddy|Kavitha Reddy
DEMO-20260822-01739,Kolar,Kolar Demo Zone 3,Burglary,6,13.131083,78.099459,2026-07-10T18:40:09,Synthetic demo record: burglary reported in Kolar.,Rajesh Sharma|Kavitha Nair
DEMO-20260822-01740,Davanagere,Davanagere Demo Zone 3,Robbery,7,14.48993,75.91435,2026-05-29T21:16:09,Synthetic demo record: robbery reported in Davanagere.,Arjun Kumar|Harish Kumar|Rohit Kumar
DEMO-20260822-01741,Koppal,Koppal Demo Zone 1,Burglary,7,15.369927,76.166492,2026-06-30T01:41:09,Synthetic demo record: burglary reported in Koppal.,Mahesh Rao|Saleem Sharma
DEMO-20260822-01742,Kodagu,Kodagu Demo Zone 1,Dispute,4,12.385875,75.720278,2026-07-11T08:16:09,Synthetic demo record: dispute reported in Kodagu.,Deepak Nair|Harish Nair
DEMO-20260822-01743,Kalaburagi,Kalaburagi Demo Zone 4,Theft,5,17.32153,76.824732,2026-06-28T03:53:09,Synthetic demo record: theft reported in Kalaburagi.,Kavitha Shetty|Meena Shetty
DEMO-20260822-01744,Yadgir,Yadgir Demo Zone 4,Vandalism,1,16.745908,77.120833,2026-08-01T13:13:09,Synthetic demo record: vandalism reported in Yadgir.,Manoj Sharma
DEMO-20260822-01745,Kalaburagi,Kalaburagi Demo Zone 4,Fraud,4,17.347037,76.857858,2026-07-19T09:43:09,Synthetic demo record: fraud reported in Kalaburagi.,Kavitha Shetty
DEMO-20260822-01746,Chamarajanagar,Chamarajanagar Demo Zone 3,Robbery,8,11.940635,76.925338,2026-08-01T18:29:09,Synthetic demo record: robbery reported in Chamarajanagar.,Srinivas Sharma|Prakash Sharma
DEMO-20260822-01747,Davanagere,Davanagere Demo Zone 3,Theft,3,14.488468,75.904883,2026-06-15T18:59:09,Synthetic demo record: theft reported in Davanagere.,Ramesh Kumar|Pradeep Kumar
DEMO-20260822-01748,Udupi,Udupi Demo Zone 1,Robbery,8,13.337931,74.721702,2026-07-31T06:29:09,Synthetic demo record: robbery reported in Udupi.,Irfan Reddy|Ashok Reddy
DEMO-20260822-01749,Chitradurga,Chitradurga Demo Zone 4,Fraud,5,14.207515,76.41477,2026-07-23T07:35:09,Synthetic demo record: fraud reported in Chitradurga.,Priya Rao|Ravi Patil|Deepak Patil
DEMO-20260822-01750,Chikkamagaluru,Chikkamagaluru Demo Zone 4,Fraud,6,13.337168,75.758967,2026-08-13T07:02:09,Synthetic demo record: fraud reported in Chikkamagaluru.,Manoj Rao|Pradeep Rao|Mohan Rao
DEMO-20260822-01751,Dakshina Kannada,Dakshina Kannada Demo Zone 1,Dispute,3,12.886076,74.834616,2026-06-20T18:46:09,Synthetic demo record: dispute reported in Dakshina Kannada.,Meena Patil|Kiran Patil|Ashok Patil
DEMO-20260822-01752,Shivamogga,Shivamogga Demo Zone 3,Burglary,5,13.939451,75.562982,2026-06-13T22:58:09,Synthetic demo record: burglary reported in Shivamogga.,Harish Gowda|Mohan Gowda
DEMO-20260822-01753,Kalaburagi,Kalaburagi Demo Zone 4,Chain Snatching,7,17.313662,76.809976,2026-07-20T07:26:09,Synthetic demo record: chain snatching reported in Kalaburagi.,Vijay Nair|Rekha Shetty
DEMO-20260822-01754,Kodagu,Kodagu Demo Zone 2,Burglary,5,12.427578,75.753577,2026-08-14T16:29:09,Synthetic demo record: burglary reported in Kodagu.,Srinivas Nair
DEMO-20260822-01755,Yadgir,Yadgir Demo Zone 2,Theft,5,16.763254,77.181147,2026-08-15T08:49:09,Synthetic demo record: theft reported in Yadgir.,Anil Sharma
DEMO-20260822-01756,Udupi,Udupi Demo Zone 4,Robbery,7,13.313597,74.764383,2026-08-21T18:24:09,Synthetic demo record: robbery reported in Udupi.,Kavitha Reddy|Rekha Reddy
DEMO-20260822-01757,Kalaburagi,Kalaburagi Demo Zone 4,Burglary,6,17.347303,76.851865,2026-08-02T06:34:09,Synthetic demo record: burglary reported in Kalaburagi.,Anil Nair
DEMO-20260822-01758,Uttara Kannada,Uttara Kannada Demo Zone 3,Burglary,7,14.781042,74.09559,2026-07-11T12:44:09,Synthetic demo record: burglary reported in Uttara Kannada.,Pooja Reddy
DEMO-20260822-01759,Mandya,Mandya Demo Zone 4,Fraud,6,12.538112,76.914142,2026-06-07T05:07:09,Synthetic demo record: fraud reported in Mandya.,Manoj Rao|Prakash Rao|Nikhil Rao
DEMO-20260822-01760,Hassan,Hassan Demo Zone 2,Fraud,5,12.998265,76.107799,2026-06-27T02:39:09,Synthetic demo record: fraud reported in Hassan.,Saleem Reddy|Harish Reddy
DEMO-20260822-01761,Ballari,Ballari Demo Zone 4,Assault,7,15.1359,76.913984,2026-06-27T03:16:09,Synthetic demo record: assault reported in Ballari.,Rekha Gowda|Suresh Reddy
DEMO-20260822-01762,Mysuru,Mysuru Demo Zone 4,Burglary,6,12.287156,76.649479,2026-07-23T00:20:09,Synthetic demo record: burglary reported in Mysuru.,Priya Rao|Srinivas Patil
DEMO-20260822-01763,Davanagere,Davanagere Demo Zone 4,Assault,7,14.485774,75.896991,2026-06-27T16:55:09,Synthetic demo record: assault reported in Davanagere.,Arjun Kumar
DEMO-20260822-01764,Chikkamagaluru,Chikkamagaluru Demo Zone 4,Assault,8,13.287637,75.767345,2026-07-31T00:39:09,Synthetic demo record: assault reported in Chikkamagaluru.,Srinivas Rao|Ashok Rao
DEMO-20260822-01765,Dharwad,Dharwad Demo Zone 3,Assault,6,15.479788,74.985415,2026-05-28T19:59:09,Synthetic demo record: assault reported in Dharwad.,Mohan Gowda|Santosh Gowda|Pradeep Gowda
DEMO-20260822-01766,Haveri,Haveri Demo Zone 4,Theft,3,14.80964,75.377032,2026-08-14T05:38:09,Synthetic demo record: theft reported in Haveri.,Pooja Reddy|Deepak Shetty
DEMO-20260822-01767,Kalaburagi,Kalaburagi Demo Zone 1,Theft,5,17.317652,76.81079,2026-06-15T01:55:09,Synthetic demo record: theft reported in Kalaburagi.,Ganesh Nair|Suresh Nair
DEMO-20260822-01768,Chikkaballapur,Chikkaballapur Demo Zone 3,Theft,5,13.449892,77.73673,2026-07-31T21:21:09,Synthetic demo record: theft reported in Chikkaballapur.,Kiran Sharma
DEMO-20260822-01769,Uttara Kannada,Uttara Kannada Demo Zone 4,Theft,5,14.841457,74.148178,2026-05-28T04:04:09,Synthetic demo record: theft reported in Uttara Kannada.,Ganesh Shetty
DEMO-20260822-01770,Dharwad,Dharwad Demo Zone 2,Chain Snatching,8,15.427098,75.024537,2026-07-13T03:47:09,Synthetic demo record: chain snatching reported in Dharwad.,Naveen Gowda|Kiran Gowda|Deepak Gowda
DEMO-20260822-01771,Vijayapura,Vijayapura Demo Zone 2,Assault,8,16.829938,75.711305,2026-06-21T07:52:09,Synthetic demo record: assault reported in Vijayapura.,Rekha Shetty|Rohit Shetty
DEMO-20260822-01772,Shivamogga,Shivamogga Demo Zone 4,Chain Snatching,7,13.96023,75.576965,2026-07-09T23:17:09,Synthetic demo record: chain snatching reported in Shivamogga.,Manoj Gowda|Harish Gowda
DEMO-20260822-01773,Haveri,Haveri Demo Zone 1,Theft,4,14.776432,75.42118,2026-08-15T03:29:09,Synthetic demo record: theft reported in Haveri.,Santosh Shetty|Naveen Shetty|Kiran Shetty
DEMO-20260822-01774,Udupi,Udupi Demo Zone 1,Assault,6,13.320643,74.714864,2026-08-01T16:54:09,Synthetic demo record: assault reported in Udupi.,Santosh Reddy
DEMO-20260822-01775,Belagavi,Belagavi Demo Zone 4,Dispute,4,15.887923,74.537853,2026-07-20T22:21:09,Synthetic demo record: dispute reported in Belagavi.,Kavitha Reddy
DEMO-20260822-01776,Dakshina Kannada,Dakshina Kannada Demo Zone 4,Theft,5,12.924592,74.847443,2026-07-09T14:03:09,Synthetic demo record: theft reported in Dakshina Kannada.,Pooja Patil|Imran Patil
DEMO-20260822-01777,Mysuru,Mysuru Demo Zone 1,Robbery,8,12.292011,76.646923,2026-07-22T03:23:09,Synthetic demo record: robbery reported in Mysuru.,Santosh Patil
DEMO-20260822-01778,Bagalkote,Bagalkote Demo Zone 2,Assault,6,16.196423,75.65562,2026-05-26T10:48:09,Synthetic demo record: assault reported in Bagalkote.,Ashok Gowda|Santosh Gowda
DEMO-20260822-01779,Ballari,Ballari Demo Zone 2,Dispute,3,15.14166,76.90156,2026-07-08T03:33:09,Synthetic demo record: dispute reported in Ballari.,Mahesh Reddy|Saleem Gowda
DEMO-20260822-01780,Koppal,Koppal Demo Zone 2,Assault,6,15.363268,76.175887,2026-06-20T04:28:09,Synthetic demo record: assault reported in Koppal.,Irfan Sharma|Kiran Sharma|Priya Sharma
DEMO-20260822-01781,Kalaburagi,Kalaburagi Demo Zone 3,Dispute,4,17.346195,76.857148,2026-08-03T22:59:09,Synthetic demo record: dispute reported in Kalaburagi.,Nikhil Shetty
DEMO-20260822-01782,Chamarajanagar,Chamarajanagar Demo Zone 3,Burglary,6,11.938171,76.928435,2026-06-26T17:44:09,Synthetic demo record: burglary reported in Chamarajanagar.,Harish Sharma|Prakash Sharma
DEMO-20260822-01783,Chikkaballapur,Chikkaballapur Demo Zone 1,Theft,5,13.419454,77.720248,2026-06-20T21:15:09,Synthetic demo record: theft reported in Chikkaballapur.,Farhan Sharma|Irfan Sharma|Suresh Rao
DEMO-20260822-01784,Hassan,Hassan Demo Zone 2,Theft,3,12.989908,76.097669,2026-06-12T08:29:09,Synthetic demo record: theft reported in Hassan.,Imran Reddy
DEMO-20260822-01785,Belagavi,Belagavi Demo Zone 4,Assault,6,15.846942,74.512126,2026-08-09T05:44:09,Synthetic demo record: assault reported in Belagavi.,Mohan Reddy
DEMO-20260822-01786,Haveri,Haveri Demo Zone 3,Theft,4,14.823205,75.389838,2026-08-18T23:31:09,Synthetic demo record: theft reported in Haveri.,Mohan Shetty
DEMO-20260822-01787,Davanagere,Davanagere Demo Zone 3,Theft,5,14.481908,75.952572,2026-07-14T13:03:09,Synthetic demo record: theft reported in Davanagere.,Naveen Kumar|Santosh Kumar
DEMO-20260822-01788,Chitradurga,Chitradurga Demo Zone 1,Dispute,3,14.189838,76.41711,2026-07-19T19:39:09,Synthetic demo record: dispute reported in Chitradurga.,Srinivas Patil
DEMO-20260822-01789,Bidar,Bidar Demo Zone 4,Theft,5,17.92409,77.524301,2026-07-19T16:52:09,Synthetic demo record: theft reported in Bidar.,Harish Nair|Imran Nair
DEMO-20260822-01790,Dakshina Kannada,Dakshina Kannada Demo Zone 2,Dispute,2,12.93787,74.829644,2026-06-17T08:07:09,Synthetic demo record: dispute reported in Dakshina Kannada.,Ashok Patil|Meena Patil
DEMO-20260822-01791,Haveri,Haveri Demo Zone 2,Vandalism,2,14.810654,75.37431,2026-08-06T02:50:09,Synthetic demo record: vandalism reported in Haveri.,Naveen Shetty|Rajesh Shetty
DEMO-20260822-01792,Chitradurga,Chitradurga Demo Zone 4,Theft,4,14.228504,76.379553,2026-08-06T08:06:09,Synthetic demo record: theft reported in Chitradurga.,Srinivas Patil|Irfan Rao
DEMO-20260822-01793,Ramanagara,Ramanagara Demo Zone 2,Assault,8,12.730134,77.254188,2026-07-11T09:24:09,Synthetic demo record: assault reported in Ramanagara.,Imran Kumar|Santosh Kumar
DEMO-20260822-01794,Chikkamagaluru,Chikkamagaluru Demo Zone 4,Robbery,7,13.301988,75.767821,2026-07-24T21:54:09,Synthetic demo record: robbery reported in Chikkamagaluru.,Pradeep Rao|Manoj Rao|Mohan Rao
DEMO-20260822-01795,Mandya,Mandya Demo Zone 2,Robbery,7,12.533821,76.894669,2026-06-24T11:23:09,Synthetic demo record: robbery reported in Mandya.,Rajesh Rao|Harish Rao
DEMO-20260822-01796,Chikkaballapur,Chikkaballapur Demo Zone 3,Fraud,5,13.423553,77.71673,2026-06-05T23:54:09,Synthetic demo record: fraud reported in Chikkaballapur.,Mahesh Rao
DEMO-20260822-01797,Chitradurga,Chitradurga Demo Zone 4,Fraud,5,14.216367,76.382153,2026-07-10T00:27:09,Synthetic demo record: fraud reported in Chitradurga.,Meena Rao|Suresh Patil|Prakash Patil
DEMO-20260822-01798,Yadgir,Yadgir Demo Zone 2,Chain Snatching,7,16.774739,77.145767,2026-06-07T05:44:09,Synthetic demo record: chain snatching reported in Yadgir.,Harish Sharma|Anil Sharma
DEMO-20260822-01799,Dharwad,Dharwad Demo Zone 3,Fraud,5,15.432191,75.021808,2026-05-31T01:17:09,Synthetic demo record: fraud reported in Dharwad.,Arjun Gowda|Mohan Gowda
DEMO-20260822-01800,Raichur,Raichur Demo Zone 2,Burglary,5,16.238885,77.314816,2026-06-02T19:42:09,Synthetic demo record: burglary reported in Raichur.,Harish Patil|Kiran Patil|Farhan Patil
DEMO-20260822-01801,Shivamogga,Shivamogga Demo Zone 4,Theft,4,13.945644,75.547952,2026-06-25T08:47:09,Synthetic demo record: theft reported in Shivamogga.,Mahesh Gowda|Arjun Gowda
DEMO-20260822-01802,Raichur,Raichur Demo Zone 3,Theft,3,16.183911,77.379454,2026-05-25T19:58:09,Synthetic demo record: theft reported in Raichur.,Kiran Patil|Harish Patil|Saleem Patil
DEMO-20260822-01803,Yadgir,Yadgir Demo Zone 2,Dispute,2,16.771992,77.174993,2026-06-06T10:00:09,Synthetic demo record: dispute reported in Yadgir.,Meena Nair
DEMO-20260822-01804,Ramanagara,Ramanagara Demo Zone 1,Dispute,3,12.721854,77.268812,2026-07-17T23:36:09,Synthetic demo record: dispute reported in Ramanagara.,Rohit Kumar
DEMO-20260822-01805,Bagalkote,Bagalkote Demo Zone 1,Dispute,2,16.196102,75.665658,2026-08-15T02:44:09,Synthetic demo record: dispute reported in Bagalkote.,Mohan Gowda
DEMO-20260822-01806,Kolar,Kolar Demo Zone 2,Dispute,3,13.09626,78.134895,2026-07-16T20:12:09,Synthetic demo record: dispute reported in Kolar.,Anil Sharma|Ravi Sharma|Manoj Sharma
DEMO-20260822-01807,Udupi,Udupi Demo Zone 4,Assault,7,13.320277,74.712579,2026-06-03T16:29:09,Synthetic demo record: assault reported in Udupi.,Naveen Reddy
DEMO-20260822-01808,Dakshina Kannada,Dakshina Kannada Demo Zone 1,Dispute,4,12.892764,74.83491,2026-07-19T23:53:09,Synthetic demo record: dispute reported in Dakshina Kannada.,Arjun Patil|Farhan Patil|Saleem Patil
DEMO-20260822-01809,Koppal,Koppal Demo Zone 4,Vandalism,3,15.366126,76.172015,2026-08-16T09:38:09,Synthetic demo record: vandalism reported in Koppal.,Ganesh Rao
DEMO-20260822-01810,Ramanagara,Ramanagara Demo Zone 4,Chain Snatching,8,12.746471,77.288044,2026-06-30T09:58:09,Synthetic demo record: chain snatching reported in Ramanagara.,Rajesh Kumar|Imran Kumar
DEMO-20260822-01811,Chitradurga,Chitradurga Demo Zone 4,Assault,6,14.211282,76.385925,2026-08-15T20:53:09,Synthetic demo record: assault reported in Chitradurga.,Suresh Patil|Ramesh Patil
DEMO-20260822-01812,Vijayapura,Vijayapura Demo Zone 4,Vandalism,1,16.837978,75.705144,2026-08-02T12:56:09,Synthetic demo record: vandalism reported in Vijayapura.,Suresh Nair
DEMO-20260822-01813,Belagavi,Belagavi Demo Zone 3,Burglary,7,15.82178,74.475365,2026-07-29T06:59:09,Synthetic demo record: burglary reported in Belagavi.,Rohit Reddy
DEMO-20260822-01814,Chikkaballapur,Chikkaballapur Demo Zone 1,Fraud,5,13.394234,77.774614,2026-06-02T17:04:09,Synthetic demo record: fraud reported in Chikkaballapur.,Kiran Sharma|Rekha Sharma|Nikhil Sharma
DEMO-20260822-01815,Haveri,Haveri Demo Zone 3,Dispute,4,14.808172,75.37765,2026-08-06T03:12:09,Synthetic demo record: dispute reported in Haveri.,Mohan Shetty|Ashok Shetty
DEMO-20260822-01816,Uttara Kannada,Uttara Kannada Demo Zone 3,Chain Snatching,7,14.83972,74.15025,2026-06-10T12:41:09,Synthetic demo record: chain snatching reported in Uttara Kannada.,Naveen Shetty|Suresh Shetty
DEMO-20260822-01817,Belagavi,Belagavi Demo Zone 3,Theft,4,15.840367,74.510641,2026-06-15T00:15:09,Synthetic demo record: theft reported in Belagavi.,Priya Reddy|Ashok Reddy
DEMO-20260822-01818,Haveri,Haveri Demo Zone 4,Vandalism,2,14.773021,75.42365,2026-07-30T10:18:09,Synthetic demo record: vandalism reported in Haveri.,Ashok Shetty|Prakash Shetty
DEMO-20260822-01819,Vijayapura,Vijayapura Demo Zone 4,Assault,8,16.833935,75.713266,2026-08-05T09:34:09,Synthetic demo record: assault reported in Vijayapura.,Irfan Shetty
DEMO-20260822-01820,Ballari,Ballari Demo Zone 4,Dispute,2,15.133098,76.900594,2026-06-04T00:37:09,Synthetic demo record: dispute reported in Ballari.,Pooja Gowda
DEMO-20260822-01821,Bengaluru Urban,Bengaluru Urban Demo Zone 2,Dispute,2,13.013827,77.599951,2026-07-16T09:29:09,Synthetic demo record: dispute reported in Bengaluru Urban.,Farhan Shetty
DEMO-20260822-01822,Tumakuru,Tumakuru Demo Zone 1,Theft,3,13.307219,77.102459,2026-08-11T13:16:09,Synthetic demo record: theft reported in Tumakuru.,Kavitha Gowda|Ravi Reddy|Pooja Gowda
DEMO-20260822-01823,Gadag,Gadag Demo Zone 3,Burglary,5,15.421684,75.613458,2026-07-26T17:26:09,Synthetic demo record: burglary reported in Gadag.,Deepak Reddy|Irfan Gowda
DEMO-20260822-01824,Kodagu,Kodagu Demo Zone 2,Assault,8,12.421486,75.723958,2026-06-17T23:21:09,Synthetic demo record: assault reported in Kodagu.,Arjun Nair|Ashok Nair
DEMO-20260822-01825,Tumakuru,Tumakuru Demo Zone 4,Fraud,4,13.306537,77.104563,2026-07-18T05:38:09,Synthetic demo record: fraud reported in Tumakuru.,Farhan Gowda
DEMO-20260822-01826,Uttara Kannada,Uttara Kannada Demo Zone 3,Assault,8,14.821625,74.113894,2026-07-20T03:02:09,Synthetic demo record: assault reported in Uttara Kannada.,Anil Shetty|Ganesh Shetty|Manoj Shetty
DEMO-20260822-01827,Dakshina Kannada,Dakshina Kannada Demo Zone 1,Dispute,3,12.875355,74.860781,2026-06-10T09:30:09,Synthetic demo record: dispute reported in Dakshina Kannada.,Arjun Patil|Harish Patil
DEMO-20260822-01828,Chamarajanagar,Chamarajanagar Demo Zone 1,Assault,7,11.935205,76.925827,2026-06-21T08:22:09,Synthetic demo record: assault reported in Chamarajanagar.,Santosh Sharma
DEMO-20260822-01829,Chikkaballapur,Chikkaballapur Demo Zone 4,Fraud,5,13.448078,77.73522,2026-06-11T04:00:09,Synthetic demo record: fraud reported in Chikkaballapur.,Rohit Sharma
DEMO-20260822-01830,Dharwad,Dharwad Demo Zone 1,Assault,7,15.483271,74.986987,2026-05-28T09:11:09,Synthetic demo record: assault reported in Dharwad.,Arjun Gowda|Harish Gowda|Manoj Gowda
DEMO-20260822-01831,Udupi,Udupi Demo Zone 1,Burglary,5,13.347851,74.754275,2026-07-26T03:13:09,Synthetic demo record: burglary reported in Udupi.,Ashok Reddy
DEMO-20260822-01832,Davanagere,Davanagere Demo Zone 1,Vandalism,2,14.489147,75.904421,2026-08-16T17:53:09,Synthetic demo record: vandalism reported in Davanagere.,Santosh Kumar|Ganesh Kumar
DEMO-20260822-01833,Belagavi,Belagavi Demo Zone 3,Theft,3,15.844027,74.508253,2026-08-01T15:50:09,Synthetic demo record: theft reported in Belagavi.,Prakash Reddy|Arjun Reddy|Santosh Reddy
DEMO-20260822-01834,Ramanagara,Ramanagara Demo Zone 3,Theft,4,12.696784,77.255665,2026-06-17T18:49:09,Synthetic demo record: theft reported in Ramanagara.,Ramesh Kumar|Pradeep Kumar|Santosh Kumar
DEMO-20260822-01835,Haveri,Haveri Demo Zone 4,Assault,7,14.789806,75.376689,2026-06-13T09:18:09,Synthetic demo record: assault reported in Haveri.,Kiran Shetty
DEMO-20260822-01836,Koppal,Koppal Demo Zone 2,Dispute,3,15.363657,76.171799,2026-05-24T15:16:09,Synthetic demo record: dispute reported in Koppal.,Pradeep Sharma|Nikhil Sharma
DEMO-20260822-01837,Koppal,Koppal Demo Zone 2,Theft,3,15.366484,76.169869,2026-07-18T06:07:09,Synthetic demo record: theft reported in Koppal.,Ashok Sharma|Arjun Sharma|Ganesh Rao
DEMO-20260822-01838,Hassan,Hassan Demo Zone 1,Assault,7,12.984718,76.101783,2026-08-17T10:15:09,Synthetic demo record: assault reported in Hassan.,Naveen Reddy
DEMO-20260822-01839,Bengaluru Urban,Bengaluru Urban Demo Zone 2,Vandalism,3,12.974257,77.580869,2026-07-19T21:16:09,Synthetic demo record: vandalism reported in Bengaluru Urban.,Rohit Shetty|Meena Shetty
DEMO-20260822-01840,Yadgir,Yadgir Demo Zone 3,Dispute,2,16.774696,77.146545,2026-06-10T09:00:09,Synthetic demo record: dispute reported in Yadgir.,Meena Nair|Vijay Sharma|Kavitha Nair
DEMO-20260822-01841,Chitradurga,Chitradurga Demo Zone 2,Theft,4,14.211238,76.385048,2026-08-21T16:16:09,Synthetic demo record: theft reported in Chitradurga.,Naveen Patil|Rekha Rao
DEMO-20260822-01842,Gadag,Gadag Demo Zone 2,Vandalism,1,15.424707,75.604196,2026-07-15T11:25:09,Synthetic demo record: vandalism reported in Gadag.,Farhan Gowda|Ganesh Reddy|Meena Gowda
DEMO-20260822-01843,Bengaluru Urban,Bengaluru Urban Demo Zone 1,Dispute,3,12.95879,77.59498,2026-06-12T17:53:09,Synthetic demo record: dispute reported in Bengaluru Urban.,Rajesh Nair|Vijay Nair
DEMO-20260822-01844,Bengaluru Rural,Bengaluru Rural Demo Zone 3,Dispute,2,13.288653,77.615344,2026-06-27T17:42:09,Synthetic demo record: dispute reported in Bengaluru Rural.,Naveen Shetty|Deepak Shetty
DEMO-20260822-01845,Shivamogga,Shivamogga Demo Zone 1,Burglary,5,13.897748,75.577154,2026-06-18T05:25:09,Synthetic demo record: burglary reported in Shivamogga.,Suresh Gowda
DEMO-20260822-01846,Chikkaballapur,Chikkaballapur Demo Zone 3,Chain Snatching,6,13.418467,77.720195,2026-07-09T14:13:09,Synthetic demo record: chain snatching reported in Chikkaballapur.,Meena Sharma|Suresh Rao
DEMO-20260822-01847,Gadag,Gadag Demo Zone 1,Vandalism,3,15.418186,75.618206,2026-05-31T22:18:09,Synthetic demo record: vandalism reported in Gadag.,Suresh Reddy
DEMO-20260822-01848,Vijayapura,Vijayapura Demo Zone 2,Dispute,3,16.834582,75.712988,2026-06-04T10:15:09,Synthetic demo record: dispute reported in Vijayapura.,Vijay Nair|Priya Shetty|Meena Shetty
DEMO-20260822-01849,Davanagere,Davanagere Demo Zone 4,Assault,7,14.489772,75.899978,2026-06-07T02:10:09,Synthetic demo record: assault reported in Davanagere.,Pradeep Kumar|Ashok Kumar
DEMO-20260822-01850,Bengaluru Rural,Bengaluru Rural Demo Zone 4,Theft,5,13.312657,77.605903,2026-07-31T10:56:09,Synthetic demo record: theft reported in Bengaluru Rural.,Vijay Shetty
DEMO-20260822-01851,Uttara Kannada,Uttara Kannada Demo Zone 4,Dispute,4,14.827431,74.116895,2026-06-14T03:07:09,Synthetic demo record: dispute reported in Uttara Kannada.,Deepak Shetty|Mohan Shetty
DEMO-20260822-01852,Mysuru,Mysuru Demo Zone 4,Theft,3,12.279688,76.613622,2026-07-16T21:57:09,Synthetic demo record: theft reported in Mysuru.,Irfan Rao|Mahesh Patil
DEMO-20260822-01853,Bengaluru Rural,Bengaluru Rural Demo Zone 4,Theft,3,13.290344,77.579873,2026-07-14T17:58:09,Synthetic demo record: theft reported in Bengaluru Rural.,Mohan Shetty
DEMO-20260822-01854,Udupi,Udupi Demo Zone 1,Vandalism,1,13.33554,74.774382,2026-07-11T12:15:09,Synthetic demo record: vandalism reported in Udupi.,Santosh Reddy|Mohan Reddy
DEMO-20260822-01855,Chikkaballapur,Chikkaballapur Demo Zone 2,Vandalism,3,13.45014,77.710846,2026-07-09T15:23:09,Synthetic demo record: vandalism reported in Chikkaballapur.,Kavitha Sharma|Arjun Sharma
DEMO-20260822-01856,Vijayanagara,Vijayanagara Demo Zone 1,Burglary,7,15.363724,76.455767,2026-07-12T11:45:09,Synthetic demo record: burglary reported in Vijayanagara.,Rohit Nair|Farhan Nair
DEMO-20260822-01857,Chikkamagaluru,Chikkamagaluru Demo Zone 1,Assault,8,13.349859,75.760344,2026-06-03T03:59:09,Synthetic demo record: assault reported in Chikkamagaluru.,Mohan Rao
DEMO-20260822-01858,Bengaluru Urban,Bengaluru Urban Demo Zone 1,Chain Snatching,6,12.97428,77.576293,2026-06-07T22:21:09,Synthetic demo record: chain snatching reported in Bengaluru Urban.,Mahesh Nair|Pooja Shetty
DEMO-20260822-01859,Uttara Kannada,Uttara Kannada Demo Zone 2,Theft,5,14.846669,74.152126,2026-07-23T23:49:09,Synthetic demo record: theft reported in Uttara Kannada.,Prakash Shetty
DEMO-20260822-01860,Chamarajanagar,Chamarajanagar Demo Zone 4,Burglary,5,11.893114,76.922222,2026-06-30T18:19:09,Synthetic demo record: burglary reported in Chamarajanagar.,Rekha Nair
DEMO-20260822-01861,Chamarajanagar,Chamarajanagar Demo Zone 2,Theft,3,11.900162,76.948088,2026-06-19T23:55:09,Synthetic demo record: theft reported in Chamarajanagar.,Mahesh Sharma|Prakash Sharma
DEMO-20260822-01862,Bagalkote,Bagalkote Demo Zone 1,Burglary,5,16.196073,75.668027,2026-06-08T11:17:09,Synthetic demo record: burglary reported in Bagalkote.,Ravi Gowda|Rajesh Gowda
DEMO-20260822-01863,Bengaluru Rural,Bengaluru Rural Demo Zone 1,Vandalism,1,13.269215,77.595719,2026-05-29T00:04:09,Synthetic demo record: vandalism reported in Bengaluru Rural.,Kiran Shetty|Mohan Shetty
DEMO-20260822-01864,Tumakuru,Tumakuru Demo Zone 1,Theft,3,13.308847,77.102745,2026-08-16T09:31:09,Synthetic demo record: theft reported in Tumakuru.,Pooja Gowda|Kavitha Gowda|Imran Gowda
DEMO-20260822-01865,Hassan,Hassan Demo Zone 3,Dispute,4,12.995575,76.111881,2026-06-21T00:50:09,Synthetic demo record: dispute reported in Hassan.,Irfan Reddy|Nikhil Reddy
DEMO-20260822-01866,Hassan,Hassan Demo Zone 1,Chain Snatching,7,12.990878,76.10638,2026-08-18T17:59:09,Synthetic demo record: chain snatching reported in Hassan.,Priya Reddy|Rohit Reddy
DEMO-20260822-01867,Hassan,Hassan Demo Zone 2,Fraud,4,12.993817,76.107784,2026-05-31T10:12:09,Synthetic demo record: fraud reported in Hassan.,Harish Reddy|Santosh Reddy
DEMO-20260822-01868,Koppal,Koppal Demo Zone 3,Theft,3,15.362094,76.182529,2026-06-20T19:42:09,Synthetic demo record: theft reported in Koppal.,Priya Sharma|Farhan Sharma
DEMO-20260822-01869,Ramanagara,Ramanagara Demo Zone 1,Vandalism,2,12.751264,77.286159,2026-06-17T12:05:09,Synthetic demo record: vandalism reported in Ramanagara.,Pradeep Kumar|Mohan Kumar
DEMO-20260822-01870,Dakshina Kannada,Dakshina Kannada Demo Zone 2,Dispute,4,12.949484,74.860913,2026-08-17T08:27:09,Synthetic demo record: dispute reported in Dakshina Kannada.,Ravi Kumar
DEMO-20260822-01871,Udupi,Udupi Demo Zone 3,Robbery,8,13.341179,74.768717,2026-07-06T06:21:09,Synthetic demo record: robbery reported in Udupi.,Saleem Reddy|Irfan Reddy
DEMO-20260822-01872,Shivamogga,Shivamogga Demo Zone 4,Assault,7,13.898708,75.580073,2026-07-30T12:09:09,Synthetic demo record: assault reported in Shivamogga.,Mahesh Gowda|Anil Gowda
DEMO-20260822-01873,Vijayanagara,Vijayanagara Demo Zone 2,Burglary,5,15.316583,76.440883,2026-06-19T08:48:09,Synthetic demo record: burglary reported in Vijayanagara.,Srinivas Nair|Naveen Nair
DEMO-20260822-01874,Gadag,Gadag Demo Zone 1,Fraud,5,15.454957,75.663188,2026-06-13T14:53:09,Synthetic demo record: fraud reported in Gadag.,Mahesh Reddy|Rajesh Reddy
DEMO-20260822-01875,Kolar,Kolar Demo Zone 2,Theft,4,13.122974,78.10713,2026-07-15T05:19:09,Synthetic demo record: theft reported in Kolar.,Santosh Sharma
DEMO-20260822-01876,Kodagu,Kodagu Demo Zone 4,Dispute,4,12.403153,75.749304,2026-05-27T03:34:09,Synthetic demo record: dispute reported in Kodagu.,Deepak Nair
DEMO-20260822-01877,Kolar,Kolar Demo Zone 4,Assault,8,13.127832,78.100055,2026-05-31T04:02:09,Synthetic demo record: assault reported in Kolar.,Prakash Sharma|Harish Sharma
DEMO-20260822-01878,Dakshina Kannada,Dakshina Kannada Demo Zone 4,Fraud,6,12.883745,74.835094,2026-06-08T07:52:09,Synthetic demo record: fraud reported in Dakshina Kannada.,Pooja Patil|Kiran Patil|Kavitha Patil
DEMO-20260822-01879,Uttara Kannada,Uttara Kannada Demo Zone 3,Dispute,3,14.849662,74.155272,2026-08-17T06:56:09,Synthetic demo record: dispute reported in Uttara Kannada.,Suresh Shetty|Manoj Shetty
DEMO-20260822-01880,Raichur,Raichur Demo Zone 1,Dispute,4,16.21667,77.338334,2026-06-25T07:44:09,Synthetic demo record: dispute reported in Raichur.,Harish Patil
DEMO-20260822-01881,Bengaluru Rural,Bengaluru Rural Demo Zone 1,Assault,6,13.268041,77.592043,2026-07-05T19:11:09,Synthetic demo record: assault reported in Bengaluru Rural.,Ravi Shetty|Vijay Shetty
DEMO-20260822-01882,Udupi,Udupi Demo Zone 1,Burglary,6,13.311049,74.758409,2026-06-23T18:29:09,Synthetic demo record: burglary reported in Udupi.,Kavitha Reddy|Santosh Reddy
DEMO-20260822-01883,Uttara Kannada,Uttara Kannada Demo Zone 1,Dispute,4,14.833758,74.121748,2026-07-13T16:32:09,Synthetic demo record: dispute reported in Uttara Kannada.,Deepak Shetty|Suresh Shetty
DEMO-20260822-01884,Ballari,Ballari Demo Zone 1,Burglary,6,15.136889,76.912443,2026-07-26T07:36:09,Synthetic demo record: burglary reported in Ballari.,Farhan Gowda|Suresh Reddy
DEMO-20260822-01885,Koppal,Koppal Demo Zone 4,Robbery,7,15.370977,76.169641,2026-08-15T11:46:09,Synthetic demo record: robbery reported in Koppal.,Mahesh Rao|Rohit Sharma
DEMO-20260822-01886,Dharwad,Dharwad Demo Zone 3,Fraud,5,15.431934,75.022315,2026-06-05T08:29:09,Synthetic demo record: fraud reported in Dharwad.,Suresh Gowda|Arjun Gowda
DEMO-20260822-01887,Kolar,Kolar Demo Zone 4,Robbery,7,13.127554,78.099047,2026-06-12T16:31:09,Synthetic demo record: robbery reported in Kolar.,Manoj Sharma|Suresh Sharma|Santosh Sharma
DEMO-20260822-01888,Uttara Kannada,Uttara Kannada Demo Zone 1,Assault,7,14.85206,74.15646,2026-07-07T07:32:09,Synthetic demo record: assault reported in Uttara Kannada.,Srinivas Shetty|Santosh Shetty
DEMO-20260822-01889,Kodagu,Kodagu Demo Zone 2,Vandalism,3,12.451702,75.723176,2026-07-11T00:48:09,Synthetic demo record: vandalism reported in Kodagu.,Harish Nair|Naveen Nair
DEMO-20260822-01890,Chikkamagaluru,Chikkamagaluru Demo Zone 4,Theft,3,13.285764,75.788902,2026-07-30T07:50:09,Synthetic demo record: theft reported in Chikkamagaluru.,Mohan Rao|Pradeep Rao
DEMO-20260822-01891,Ballari,Ballari Demo Zone 4,Dispute,3,15.115664,76.920717,2026-07-17T00:53:09,Synthetic demo record: dispute reported in Ballari.,Meena Gowda|Rajesh Reddy
DEMO-20260822-01892,Chitradurga,Chitradurga Demo Zone 1,Assault,7,14.207901,76.416346,2026-06-07T16:00:09,Synthetic demo record: assault reported in Chitradurga.,Srinivas Patil
DEMO-20260822-01893,Bidar,Bidar Demo Zone 1,Burglary,5,17.930409,77.52504,2026-07-10T21:07:09,Synthetic demo record: burglary reported in Bidar.,Prakash Nair|Irfan Nair|Kiran Nair
DEMO-20260822-01894,Gadag,Gadag Demo Zone 3,Dispute,2,15.418147,75.614053,2026-06-09T17:22:09,Synthetic demo record: dispute reported in Gadag.,Nikhil Gowda|Farhan Gowda|Meena Gowda
DEMO-20260822-01895,Bagalkote,Bagalkote Demo Zone 3,Theft,4,16.203948,75.666305,2026-07-31T15:48:09,Synthetic demo record: theft reported in Bagalkote.,Ganesh Gowda
DEMO-20260822-01896,Tumakuru,Tumakuru Demo Zone 2,Chain Snatching,6,13.308026,77.101582,2026-08-14T13:05:09,Synthetic demo record: chain snatching reported in Tumakuru.,Rekha Gowda
DEMO-20260822-01897,Haveri,Haveri Demo Zone 3,Vandalism,1,14.775486,75.418139,2026-07-31T15:56:09,Synthetic demo record: vandalism reported in Haveri.,Ashok Shetty
DEMO-20260822-01898,Koppal,Koppal Demo Zone 3,Theft,4,15.321967,76.140721,2026-07-12T19:35:09,Synthetic demo record: theft reported in Koppal.,Nikhil Sharma|Arjun Sharma
DEMO-20260822-01899,Bengaluru Rural,Bengaluru Rural Demo Zone 4,Dispute,3,13.267098,77.595524,2026-06-10T11:37:09,Synthetic demo record: dispute reported in Bengaluru Rural.,Suresh Shetty|Harish Shetty
DEMO-20260822-01900,Raichur,Raichur Demo Zone 1,Fraud,5,16.190695,77.37945,2026-08-08T05:35:09,Synthetic demo record: fraud reported in Raichur.,Pooja Patil|Imran Patil
DEMO-20260822-01901,Davanagere,Davanagere Demo Zone 1,Theft,5,14.426842,75.922978,2026-05-30T10:18:09,Synthetic demo record: theft reported in Davanagere.,Mohan Kumar|Harish Kumar
DEMO-20260822-01902,Raichur,Raichur Demo Zone 3,Chain Snatching,6,16.218125,77.336069,2026-08-16T00:28:09,Synthetic demo record: chain snatching reported in Raichur.,Ravi Kumar
DEMO-20260822-01903,Gadag,Gadag Demo Zone 3,Theft,3,15.454565,75.659857,2026-07-02T12:16:09,Synthetic demo record: theft reported in Gadag.,Ravi Reddy|Rohit Gowda
DEMO-20260822-01904,Dharwad,Dharwad Demo Zone 4,Fraud,6,15.478421,74.985365,2026-07-02T11:20:09,Synthetic demo record: fraud reported in Dharwad.,Srinivas Gowda|Arjun Gowda
DEMO-20260822-01905,Dakshina Kannada,Dakshina Kannada Demo Zone 3,Assault,8,12.920514,74.845154,2026-08-20T17:23:09,Synthetic demo record: assault reported in Dakshina Kannada.,Harish Patil
DEMO-20260822-01906,Bagalkote,Bagalkote Demo Zone 2,Burglary,5,16.194883,75.663089,2026-06-14T17:58:09,Synthetic demo record: burglary reported in Bagalkote.,Deepak Gowda|Harish Gowda|Ravi Gowda
DEMO-20260822-01907,Chamarajanagar,Chamarajanagar Demo Zone 3,Chain Snatching,6,11.931742,76.925614,2026-07-30T05:00:09,Synthetic demo record: chain snatching reported in Chamarajanagar.,Ganesh Sharma|Anil Sharma
DEMO-20260822-01908,Bidar,Bidar Demo Zone 2,Dispute,4,17.921184,77.526312,2026-06-18T07:00:09,Synthetic demo record: dispute reported in Bidar.,Irfan Nair
DEMO-20260822-01909,Hassan,Hassan Demo Zone 4,Theft,4,12.996447,76.108277,2026-05-30T03:09:09,Synthetic demo record: theft reported in Hassan.,Harish Reddy|Saleem Reddy|Nikhil Reddy
DEMO-20260822-01910,Koppal,Koppal Demo Zone 4,Theft,5,15.372758,76.138707,2026-08-02T21:44:09,Synthetic demo record: theft reported in Koppal.,Irfan Sharma|Kiran Sharma|Anil Rao
DEMO-20260822-01911,Belagavi,Belagavi Demo Zone 4,Dispute,3,15.824585,74.477311,2026-08-19T13:55:09,Synthetic demo record: dispute reported in Belagavi.,Rekha Reddy
DEMO-20260822-01912,Kalaburagi,Kalaburagi Demo Zone 2,Dispute,2,17.295327,76.815653,2026-06-12T20:57:09,Synthetic demo record: dispute reported in Kalaburagi.,Vijay Nair|Imran Shetty|Kavitha Shetty
DEMO-20260822-01913,Shivamogga,Shivamogga Demo Zone 4,Burglary,7,13.946744,75.59673,2026-07-17T13:07:09,Synthetic demo record: burglary reported in Shivamogga.,Vijay Gowda|Arjun Gowda|Harish Gowda
DEMO-20260822-01914,Chikkamagaluru,Chikkamagaluru Demo Zone 2,Theft,3,13.296369,75.735245,2026-08-02T02:00:09,Synthetic demo record: theft reported in Chikkamagaluru.,Naveen Rao|Prakash Rao
DEMO-20260822-01915,Bagalkote,Bagalkote Demo Zone 2,Burglary,5,16.198851,75.656437,2026-06-27T05:54:09,Synthetic demo record: burglary reported in Bagalkote.,Ganesh Gowda|Vijay Gowda
DEMO-20260822-01916,Vijayanagara,Vijayanagara Demo Zone 1,Dispute,3,15.319472,76.458223,2026-07-25T17:01:09,Synthetic demo record: dispute reported in Vijayanagara.,Ramesh Nair
DEMO-20260822-01917,Bengaluru Urban,Bengaluru Urban Demo Zone 4,Theft,3,12.966875,77.59121,2026-08-21T09:40:09,Synthetic demo record: theft reported in Bengaluru Urban.,Rekha Shetty|Rohit Shetty|Pradeep Shetty
DEMO-20260822-01918,Bengaluru Rural,Bengaluru Rural Demo Zone 4,Theft,3,13.268939,77.59529,2026-06-06T02:55:09,Synthetic demo record: theft reported in Bengaluru Rural.,Kiran Shetty|Rajesh Shetty
DEMO-20260822-01919,Ballari,Ballari Demo Zone 4,Fraud,4,15.146231,76.900294,2026-05-29T07:59:09,Synthetic demo record: fraud reported in Ballari.,Saleem Gowda|Farhan Gowda
DEMO-20260822-01920,Ramanagara,Ramanagara Demo Zone 3,Robbery,8,12.765547,77.267236,2026-06-04T11:06:09,Synthetic demo record: robbery reported in Ramanagara.,Arjun Kumar|Ashok Kumar
DEMO-20260822-01921,Davanagere,Davanagere Demo Zone 3,Dispute,3,14.507905,75.953859,2026-06-01T01:17:09,Synthetic demo record: dispute reported in Davanagere.,Pradeep Kumar|Prakash Kumar
DEMO-20260822-01922,Bengaluru Urban,Bengaluru Urban Demo Zone 2,Dispute,4,12.956961,77.567818,2026-08-13T12:51:09,Synthetic demo record: dispute reported in Bengaluru Urban.,Priya Shetty|Anil Nair
DEMO-20260822-01923,Bagalkote,Bagalkote Demo Zone 1,Assault,7,16.199253,75.667354,2026-06-08T13:59:09,Synthetic demo record: assault reported in Bagalkote.,Harish Gowda|Suresh Gowda
DEMO-20260822-01924,Kodagu,Kodagu Demo Zone 1,Fraud,6,12.426641,75.721085,2026-05-26T15:21:09,Synthetic demo record: fraud reported in Kodagu.,Manoj Nair|Santosh Nair
DEMO-20260822-01925,Hassan,Hassan Demo Zone 1,Theft,5,13.004757,76.118983,2026-06-14T23:46:09,Synthetic demo record: theft reported in Hassan.,Ashok Reddy|Saleem Reddy
DEMO-20260822-01926,Dharwad,Dharwad Demo Zone 1,Dispute,4,15.448649,74.988528,2026-07-29T04:26:09,Synthetic demo record: dispute reported in Dharwad.,Ramesh Gowda
DEMO-20260822-01927,Bengaluru Rural,Bengaluru Rural Demo Zone 1,Fraud,4,13.289097,77.583668,2026-06-09T22:49:09,Synthetic demo record: fraud reported in Bengaluru Rural.,Naveen Shetty
DEMO-20260822-01928,Kolar,Kolar Demo Zone 2,Dispute,2,13.146726,78.144026,2026-08-03T21:52:09,Synthetic demo record: dispute reported in Kolar.,Suresh Sharma
DEMO-20260822-01929,Uttara Kannada,Uttara Kannada Demo Zone 4,Fraud,6,14.843766,74.154295,2026-08-01T12:49:09,Synthetic demo record: fraud reported in Uttara Kannada.,Srinivas Shetty
DEMO-20260822-01930,Dakshina Kannada,Dakshina Kannada Demo Zone 4,Chain Snatching,8,12.887958,74.830318,2026-08-21T00:48:09,Synthetic demo record: chain snatching reported in Dakshina Kannada.,Imran Patil|Mahesh Kumar
DEMO-20260822-01931,Udupi,Udupi Demo Zone 2,Assault,7,13.328803,74.744097,2026-07-13T18:16:09,Synthetic demo record: assault reported in Udupi.,Ashok Reddy
DEMO-20260822-01932,Mysuru,Mysuru Demo Zone 2,Assault,6,12.286508,76.645003,2026-06-30T07:38:09,Synthetic demo record: assault reported in Mysuru.,Irfan Rao|Ganesh Patil|Pooja Rao
DEMO-20260822-01933,Tumakuru,Tumakuru Demo Zone 3,Burglary,5,13.333271,77.068296,2026-07-06T15:09:09,Synthetic demo record: burglary reported in Tumakuru.,Ravi Reddy|Anil Reddy|Priya Gowda
DEMO-20260822-01934,Tumakuru,Tumakuru Demo Zone 3,Fraud,6,13.310941,77.105908,2026-08-22T03:22:09,Synthetic demo record: fraud reported in Tumakuru.,Mahesh Reddy
DEMO-20260822-01935,Bidar,Bidar Demo Zone 3,Fraud,6,17.926754,77.542699,2026-08-02T20:15:09,Synthetic demo record: fraud reported in Bidar.,Arjun Nair
DEMO-20260822-01936,Dharwad,Dharwad Demo Zone 3,Theft,3,15.474682,75.001324,2026-06-04T00:59:09,Synthetic demo record: theft reported in Dharwad.,Rajesh Gowda|Mahesh Gowda|Ravi Gowda
DEMO-20260822-01937,Bengaluru Urban,Bengaluru Urban Demo Zone 3,Theft,5,12.968347,77.586578,2026-05-25T10:48:09,Synthetic demo record: theft reported in Bengaluru Urban.,Pradeep Shetty
DEMO-20260822-01938,Belagavi,Belagavi Demo Zone 1,Fraud,6,15.821481,74.507402,2026-08-17T20:53:09,Synthetic demo record: fraud reported in Belagavi.,Prakash Reddy
DEMO-20260822-01939,Mysuru,Mysuru Demo Zone 4,Assault,8,12.28264,76.613563,2026-08-01T14:57:09,Synthetic demo record: assault reported in Mysuru.,Meena Rao|Pooja Rao
DEMO-20260822-01940,Belagavi,Belagavi Demo Zone 2,Burglary,5,15.84418,74.511168,2026-07-30T00:14:09,Synthetic demo record: burglary reported in Belagavi.,Nikhil Reddy|Pradeep Reddy
DEMO-20260822-01941,Ballari,Ballari Demo Zone 4,Theft,5,15.133551,76.897097,2026-07-24T05:03:09,Synthetic demo record: theft reported in Ballari.,Mahesh Reddy
DEMO-20260822-01942,Haveri,Haveri Demo Zone 4,Dispute,4,14.808607,75.405466,2026-06-24T12:44:09,Synthetic demo record: dispute reported in Haveri.,Kiran Shetty|Anil Shetty
DEMO-20260822-01943,Ramanagara,Ramanagara Demo Zone 3,Burglary,6,12.698935,77.255378,2026-06-19T05:39:09,Synthetic demo record: burglary reported in Ramanagara.,Rajesh Kumar|Manoj Kumar
DEMO-20260822-01944,Vijayanagara,Vijayanagara Demo Zone 1,Theft,4,15.312873,76.440851,2026-07-27T01:16:09,Synthetic demo record: theft reported in Vijayanagara.,Saleem Nair
DEMO-20260822-01945,Hassan,Hassan Demo Zone 2,Burglary,6,12.984401,76.099232,2026-07-28T07:40:09,Synthetic demo record: burglary reported in Hassan.,Saleem Reddy|Kavitha Reddy
DEMO-20260822-01946,Mandya,Mandya Demo Zone 1,Fraud,6,12.529421,76.917138,2026-06-05T17:29:09,Synthetic demo record: fraud reported in Mandya.,Nikhil Rao|Ramesh Rao|Farhan Rao
DEMO-20260822-01947,Bagalkote,Bagalkote Demo Zone 4,Theft,3,16.197115,75.65968,2026-07-31T15:58:09,Synthetic demo record: theft reported in Bagalkote.,Naveen Gowda
DEMO-20260822-01948,Mysuru,Mysuru Demo Zone 2,Dispute,4,12.303226,76.637677,2026-08-06T00:29:09,Synthetic demo record: dispute reported in Mysuru.,Ravi Patil
DEMO-20260822-01949,Mandya,Mandya Demo Zone 3,Robbery,9,12.515101,76.880043,2026-07-24T14:04:09,Synthetic demo record: robbery reported in Mandya.,Mohan Rao|Srinivas Rao
DEMO-20260822-01950,Chikkamagaluru,Chikkamagaluru Demo Zone 1,Dispute,3,13.298993,75.752288,2026-06-15T18:32:09,Synthetic demo record: dispute reported in Chikkamagaluru.,Nikhil Rao|Ramesh Rao
DEMO-20260822-01951,Vijayanagara,Vijayanagara Demo Zone 2,Dispute,2,15.313723,76.452356,2026-07-04T07:06:09,Synthetic demo record: dispute reported in Vijayanagara.,Nikhil Nair|Ashok Nair|Prakash Nair
DEMO-20260822-01952,Vijayapura,Vijayapura Demo Zone 2,Fraud,6,16.811868,75.707337,2026-07-28T10:39:09,Synthetic demo record: fraud reported in Vijayapura.,Pooja Shetty|Imran Shetty|Rekha Shetty
DEMO-20260822-01953,Hassan,Hassan Demo Zone 4,Vandalism,2,13.00226,76.117066,2026-07-18T22:45:09,Synthetic demo record: vandalism reported in Hassan.,Nikhil Reddy|Prakash Reddy|Kavitha Reddy
DEMO-20260822-01954,Dakshina Kannada,Dakshina Kannada Demo Zone 3,Chain Snatching,8,12.884277,74.832469,2026-05-29T10:33:09,Synthetic demo record: chain snatching reported in Dakshina Kannada.,Rekha Patil
DEMO-20260822-01955,Vijayanagara,Vijayanagara Demo Zone 4,Theft,3,15.35699,76.455058,2026-06-19T23:52:09,Synthetic demo record: theft reported in Vijayanagara.,Arjun Nair|Nikhil Nair
DEMO-20260822-01956,Chamarajanagar,Chamarajanagar Demo Zone 2,Fraud,5,11.903198,76.948938,2026-07-08T20:31:09,Synthetic demo record: fraud reported in Chamarajanagar.,Mahesh Sharma|Ramesh Sharma
DEMO-20260822-01957,Ballari,Ballari Demo Zone 1,Theft,4,15.137867,76.90712,2026-06-25T16:06:09,Synthetic demo record: theft reported in Ballari.,Suresh Reddy|Vijay Reddy|Rekha Gowda
DEMO-20260822-01958,Kodagu,Kodagu Demo Zone 1,Dispute,3,12.453855,75.700434,2026-08-08T10:56:09,Synthetic demo record: dispute reported in Kodagu.,Nikhil Nair|Srinivas Nair
DEMO-20260822-01959,Hassan,Hassan Demo Zone 3,Dispute,4,12.996635,76.105604,2026-08-01T18:13:09,Synthetic demo record: dispute reported in Hassan.,Srinivas Reddy|Naveen Reddy|Ashok Reddy
DEMO-20260822-01960,Ramanagara,Ramanagara Demo Zone 2,Theft,4,12.732677,77.277876,2026-06-15T05:41:09,Synthetic demo record: theft reported in Ramanagara.,Harish Kumar|Anil Kumar|Kiran Kumar
DEMO-20260822-01961,Chikkaballapur,Chikkaballapur Demo Zone 4,Theft,3,13.450752,77.73081,2026-05-26T09:21:09,Synthetic demo record: theft reported in Chikkaballapur.,Suresh Rao|Kavitha Sharma
DEMO-20260822-01962,Belagavi,Belagavi Demo Zone 2,Theft,5,15.822687,74.469419,2026-08-03T04:59:09,Synthetic demo record: theft reported in Belagavi.,Kiran Reddy|Prakash Reddy
DEMO-20260822-01963,Yadgir,Yadgir Demo Zone 3,Burglary,7,16.74687,77.121292,2026-07-06T14:55:09,Synthetic demo record: burglary reported in Yadgir.,Manoj Sharma|Santosh Sharma
DEMO-20260822-01964,Chamarajanagar,Chamarajanagar Demo Zone 1,Burglary,5,11.937134,76.933194,2026-06-21T21:19:09,Synthetic demo record: burglary reported in Chamarajanagar.,Deepak Sharma|Naveen Sharma
DEMO-20260822-01965,Hassan,Hassan Demo Zone 1,Dispute,4,12.967185,76.089078,2026-07-03T21:51:09,Synthetic demo record: dispute reported in Hassan.,Naveen Reddy
DEMO-20260822-01966,Vijayanagara,Vijayanagara Demo Zone 1,Assault,7,15.314974,76.454209,2026-06-28T10:22:09,Synthetic demo record: assault reported in Vijayanagara.,Santosh Nair|Kiran Nair|Arjun Nair
DEMO-20260822-01967,Tumakuru,Tumakuru Demo Zone 2,Vandalism,1,13.307892,77.100204,2026-08-12T11:45:09,Synthetic demo record: vandalism reported in Tumakuru.,Rajesh Reddy|Suresh Reddy|Rekha Gowda
DEMO-20260822-01968,Ramanagara,Ramanagara Demo Zone 2,Robbery,7,12.689442,77.321465,2026-07-25T10:21:09,Synthetic demo record: robbery reported in Ramanagara.,Santosh Kumar|Harish Kumar|Ramesh Kumar
DEMO-20260822-01969,Mysuru,Mysuru Demo Zone 2,Vandalism,2,12.283859,76.616338,2026-07-03T22:53:09,Synthetic demo record: vandalism reported in Mysuru.,Srinivas Patil|Mahesh Patil|Vijay Patil
DEMO-20260822-01970,Kolar,Kolar Demo Zone 4,Dispute,2,13.164714,78.091063,2026-07-15T02:30:09,Synthetic demo record: dispute reported in Kolar.,Ganesh Sharma
DEMO-20260822-01971,Yadgir,Yadgir Demo Zone 4,Assault,8,16.776882,77.14669,2026-08-20T10:57:09,Synthetic demo record: assault reported in Yadgir.,Vijay Sharma|Naveen Sharma|Suresh Sharma
DEMO-20260822-01972,Vijayanagara,Vijayanagara Demo Zone 4,Burglary,7,15.316723,76.439184,2026-08-03T09:45:09,Synthetic demo record: burglary reported in Vijayanagara.,Ashok Nair
DEMO-20260822-01973,Mysuru,Mysuru Demo Zone 3,Theft,5,12.268447,76.639876,2026-08-08T05:49:09,Synthetic demo record: theft reported in Mysuru.,Ganesh Patil|Vijay Patil
DEMO-20260822-01974,Raichur,Raichur Demo Zone 3,Fraud,4,16.232147,77.339392,2026-06-26T17:46:09,Synthetic demo record: fraud reported in Raichur.,Kavitha Patil
DEMO-20260822-01975,Ramanagara,Ramanagara Demo Zone 1,Robbery,8,12.732328,77.27521,2026-07-11T01:47:09,Synthetic demo record: robbery reported in Ramanagara.,Prakash Kumar
DEMO-20260822-01976,Kolar,Kolar Demo Zone 1,Vandalism,1,13.115816,78.155257,2026-07-20T01:36:09,Synthetic demo record: vandalism reported in Kolar.,Manoj Sharma|Pooja Nair
DEMO-20260822-01977,Belagavi,Belagavi Demo Zone 3,Fraud,6,15.876417,74.515269,2026-06-13T12:34:09,Synthetic demo record: fraud reported in Belagavi.,Prakash Reddy|Priya Reddy
DEMO-20260822-01978,Kalaburagi,Kalaburagi Demo Zone 4,Assault,7,17.345586,76.863345,2026-07-11T15:20:09,Synthetic demo record: assault reported in Kalaburagi.,Anil Nair
DEMO-20260822-01979,Dharwad,Dharwad Demo Zone 4,Dispute,4,15.45337,74.982162,2026-08-19T19:03:09,Synthetic demo record: dispute reported in Dharwad.,Mahesh Gowda|Pradeep Gowda
DEMO-20260822-01980,Chamarajanagar,Chamarajanagar Demo Zone 4,Fraud,6,11.94453,76.952973,2026-06-20T06:36:09,Synthetic demo record: fraud reported in Chamarajanagar.,Anil Sharma|Santosh Sharma
DEMO-20260822-01981,Chitradurga,Chitradurga Demo Zone 1,Theft,5,14.240403,76.400814,2026-07-09T23:59:09,Synthetic demo record: theft reported in Chitradurga.,Priya Rao|Rekha Rao
DEMO-20260822-01982,Haveri,Haveri Demo Zone 2,Robbery,8,14.810571,75.380994,2026-08-22T02:39:09,Synthetic demo record: robbery reported in Haveri.,Mahesh Shetty|Rajesh Shetty
DEMO-20260822-01983,Mandya,Mandya Demo Zone 1,Theft,3,12.537485,76.919131,2026-05-26T03:00:09,Synthetic demo record: theft reported in Mandya.,Imran Rao
DEMO-20260822-01984,Shivamogga,Shivamogga Demo Zone 2,Theft,4,13.901807,75.576152,2026-07-24T20:56:09,Synthetic demo record: theft reported in Shivamogga.,Mahesh Gowda|Manoj Gowda
DEMO-20260822-01985,Yadgir,Yadgir Demo Zone 1,Robbery,7,16.744659,77.121198,2026-07-29T12:15:09,Synthetic demo record: robbery reported in Yadgir.,Ramesh Sharma
DEMO-20260822-01986,Chikkamagaluru,Chikkamagaluru Demo Zone 4,Dispute,2,13.344131,75.771964,2026-06-28T22:55:09,Synthetic demo record: dispute reported in Chikkamagaluru.,Rajesh Rao|Harish Rao|Kiran Rao
DEMO-20260822-01987,Kolar,Kolar Demo Zone 4,Assault,7,13.122026,78.104874,2026-07-27T01:42:09,Synthetic demo record: assault reported in Kolar.,Meena Nair
DEMO-20260822-01988,Chitradurga,Chitradurga Demo Zone 1,Fraud,6,14.203811,76.418092,2026-06-17T14:05:09,Synthetic demo record: fraud reported in Chitradurga.,Srinivas Patil
DEMO-20260822-01989,Koppal,Koppal Demo Zone 4,Dispute,3,15.363612,76.172831,2026-08-09T18:58:09,Synthetic demo record: dispute reported in Koppal.,Suresh Rao|Arjun Sharma
DEMO-20260822-01990,Chitradurga,Chitradurga Demo Zone 3,Dispute,2,14.212647,76.357235,2026-05-25T06:57:09,Synthetic demo record: dispute reported in Chitradurga.,Irfan Rao
DEMO-20260822-01991,Mandya,Mandya Demo Zone 1,Assault,7,12.495295,76.938764,2026-07-07T05:20:09,Synthetic demo record: assault reported in Mandya.,Deepak Rao|Harish Rao
DEMO-20260822-01992,Chikkaballapur,Chikkaballapur Demo Zone 1,Assault,6,13.451255,77.712363,2026-06-29T17:15:09,Synthetic demo record: assault reported in Chikkaballapur.,Anil Rao
DEMO-20260822-01993,Chamarajanagar,Chamarajanagar Demo Zone 4,Dispute,3,11.902455,76.959539,2026-06-20T08:30:09,Synthetic demo record: dispute reported in Chamarajanagar.,Rajesh Sharma
DEMO-20260822-01994,Udupi,Udupi Demo Zone 1,Vandalism,2,13.379534,74.772783,2026-07-24T23:01:09,Synthetic demo record: vandalism reported in Udupi.,Srinivas Reddy|Pradeep Reddy|Ramesh Reddy
DEMO-20260822-01995,Chikkamagaluru,Chikkamagaluru Demo Zone 3,Fraud,6,13.312044,75.756619,2026-06-27T01:22:09,Synthetic demo record: fraud reported in Chikkamagaluru.,Kiran Rao|Ashok Rao|Santosh Rao
DEMO-20260822-01996,Ballari,Ballari Demo Zone 3,Assault,8,15.135495,76.910984,2026-07-10T02:03:09,Synthetic demo record: assault reported in Ballari.,Suresh Reddy
DEMO-20260822-01997,Bidar,Bidar Demo Zone 3,Theft,5,17.931511,77.519829,2026-08-10T00:16:09,Synthetic demo record: theft reported in Bidar.,Priya Nair
DEMO-20260822-01998,Ballari,Ballari Demo Zone 4,Robbery,7,15.127175,76.935718,2026-08-07T15:30:09,Synthetic demo record: robbery reported in Ballari.,Anil Reddy|Rajesh Reddy|Ganesh Reddy
DEMO-20260822-01999,Shivamogga,Shivamogga Demo Zone 1,Theft,5,13.940699,75.569797,2026-07-13T06:27:09,Synthetic demo record: theft reported in Shivamogga.,Deepak Gowda|Ravi Gowda
DEMO-20260822-02000,Udupi,Udupi Demo Zone 1,Theft,3,13.338928,74.773141,2026-07-03T07:25:09,Synthetic demo record: theft reported in Udupi.,Srinivas Reddy|Ashok Reddy
DEMO-20260822-02001,Kodagu,Kodagu Demo Zone 4,Fraud,5,12.428236,75.747924,2026-07-03T16:22:09,Synthetic demo record: fraud reported in Kodagu.,Arjun Nair
DEMO-20260822-02002,Chamarajanagar,Chamarajanagar Demo Zone 2,Chain Snatching,8,11.932183,76.927801,2026-07-14T01:29:09,Synthetic demo record: chain snatching reported in Chamarajanagar.,Manoj Sharma
DEMO-20260822-02003,Bagalkote,Bagalkote Demo Zone 3,Burglary,5,16.197995,75.663099,2026-08-14T00:53:09,Synthetic demo record: burglary reported in Bagalkote.,Prakash Gowda|Ravi Gowda|Mohan Gowda
DEMO-20260822-02004,Chitradurga,Chitradurga Demo Zone 4,Dispute,3,14.21467,76.383961,2026-06-13T17:00:09,Synthetic demo record: dispute reported in Chitradurga.,Priya Rao
DEMO-20260822-02005,Yadgir,Yadgir Demo Zone 3,Assault,6,16.770804,77.126189,2026-07-20T11:15:09,Synthetic demo record: assault reported in Yadgir.,Ganesh Sharma|Mahesh Sharma|Meena Nair
DEMO-20260822-02006,Vijayapura,Vijayapura Demo Zone 4,Burglary,7,16.800706,75.685337,2026-06-18T09:44:09,Synthetic demo record: burglary reported in Vijayapura.,Imran Shetty|Ravi Nair
DEMO-20260822-02007,Ramanagara,Ramanagara Demo Zone 4,Dispute,2,12.698538,77.248227,2026-07-16T02:21:09,Synthetic demo record: dispute reported in Ramanagara.,Naveen Kumar|Ramesh Kumar
DEMO-20260822-02008,Chitradurga,Chitradurga Demo Zone 3,Assault,7,14.213286,76.379953,2026-08-07T03:11:09,Synthetic demo record: assault reported in Chitradurga.,Anil Patil
DEMO-20260822-02009,Chikkaballapur,Chikkaballapur Demo Zone 1,Assault,7,13.419251,77.716925,2026-08-12T20:04:09,Synthetic demo record: assault reported in Chikkaballapur.,Ganesh Rao|Arjun Sharma
DEMO-20260822-02010,Kalaburagi,Kalaburagi Demo Zone 4,Chain Snatching,7,17.309102,76.862096,2026-08-14T10:50:09,Synthetic demo record: chain snatching reported in Kalaburagi.,Mahesh Nair|Nikhil Shetty|Pooja Shetty
DEMO-20260822-02011,Ramanagara,Ramanagara Demo Zone 3,Fraud,4,12.761579,77.261492,2026-07-04T02:25:09,Synthetic demo record: fraud reported in Ramanagara.,Ashok Kumar|Imran Kumar|Rajesh Kumar
DEMO-20260822-02012,Kodagu,Kodagu Demo Zone 4,Burglary,6,12.427548,75.749616,2026-08-04T17:04:09,Synthetic demo record: burglary reported in Kodagu.,Naveen Nair|Priya Nair
DEMO-20260822-02013,Raichur,Raichur Demo Zone 3,Burglary,7,16.218357,77.331391,2026-08-10T08:05:09,Synthetic demo record: burglary reported in Raichur.,Meena Patil|Ravi Kumar
DEMO-20260822-02014,Bagalkote,Bagalkote Demo Zone 2,Theft,4,16.198836,75.662487,2026-08-05T09:18:09,Synthetic demo record: theft reported in Bagalkote.,Naveen Gowda|Suresh Gowda
DEMO-20260822-02015,Raichur,Raichur Demo Zone 2,Theft,5,16.215113,77.350003,2026-07-23T04:01:09,Synthetic demo record: theft reported in Raichur.,Priya Patil|Harish Patil
DEMO-20260822-02016,Tumakuru,Tumakuru Demo Zone 2,Dispute,4,13.361227,77.122497,2026-07-10T19:11:09,Synthetic demo record: dispute reported in Tumakuru.,Nikhil Gowda
DEMO-20260822-02017,Bidar,Bidar Demo Zone 1,Burglary,7,17.926279,77.527376,2026-08-12T02:24:09,Synthetic demo record: burglary reported in Bidar.,Manoj Nair|Arjun Nair|Naveen Nair
DEMO-20260822-02018,Gadag,Gadag Demo Zone 4,Dispute,2,15.46585,75.62002,2026-07-02T21:26:09,Synthetic demo record: dispute reported in Gadag.,Rajesh Reddy|Nikhil Gowda|Deepak Reddy
DEMO-20260822-02019,Belagavi,Belagavi Demo Zone 1,Theft,5,15.806946,74.519142,2026-08-19T13:06:09,Synthetic demo record: theft reported in Belagavi.,Pradeep Reddy
DEMO-20260822-02020,Vijayanagara,Vijayanagara Demo Zone 4,Theft,4,15.357533,76.454674,2026-06-23T12:54:09,Synthetic demo record: theft reported in Vijayanagara.,Santosh Nair|Irfan Nair|Saleem Nair
DEMO-20260822-02021,Hassan,Hassan Demo Zone 4,Theft,5,12.994949,76.109865,2026-07-21T19:11:09,Synthetic demo record: theft reported in Hassan.,Srinivas Reddy|Prakash Reddy
DEMO-20260822-02022,Davanagere,Davanagere Demo Zone 2,Burglary,5,14.495923,75.916629,2026-06-11T00:38:09,Synthetic demo record: burglary reported in Davanagere.,Rajesh Kumar|Arjun Kumar
DEMO-20260822-02023,Bengaluru Rural,Bengaluru Rural Demo Zone 1,Theft,4,13.293274,77.645668,2026-08-06T01:54:09,Synthetic demo record: theft reported in Bengaluru Rural.,Kiran Shetty
DEMO-20260822-02024,Vijayapura,Vijayapura Demo Zone 3,Dispute,3,16.796186,75.706195,2026-08-18T23:03:09,Synthetic demo record: dispute reported in Vijayapura.,Priya Shetty|Vijay Nair
DEMO-20260822-02025,Raichur,Raichur Demo Zone 4,Theft,5,16.228767,77.341113,2026-07-27T20:43:09,Synthetic demo record: theft reported in Raichur.,Mohan Patil|Suresh Kumar
DEMO-20260822-02026,Kalaburagi,Kalaburagi Demo Zone 3,Fraud,6,17.342722,76.856034,2026-06-10T20:02:09,Synthetic demo record: fraud reported in Kalaburagi.,Irfan Shetty
DEMO-20260822-02027,Kalaburagi,Kalaburagi Demo Zone 1,Theft,3,17.309116,76.853807,2026-08-13T12:07:09,Synthetic demo record: theft reported in Kalaburagi.,Rajesh Nair|Nikhil Shetty
DEMO-20260822-02028,Shivamogga,Shivamogga Demo Zone 4,Fraud,5,13.937802,75.544559,2026-07-21T08:51:09,Synthetic demo record: fraud reported in Shivamogga.,Mahesh Gowda|Anil Gowda
DEMO-20260822-02029,Gadag,Gadag Demo Zone 4,Dispute,4,15.419179,75.621872,2026-07-29T15:28:09,Synthetic demo record: dispute reported in Gadag.,Rekha Gowda|Irfan Gowda
DEMO-20260822-02030,Ramanagara,Ramanagara Demo Zone 4,Fraud,5,12.736296,77.273823,2026-08-06T18:21:09,Synthetic demo record: fraud reported in Ramanagara.,Ramesh Kumar|Harish Kumar
DEMO-20260822-02031,Chamarajanagar,Chamarajanagar Demo Zone 4,Dispute,3,11.88985,76.965429,2026-06-13T16:25:09,Synthetic demo record: dispute reported in Chamarajanagar.,Rajesh Sharma|Ganesh Sharma|Suresh Sharma
DEMO-20260822-02032,Chamarajanagar,Chamarajanagar Demo Zone 1,Theft,3,11.934495,76.927871,2026-08-11T22:19:09,Synthetic demo record: theft reported in Chamarajanagar.,Harish Sharma
DEMO-20260822-02033,Chikkaballapur,Chikkaballapur Demo Zone 4,Fraud,6,13.453122,77.71326,2026-07-11T04:04:09,Synthetic demo record: fraud reported in Chikkaballapur.,Kavitha Sharma|Meena Sharma
DEMO-20260822-02034,Yadgir,Yadgir Demo Zone 3,Theft,5,16.786274,77.16052,2026-07-23T07:39:09,Synthetic demo record: theft reported in Yadgir.,Suresh Sharma|Harish Sharma|Rajesh Sharma
DEMO-20260822-02035,Haveri,Haveri Demo Zone 1,Assault,7,14.822118,75.388346,2026-06-19T21:51:09,Synthetic demo record: assault reported in Haveri.,Ravi Shetty|Santosh Shetty|Kiran Shetty
DEMO-20260822-02036,Raichur,Raichur Demo Zone 4,Theft,5,16.235867,77.318154,2026-07-19T01:26:09,Synthetic demo record: theft reported in Raichur.,Farhan Patil|Nikhil Patil
DEMO-20260822-02037,Koppal,Koppal Demo Zone 4,Theft,4,15.369883,76.162671,2026-05-28T14:32:09,Synthetic demo record: theft reported in Koppal.,Ashok Sharma|Nikhil Sharma
DEMO-20260822-02038,Yadgir,Yadgir Demo Zone 3,Chain Snatching,6,16.778028,77.146791,2026-07-12T10:10:09,Synthetic demo record: chain snatching reported in Yadgir.,Naveen Sharma|Kavitha Nair|Rekha Nair
DEMO-20260822-02039,Davanagere,Davanagere Demo Zone 1,Assault,7,14.488114,75.895131,2026-07-13T10:22:09,Synthetic demo record: assault reported in Davanagere.,Naveen Kumar|Imran Kumar
DEMO-20260822-02040,Chikkaballapur,Chikkaballapur Demo Zone 2,Vandalism,3,13.418209,77.717054,2026-06-30T07:37:09,Synthetic demo record: vandalism reported in Chikkaballapur.,Rohit Sharma
DEMO-20260822-02041,Tumakuru,Tumakuru Demo Zone 3,Assault,8,13.364314,77.121954,2026-08-15T08:47:09,Synthetic demo record: assault reported in Tumakuru.,Anil Reddy|Ganesh Reddy|Imran Gowda
DEMO-20260822-02042,Bagalkote,Bagalkote Demo Zone 4,Burglary,6,16.192318,75.65046,2026-06-24T17:55:09,Synthetic demo record: burglary reported in Bagalkote.,Harish Gowda|Arjun Gowda
DEMO-20260822-02043,Tumakuru,Tumakuru Demo Zone 1,Dispute,4,13.309058,77.102423,2026-08-08T18:14:09,Synthetic demo record: dispute reported in Tumakuru.,Vijay Reddy|Deepak Reddy
DEMO-20260822-02044,Kolar,Kolar Demo Zone 2,Dispute,2,13.152746,78.136727,2026-05-29T16:37:09,Synthetic demo record: dispute reported in Kolar.,Prakash Sharma
DEMO-20260822-02045,Chitradurga,Chitradurga Demo Zone 2,Assault,8,14.21046,76.380009,2026-06-30T16:38:09,Synthetic demo record: assault reported in Chitradurga.,Naveen Patil|Kavitha Rao
DEMO-20260822-02046,Bengaluru Rural,Bengaluru Rural Demo Zone 4,Assault,7,13.287005,77.616547,2026-06-06T09:31:09,Synthetic demo record: assault reported in Bengaluru Rural.,Kiran Shetty
DEMO-20260822-02047,Mandya,Mandya Demo Zone 1,Chain Snatching,6,12.534162,76.895635,2026-07-29T04:55:09,Synthetic demo record: chain snatching reported in Mandya.,Imran Rao
DEMO-20260822-02048,Gadag,Gadag Demo Zone 3,Theft,3,15.460702,75.625284,2026-06-19T08:10:09,Synthetic demo record: theft reported in Gadag.,Farhan Gowda|Mahesh Reddy
DEMO-20260822-02049,Ballari,Ballari Demo Zone 1,Theft,4,15.118777,76.921099,2026-08-18T07:50:09,Synthetic demo record: theft reported in Ballari.,Manoj Reddy|Priya Gowda|Irfan Gowda
DEMO-20260822-02050,Bidar,Bidar Demo Zone 2,Dispute,4,17.924055,77.542637,2026-06-07T14:41:09,Synthetic demo record: dispute reported in Bidar.,Rohit Nair|Irfan Nair
DEMO-20260822-02051,Bidar,Bidar Demo Zone 1,Burglary,5,17.92109,77.526284,2026-06-10T12:42:09,Synthetic demo record: burglary reported in Bidar.,Kiran Nair|Deepak Nair|Nikhil Nair
DEMO-20260822-02052,Bengaluru Rural,Bengaluru Rural Demo Zone 1,Assault,6,13.27143,77.580896,2026-07-16T08:10:09,Synthetic demo record: assault reported in Bengaluru Rural.,Pooja Reddy
DEMO-20260822-02053,Davanagere,Davanagere Demo Zone 2,Theft,5,14.494702,75.912619,2026-08-19T15:58:09,Synthetic demo record: theft reported in Davanagere.,Imran Kumar
DEMO-20260822-02054,Dharwad,Dharwad Demo Zone 4,Assault,7,15.456718,75.016913,2026-08-05T20:54:09,Synthetic demo record: assault reported in Dharwad.,Ashok Gowda|Anil Gowda
DEMO-20260822-02055,Dakshina Kannada,Dakshina Kannada Demo Zone 2,Vandalism,1,12.941876,74.867706,2026-06-10T11:45:09,Synthetic demo record: vandalism reported in Dakshina Kannada.,Pradeep Patil|Arjun Patil
DEMO-20260822-02056,Bagalkote,Bagalkote Demo Zone 1,Theft,5,16.201211,75.654617,2026-07-08T15:26:09,Synthetic demo record: theft reported in Bagalkote.,Mohan Gowda|Mahesh Gowda
DEMO-20260822-02057,Dharwad,Dharwad Demo Zone 4,Theft,5,15.476231,74.999506,2026-07-28T06:58:09,Synthetic demo record: theft reported in Dharwad.,Kiran Gowda|Vijay Gowda
DEMO-20260822-02058,Uttara Kannada,Uttara Kannada Demo Zone 2,Burglary,6,14.848039,74.151015,2026-07-03T18:16:09,Synthetic demo record: burglary reported in Uttara Kannada.,Pooja Reddy
DEMO-20260822-02059,Kalaburagi,Kalaburagi Demo Zone 2,Theft,4,17.305551,76.861906,2026-07-15T17:50:09,Synthetic demo record: theft reported in Kalaburagi.,Rekha Shetty
DEMO-20260822-02060,Raichur,Raichur Demo Zone 2,Vandalism,3,16.220766,77.322085,2026-06-20T14:14:09,Synthetic demo record: vandalism reported in Raichur.,Meena Patil
DEMO-20260822-02061,Mandya,Mandya Demo Zone 1,Theft,5,12.534464,76.926186,2026-08-01T04:57:09,Synthetic demo record: theft reported in Mandya.,Ashok Rao
DEMO-20260822-02062,Kodagu,Kodagu Demo Zone 2,Burglary,7,12.42579,75.743672,2026-07-10T06:46:09,Synthetic demo record: burglary reported in Kodagu.,Ashok Nair|Naveen Nair|Farhan Nair
DEMO-20260822-02063,Vijayanagara,Vijayanagara Demo Zone 4,Dispute,4,15.359648,76.452425,2026-07-31T21:24:09,Synthetic demo record: dispute reported in Vijayanagara.,Srinivas Nair|Prakash Nair
DEMO-20260822-02064,Chikkaballapur,Chikkaballapur Demo Zone 3,Theft,3,13.44938,77.735164,2026-07-12T06:50:09,Synthetic demo record: theft reported in Chikkaballapur.,Anil Rao
DEMO-20260822-02065,Mandya,Mandya Demo Zone 4,Burglary,7,12.531544,76.898854,2026-07-28T01:22:09,Synthetic demo record: burglary reported in Mandya.,Imran Rao|Arjun Rao
DEMO-20260822-02066,Mysuru,Mysuru Demo Zone 3,Dispute,2,12.256391,76.62559,2026-08-02T05:22:09,Synthetic demo record: dispute reported in Mysuru.,Srinivas Patil|Irfan Rao
DEMO-20260822-02067,Mysuru,Mysuru Demo Zone 4,Theft,4,12.287946,76.646268,2026-08-09T23:00:09,Synthetic demo record: theft reported in Mysuru.,Vijay Patil|Irfan Rao
DEMO-20260822-02068,Dharwad,Dharwad Demo Zone 3,Vandalism,3,15.429711,75.020137,2026-08-22T14:02:09,Synthetic demo record: vandalism reported in Dharwad.,Ravi Gowda|Anil Gowda
DEMO-20260822-02069,Davanagere,Davanagere Demo Zone 4,Assault,6,14.485774,75.905958,2026-06-03T01:11:09,Synthetic demo record: assault reported in Davanagere.,Mohan Kumar
DEMO-20260822-02070,Ramanagara,Ramanagara Demo Zone 1,Fraud,6,12.708759,77.251425,2026-08-10T08:12:09,Synthetic demo record: fraud reported in Ramanagara.,Santosh Kumar|Pradeep Kumar|Srinivas Kumar
DEMO-20260822-02071,Bengaluru Rural,Bengaluru Rural Demo Zone 3,Dispute,3,13.282509,77.616647,2026-07-12T13:23:09,Synthetic demo record: dispute reported in Bengaluru Rural.,Srinivas Shetty|Mohan Shetty
DEMO-20260822-02072,Ballari,Ballari Demo Zone 1,Theft,4,15.157395,76.95963,2026-07-17T04:29:09,Synthetic demo record: theft reported in Ballari.,Imran Gowda|Ganesh Reddy|Mahesh Reddy
DEMO-20260822-02073,Chitradurga,Chitradurga Demo Zone 3,Burglary,5,14.237128,76.406382,2026-07-23T17:32:09,Synthetic demo record: burglary reported in Chitradurga.,Anil Patil|Deepak Patil
DEMO-20260822-02074,Dharwad,Dharwad Demo Zone 4,Assault,6,15.429135,75.023932,2026-07-24T23:51:09,Synthetic demo record: assault reported in Dharwad.,Ganesh Gowda|Naveen Gowda|Deepak Gowda
DEMO-20260822-02075,Bengaluru Urban,Bengaluru Urban Demo Zone 3,Robbery,8,12.964549,77.592308,2026-07-06T22:48:09,Synthetic demo record: robbery reported in Bengaluru Urban.,Priya Shetty|Arjun Shetty|Rajesh Nair
DEMO-20260822-02076,Gadag,Gadag Demo Zone 2,Theft,4,15.456663,75.65901,2026-08-11T17:56:09,Synthetic demo record: theft reported in Gadag.,Irfan Gowda
DEMO-20260822-02077,Koppal,Koppal Demo Zone 1,Assault,8,15.370255,76.163433,2026-06-08T18:16:09,Synthetic demo record: assault reported in Koppal.,Rekha Sharma
DEMO-20260822-02078,Kalaburagi,Kalaburagi Demo Zone 2,Robbery,9,17.345608,76.850705,2026-08-10T11:06:09,Synthetic demo record: robbery reported in Kalaburagi.,Kavitha Shetty|Mahesh Nair|Meena Shetty
DEMO-20260822-02079,Dakshina Kannada,Dakshina Kannada Demo Zone 1,Burglary,6,12.896497,74.834965,2026-07-13T21:18:09,Synthetic demo record: burglary reported in Dakshina Kannada.,Mohan Patil
DEMO-20260822-02080,Shivamogga,Shivamogga Demo Zone 1,Vandalism,3,13.943731,75.5451,2026-06-25T22:26:09,Synthetic demo record: vandalism reported in Shivamogga.,Anil Gowda|Harish Gowda
DEMO-20260822-02081,Koppal,Koppal Demo Zone 1,Assault,8,15.366543,76.174357,2026-05-29T01:16:09,Synthetic demo record: assault reported in Koppal.,Kiran Sharma|Ganesh Rao
DEMO-20260822-02082,Chamarajanagar,Chamarajanagar Demo Zone 2,Dispute,4,11.903238,76.950005,2026-08-14T03:11:09,Synthetic demo record: dispute reported in Chamarajanagar.,Vijay Sharma|Ganesh Sharma
DEMO-20260822-02083,Uttara Kannada,Uttara Kannada Demo Zone 4,Assault,8,14.845835,74.156183,2026-06-01T07:41:09,Synthetic demo record: assault reported in Uttara Kannada.,Rajesh Shetty
DEMO-20260822-02084,Chitradurga,Chitradurga Demo Zone 1,Dispute,2,14.205175,76.414913,2026-06-13T10:28:09,Synthetic demo record: dispute reported in Chitradurga.,Meena Rao
DEMO-20260822-02085,Davanagere,Davanagere Demo Zone 3,Fraud,6,14.493864,75.913921,2026-06-14T05:36:09,Synthetic demo record: fraud reported in Davanagere.,Rajesh Kumar|Santosh Kumar
DEMO-20260822-02086,Vijayapura,Vijayapura Demo Zone 3,Chain Snatching,8,16.79534,75.680751,2026-06-14T10:03:09,Synthetic demo record: chain snatching reported in Vijayapura.,Rohit Shetty
DEMO-20260822-02087,Bengaluru Urban,Bengaluru Urban Demo Zone 1,Theft,4,12.958855,77.568677,2026-06-03T20:49:09,Synthetic demo record: theft reported in Bengaluru Urban.,Irfan Shetty
DEMO-20260822-02088,Kolar,Kolar Demo Zone 2,Fraud,5,13.128442,78.100869,2026-08-12T11:12:09,Synthetic demo record: fraud reported in Kolar.,Ramesh Sharma
DEMO-20260822-02089,Bagalkote,Bagalkote Demo Zone 1,Theft,3,16.199209,75.666259,2026-06-13T19:26:09,Synthetic demo record: theft reported in Bagalkote.,Suresh Gowda|Rajesh Gowda
DEMO-20260822-02090,Yadgir,Yadgir Demo Zone 4,Assault,7,16.74382,77.179336,2026-06-18T04:51:09,Synthetic demo record: assault reported in Yadgir.,Suresh Sharma|Manoj Sharma|Prakash Sharma
DEMO-20260822-02091,Bagalkote,Bagalkote Demo Zone 4,Theft,3,16.195481,75.658771,2026-07-25T14:47:09,Synthetic demo record: theft reported in Bagalkote.,Harish Gowda
DEMO-20260822-02092,Belagavi,Belagavi Demo Zone 4,Burglary,6,15.818788,74.50533,2026-06-10T00:32:09,Synthetic demo record: burglary reported in Belagavi.,Mohan Reddy|Kiran Reddy|Rekha Reddy
DEMO-20260822-02093,Dharwad,Dharwad Demo Zone 3,Robbery,8,15.482704,74.986106,2026-06-18T19:08:09,Synthetic demo record: robbery reported in Dharwad.,Deepak Gowda
DEMO-20260822-02094,Vijayanagara,Vijayanagara Demo Zone 4,Chain Snatching,6,15.319813,76.444463,2026-08-01T06:39:09,Synthetic demo record: chain snatching reported in Vijayanagara.,Naveen Nair
DEMO-20260822-02095,Bengaluru Rural,Bengaluru Rural Demo Zone 4,Theft,4,13.268535,77.595312,2026-07-24T19:23:09,Synthetic demo record: theft reported in Bengaluru Rural.,Ganesh Shetty|Mahesh Shetty|Prakash Shetty
DEMO-20260822-02096,Haveri,Haveri Demo Zone 4,Theft,5,14.80724,75.377514,2026-06-27T12:04:09,Synthetic demo record: theft reported in Haveri.,Suresh Shetty|Harish Shetty
DEMO-20260822-02097,Bagalkote,Bagalkote Demo Zone 3,Dispute,4,16.199385,75.665828,2026-08-14T18:14:09,Synthetic demo record: dispute reported in Bagalkote.,Ravi Gowda|Harish Gowda
DEMO-20260822-02098,Hassan,Hassan Demo Zone 4,Fraud,6,13.001895,76.118122,2026-06-26T05:19:09,Synthetic demo record: fraud reported in Hassan.,Santosh Reddy
DEMO-20260822-02099,Vijayapura,Vijayapura Demo Zone 4,Theft,5,16.870074,75.733252,2026-08-01T07:08:09,Synthetic demo record: theft reported in Vijayapura.,Saleem Shetty|Farhan Shetty
DEMO-20260822-02100,Haveri,Haveri Demo Zone 2,Assault,8,14.785797,75.379285,2026-07-10T09:04:09,Synthetic demo record: assault reported in Haveri.,Ramesh Shetty|Ashok Shetty
DEMO-20260822-02101,Udupi,Udupi Demo Zone 3,Burglary,6,13.378448,74.70573,2026-08-02T19:15:09,Synthetic demo record: burglary reported in Udupi.,Kavitha Reddy
DEMO-20260822-02102,Vijayanagara,Vijayanagara Demo Zone 2,Burglary,5,15.315338,76.436607,2026-07-23T00:20:09,Synthetic demo record: burglary reported in Vijayanagara.,Irfan Nair
DEMO-20260822-02103,Chikkaballapur,Chikkaballapur Demo Zone 4,Fraud,5,13.479357,77.766165,2026-08-11T12:59:09,Synthetic demo record: fraud reported in Chikkaballapur.,Nikhil Sharma
DEMO-20260822-02104,Vijayanagara,Vijayanagara Demo Zone 3,Fraud,4,15.292802,76.447434,2026-06-06T20:23:09,Synthetic demo record: fraud reported in Vijayanagara.,Priya Nair|Mohan Nair|Naveen Nair
DEMO-20260822-02105,Chamarajanagar,Chamarajanagar Demo Zone 3,Dispute,4,11.956709,76.978213,2026-08-11T14:17:09,Synthetic demo record: dispute reported in Chamarajanagar.,Mahesh Sharma|Srinivas Sharma|Santosh Sharma
DEMO-20260822-02106,Bengaluru Urban,Bengaluru Urban Demo Zone 2,Theft,4,12.96364,77.589573,2026-06-07T10:33:09,Synthetic demo record: theft reported in Bengaluru Urban.,Pooja Shetty
DEMO-20260822-02107,Hassan,Hassan Demo Zone 2,Chain Snatching,6,12.98275,76.094921,2026-07-26T18:56:09,Synthetic demo record: chain snatching reported in Hassan.,Pradeep Reddy|Ashok Reddy|Nikhil Reddy
DEMO-20260822-02108,Ballari,Ballari Demo Zone 3,Burglary,5,15.136431,76.909549,2026-08-17T09:55:09,Synthetic demo record: burglary reported in Ballari.,Rajesh Reddy
DEMO-20260822-02109,Bengaluru Rural,Bengaluru Rural Demo Zone 4,Theft,4,13.28792,77.612242,2026-06-10T23:36:09,Synthetic demo record: theft reported in Bengaluru Rural.,Suresh Shetty
DEMO-20260822-02110,Dakshina Kannada,Dakshina Kannada Demo Zone 4,Theft,4,12.901758,74.829219,2026-07-17T23:25:09,Synthetic demo record: theft reported in Dakshina Kannada.,Rohit Patil
DEMO-20260822-02111,Ballari,Ballari Demo Zone 1,Theft,5,15.119568,76.881128,2026-07-04T15:37:09,Synthetic demo record: theft reported in Ballari.,Meena Gowda|Deepak Reddy
DEMO-20260822-02112,Chikkamagaluru,Chikkamagaluru Demo Zone 2,Robbery,8,13.293473,75.75021,2026-07-17T11:51:09,Synthetic demo record: robbery reported in Chikkamagaluru.,Vijay Rao|Srinivas Rao
DEMO-20260822-02113,Bengaluru Urban,Bengaluru Urban Demo Zone 4,Assault,8,12.963779,77.587622,2026-08-04T05:59:09,Synthetic demo record: assault reported in Bengaluru Urban.,Ravi Nair|Imran Shetty
DEMO-20260822-02114,Koppal,Koppal Demo Zone 3,Assault,8,15.365092,76.170043,2026-06-23T13:51:09,Synthetic demo record: assault reported in Koppal.,Pradeep Sharma
DEMO-20260822-02115,Chikkamagaluru,Chikkamagaluru Demo Zone 4,Fraud,6,13.341244,75.771421,2026-06-02T14:30:09,Synthetic demo record: fraud reported in Chikkamagaluru.,Arjun Rao|Prakash Rao
DEMO-20260822-02116,Bengaluru Urban,Bengaluru Urban Demo Zone 3,Burglary,6,12.955463,77.564225,2026-06-24T18:56:09,Synthetic demo record: burglary reported in Bengaluru Urban.,Rajesh Nair
DEMO-20260822-02117,Raichur,Raichur Demo Zone 1,Chain Snatching,7,16.236103,77.313819,2026-06-08T03:02:09,Synthetic demo record: chain snatching reported in Raichur.,Meena Patil
DEMO-20260822-02118,Mysuru,Mysuru Demo Zone 1,Chain Snatching,7,12.287329,76.650424,2026-06-05T13:43:09,Synthetic demo record: chain snatching reported in Mysuru.,Srinivas Patil|Ganesh Patil
DEMO-20260822-02119,Koppal,Koppal Demo Zone 3,Theft,4,15.367409,76.138643,2026-07-25T10:09:09,Synthetic demo record: theft reported in Koppal.,Imran Sharma|Arjun Sharma
DEMO-20260822-02120,Dharwad,Dharwad Demo Zone 2,Theft,3,15.451786,74.977773,2026-08-06T08:44:09,Synthetic demo record: theft reported in Dharwad.,Kiran Gowda
DEMO-20260822-02121,Hassan,Hassan Demo Zone 4,Assault,7,12.982978,76.098346,2026-08-07T09:10:09,Synthetic demo record: assault reported in Hassan.,Kavitha Reddy|Rekha Reddy
DEMO-20260822-02122,Shivamogga,Shivamogga Demo Zone 2,Theft,4,13.947513,75.593664,2026-06-07T13:53:09,Synthetic demo record: theft reported in Shivamogga.,Ganesh Gowda|Srinivas Gowda|Arjun Gowda
DEMO-20260822-02123,Chikkaballapur,Chikkaballapur Demo Zone 2,Assault,8,13.392374,77.737982,2026-08-03T23:15:09,Synthetic demo record: assault reported in Chikkaballapur.,Nikhil Sharma|Suresh Rao
DEMO-20260822-02124,Bengaluru Rural,Bengaluru Rural Demo Zone 4,Vandalism,2,13.269075,77.597561,2026-07-15T09:41:09,Synthetic demo record: vandalism reported in Bengaluru Rural.,Ramesh Shetty
DEMO-20260822-02125,Chikkamagaluru,Chikkamagaluru Demo Zone 1,Theft,3,13.333974,75.757884,2026-06-09T09:28:09,Synthetic demo record: theft reported in Chikkamagaluru.,Vijay Rao|Santosh Rao
DEMO-20260822-02126,Kolar,Kolar Demo Zone 3,Fraud,4,13.130008,78.102569,2026-07-28T12:48:09,Synthetic demo record: fraud reported in Kolar.,Meena Nair|Vijay Sharma|Rekha Nair
DEMO-20260822-02127,Bengaluru Urban,Bengaluru Urban Demo Zone 4,Burglary,7,12.946641,77.556577,2026-07-26T14:17:09,Synthetic demo record: burglary reported in Bengaluru Urban.,Suresh Nair|Farhan Shetty
DEMO-20260822-02128,Davanagere,Davanagere Demo Zone 2,Robbery,9,14.484193,75.895273,2026-06-06T14:01:09,Synthetic demo record: robbery reported in Davanagere.,Deepak Kumar|Nikhil Kumar
DEMO-20260822-02129,Davanagere,Davanagere Demo Zone 1,Vandalism,3,14.476313,75.944197,2026-07-23T17:19:09,Synthetic demo record: vandalism reported in Davanagere.,Rajesh Kumar|Kiran Kumar|Ashok Kumar
DEMO-20260822-02130,Koppal,Koppal Demo Zone 2,Chain Snatching,7,15.361929,76.175869,2026-06-13T14:56:09,Synthetic demo record: chain snatching reported in Koppal.,Kavitha Sharma
DEMO-20260822-02131,Bidar,Bidar Demo Zone 2,Theft,4,17.930931,77.520139,2026-07-12T16:15:09,Synthetic demo record: theft reported in Bidar.,Irfan Nair|Arjun Nair
DEMO-20260822-02132,Chitradurga,Chitradurga Demo Zone 1,Chain Snatching,6,14.254172,76.386252,2026-08-02T04:26:09,Synthetic demo record: chain snatching reported in Chitradurga.,Anil Patil
DEMO-20260822-02133,Bidar,Bidar Demo Zone 4,Theft,4,17.927206,77.542455,2026-05-27T22:06:09,Synthetic demo record: theft reported in Bidar.,Ashok Nair|Rohit Nair|Nikhil Nair
DEMO-20260822-02134,Chikkamagaluru,Chikkamagaluru Demo Zone 3,Theft,3,13.341789,75.7778,2026-07-12T06:16:09,Synthetic demo record: theft reported in Chikkamagaluru.,Harish Rao
DEMO-20260822-02135,Chikkaballapur,Chikkaballapur Demo Zone 4,Dispute,2,13.397234,77.691636,2026-07-19T18:02:09,Synthetic demo record: dispute reported in Chikkaballapur.,Saleem Sharma
DEMO-20260822-02136,Bidar,Bidar Demo Zone 3,Burglary,5,17.931993,77.521586,2026-08-03T02:13:09,Synthetic demo record: burglary reported in Bidar.,Pradeep Nair|Santosh Nair
DEMO-20260822-02137,Udupi,Udupi Demo Zone 2,Fraud,4,13.338893,74.720144,2026-08-19T14:56:09,Synthetic demo record: fraud reported in Udupi.,Naveen Reddy|Prakash Reddy|Farhan Reddy
DEMO-20260822-02138,Chamarajanagar,Chamarajanagar Demo Zone 2,Fraud,4,11.932614,76.929358,2026-07-07T02:28:09,Synthetic demo record: fraud reported in Chamarajanagar.,Rekha Nair|Deepak Sharma|Harish Sharma
DEMO-20260822-02139,Vijayanagara,Vijayanagara Demo Zone 4,Dispute,3,15.334667,76.444102,2026-05-29T22:11:09,Synthetic demo record: dispute reported in Vijayanagara.,Santosh Nair
DEMO-20260822-02140,Tumakuru,Tumakuru Demo Zone 1,Dispute,2,13.364058,77.123471,2026-08-19T06:06:09,Synthetic demo record: dispute reported in Tumakuru.,Rekha Gowda|Mahesh Reddy|Kavitha Gowda
DEMO-20260822-02141,Shivamogga,Shivamogga Demo Zone 4,Assault,8,13.897214,75.579686,2026-07-24T15:18:09,Synthetic demo record: assault reported in Shivamogga.,Rajesh Gowda
DEMO-20260822-02142,Kolar,Kolar Demo Zone 2,Robbery,8,13.093109,78.139335,2026-08-10T14:39:09,Synthetic demo record: robbery reported in Kolar.,Pooja Nair|Ravi Sharma
DEMO-20260822-02143,Ballari,Ballari Demo Zone 2,Dispute,3,15.142678,76.902132,2026-07-12T10:23:09,Synthetic demo record: dispute reported in Ballari.,Anil Reddy
DEMO-20260822-02144,Davanagere,Davanagere Demo Zone 3,Robbery,8,14.501673,75.899509,2026-08-12T05:13:09,Synthetic demo record: robbery reported in Davanagere.,Nikhil Kumar|Ashok Kumar|Prakash Kumar
DEMO-20260822-02145,Bagalkote,Bagalkote Demo Zone 2,Theft,5,16.196098,75.665243,2026-08-03T20:07:09,Synthetic demo record: theft reported in Bagalkote.,Harish Gowda
DEMO-20260822-02146,Mandya,Mandya Demo Zone 1,Fraud,5,12.532377,76.91911,2026-07-29T04:38:09,Synthetic demo record: fraud reported in Mandya.,Farhan Rao|Kiran Rao
DEMO-20260822-02147,Kalaburagi,Kalaburagi Demo Zone 2,Dispute,2,17.315611,76.80852,2026-06-10T20:48:09,Synthetic demo record: dispute reported in Kalaburagi.,Nikhil Shetty|Vijay Nair
DEMO-20260822-02148,Dakshina Kannada,Dakshina Kannada Demo Zone 4,Assault,7,12.890377,74.89975,2026-06-03T01:15:09,Synthetic demo record: assault reported in Dakshina Kannada.,Mahesh Kumar|Imran Patil
DEMO-20260822-02149,Belagavi,Belagavi Demo Zone 4,Fraud,5,15.818823,74.506872,2026-07-24T13:57:09,Synthetic demo record: fraud reported in Belagavi.,Ashok Reddy|Rohit Reddy
DEMO-20260822-02150,Bengaluru Rural,Bengaluru Rural Demo Zone 2,Vandalism,1,13.263082,77.596428,2026-06-09T21:01:09,Synthetic demo record: vandalism reported in Bengaluru Rural.,Vijay Shetty|Santosh Shetty
DEMO-20260822-02151,Kodagu,Kodagu Demo Zone 2,Dispute,3,12.420377,75.722552,2026-07-01T23:11:09,Synthetic demo record: dispute reported in Kodagu.,Irfan Nair|Imran Nair
DEMO-20260822-02152,Vijayapura,Vijayapura Demo Zone 4,Dispute,3,16.808316,75.707403,2026-08-05T11:25:09,Synthetic demo record: dispute reported in Vijayapura.,Mahesh Nair
DEMO-20260822-02153,Hassan,Hassan Demo Zone 2,Theft,5,12.984863,76.098312,2026-08-01T22:57:09,Synthetic demo record: theft reported in Hassan.,Ashok Reddy|Pradeep Reddy|Priya Reddy
DEMO-20260822-02154,Bidar,Bidar Demo Zone 3,Dispute,2,17.928022,77.538526,2026-05-30T12:20:09,Synthetic demo record: dispute reported in Bidar.,Ashok Nair|Prakash Nair
DEMO-20260822-02155,Chamarajanagar,Chamarajanagar Demo Zone 3,Theft,3,11.902843,76.94564,2026-06-23T22:16:09,Synthetic demo record: theft reported in Chamarajanagar.,Kavitha Nair
DEMO-20260822-02156,Chitradurga,Chitradurga Demo Zone 2,Robbery,7,14.213603,76.380544,2026-08-10T15:47:09,Synthetic demo record: robbery reported in Chitradurga.,Pooja Rao
DEMO-20260822-02157,Bagalkote,Bagalkote Demo Zone 4,Dispute,2,16.197001,75.657738,2026-07-20T11:20:09,Synthetic demo record: dispute reported in Bagalkote.,Naveen Gowda|Srinivas Gowda|Mahesh Gowda
DEMO-20260822-02158,Shivamogga,Shivamogga Demo Zone 4,Theft,3,13.941704,75.548101,2026-07-26T14:54:09,Synthetic demo record: theft reported in Shivamogga.,Srinivas Gowda
DEMO-20260822-02159,Mandya,Mandya Demo Zone 1,Theft,5,12.539363,76.916528,2026-08-02T03:13:09,Synthetic demo record: theft reported in Mandya.,Ramesh Rao|Saleem Rao
DEMO-20260822-02160,Kolar,Kolar Demo Zone 3,Theft,4,13.128513,78.10098,2026-08-04T03:53:09,Synthetic demo record: theft reported in Kolar.,Suresh Sharma|Deepak Sharma
DEMO-20260822-02161,Ramanagara,Ramanagara Demo Zone 1,Theft,3,12.748336,77.244866,2026-06-26T16:32:09,Synthetic demo record: theft reported in Ramanagara.,Ramesh Kumar|Kiran Kumar
DEMO-20260822-02162,Bidar,Bidar Demo Zone 2,Fraud,4,17.922973,77.541466,2026-06-11T03:23:09,Synthetic demo record: fraud reported in Bidar.,Ramesh Nair|Prakash Nair
DEMO-20260822-02163,Tumakuru,Tumakuru Demo Zone 3,Theft,3,13.382878,77.092126,2026-08-01T17:43:09,Synthetic demo record: theft reported in Tumakuru.,Vijay Reddy|Anil Reddy|Mahesh Reddy
DEMO-20260822-02164,Kolar,Kolar Demo Zone 2,Theft,3,13.124879,78.100756,2026-07-23T18:27:09,Synthetic demo record: theft reported in Kolar.,Ramesh Sharma
DEMO-20260822-02165,Koppal,Koppal Demo Zone 3,Robbery,7,15.365622,76.139722,2026-07-05T23:33:09,Synthetic demo record: robbery reported in Koppal.,Meena Sharma|Pooja Sharma|Nikhil Sharma
DEMO-20260822-02166,Dharwad,Dharwad Demo Zone 4,Theft,3,15.482188,74.988734,2026-08-16T06:00:09,Synthetic demo record: theft reported in Dharwad.,Srinivas Gowda|Arjun Gowda
DEMO-20260822-02167,Vijayapura,Vijayapura Demo Zone 4,Chain Snatching,8,16.802529,75.679429,2026-07-25T01:29:09,Synthetic demo record: chain snatching reported in Vijayapura.,Anil Nair
DEMO-20260822-02168,Koppal,Koppal Demo Zone 3,Chain Snatching,6,15.365378,76.137927,2026-06-05T19:25:09,Synthetic demo record: chain snatching reported in Koppal.,Ganesh Rao|Pooja Sharma
DEMO-20260822-02169,Raichur,Raichur Demo Zone 4,Fraud,4,16.215472,77.334924,2026-07-24T04:15:09,Synthetic demo record: fraud reported in Raichur.,Kiran Patil
DEMO-20260822-02170,Kodagu,Kodagu Demo Zone 3,Theft,5,12.421317,75.72029,2026-07-19T20:40:09,Synthetic demo record: theft reported in Kodagu.,Irfan Nair|Priya Nair|Arjun Nair
DEMO-20260822-02171,Chikkaballapur,Chikkaballapur Demo Zone 1,Chain Snatching,6,13.447658,77.719218,2026-06-30T11:24:09,Synthetic demo record: chain snatching reported in Chikkaballapur.,Saleem Sharma|Pooja Sharma
DEMO-20260822-02172,Bengaluru Urban,Bengaluru Urban Demo Zone 2,Burglary,7,12.957209,77.566457,2026-07-30T21:52:09,Synthetic demo record: burglary reported in Bengaluru Urban.,Imran Shetty
DEMO-20260822-02173,Ramanagara,Ramanagara Demo Zone 3,Theft,3,12.698988,77.250516,2026-06-10T12:02:09,Synthetic demo record: theft reported in Ramanagara.,Naveen Kumar
DEMO-20260822-02174,Davanagere,Davanagere Demo Zone 2,Theft,5,14.4869,75.933805,2026-06-16T18:40:09,Synthetic demo record: theft reported in Davanagere.,Harish Kumar|Imran Kumar
DEMO-20260822-02175,Chikkaballapur,Chikkaballapur Demo Zone 4,Assault,7,13.451228,77.734689,2026-07-31T18:46:09,Synthetic demo record: assault reported in Chikkaballapur.,Ravi Rao
DEMO-20260822-02176,Kalaburagi,Kalaburagi Demo Zone 2,Assault,7,17.315589,76.810927,2026-08-12T05:24:09,Synthetic demo record: assault reported in Kalaburagi.,Pooja Shetty
DEMO-20260822-02177,Bagalkote,Bagalkote Demo Zone 1,Fraud,4,16.193007,75.650345,2026-08-13T11:00:09,Synthetic demo record: fraud reported in Bagalkote.,Harish Gowda|Pradeep Gowda
DEMO-20260822-02178,Kodagu,Kodagu Demo Zone 4,Robbery,9,12.420113,75.724284,2026-08-21T03:47:09,Synthetic demo record: robbery reported in Kodagu.,Prakash Nair|Imran Nair
DEMO-20260822-02179,Chikkaballapur,Chikkaballapur Demo Zone 1,Vandalism,2,13.447274,77.712041,2026-06-26T07:44:09,Synthetic demo record: vandalism reported in Chikkaballapur.,Imran Sharma
DEMO-20260822-02180,Chikkaballapur,Chikkaballapur Demo Zone 4,Chain Snatching,7,13.423396,77.69265,2026-07-29T16:22:09,Synthetic demo record: chain snatching reported in Chikkaballapur.,Mahesh Rao|Farhan Sharma|Imran Sharma
DEMO-20260822-02181,Kalaburagi,Kalaburagi Demo Zone 4,Dispute,2,17.370618,76.825651,2026-06-23T15:31:09,Synthetic demo record: dispute reported in Kalaburagi.,Arjun Shetty|Farhan Shetty
DEMO-20260822-02182,Koppal,Koppal Demo Zone 1,Theft,3,15.36243,76.172915,2026-05-25T00:48:09,Synthetic demo record: theft reported in Koppal.,Pooja Sharma|Farhan Sharma
DEMO-20260822-02183,Kodagu,Kodagu Demo Zone 3,Theft,3,12.399288,75.725179,2026-06-09T02:39:09,Synthetic demo record: theft reported in Kodagu.,Deepak Nair|Prakash Nair
DEMO-20260822-02184,Uttara Kannada,Uttara Kannada Demo Zone 2,Chain Snatching,6,14.82452,74.112819,2026-08-20T05:09:09,Synthetic demo record: chain snatching reported in Uttara Kannada.,Santosh Shetty|Srinivas Shetty
DEMO-20260822-02185,Bagalkote,Bagalkote Demo Zone 1,Assault,8,16.200255,75.659782,2026-05-26T08:46:09,Synthetic demo record: assault reported in Bagalkote.,Arjun Gowda|Ravi Gowda|Harish Gowda
DEMO-20260822-02186,Chitradurga,Chitradurga Demo Zone 4,Dispute,3,14.238096,76.40373,2026-05-30T06:26:09,Synthetic demo record: dispute reported in Chitradurga.,Ganesh Patil|Anil Patil|Mahesh Patil
DEMO-20260822-02187,Dharwad,Dharwad Demo Zone 2,Chain Snatching,6,15.452234,74.980035,2026-08-13T09:56:09,Synthetic demo record: chain snatching reported in Dharwad.,Vijay Gowda|Ganesh Gowda|Ramesh Gowda
DEMO-20260822-02188,Davanagere,Davanagere Demo Zone 2,Vandalism,1,14.479904,75.960491,2026-07-06T15:44:09,Synthetic demo record: vandalism reported in Davanagere.,Vijay Kumar
DEMO-20260822-02189,Uttara Kannada,Uttara Kannada Demo Zone 2,Theft,3,14.820356,74.115527,2026-08-11T04:13:09,Synthetic demo record: theft reported in Uttara Kannada.,Harish Shetty|Vijay Shetty|Ravi Shetty
DEMO-20260822-02190,Yadgir,Yadgir Demo Zone 2,Theft,3,16.777438,77.147287,2026-08-06T17:37:09,Synthetic demo record: theft reported in Yadgir.,Harish Sharma|Naveen Sharma|Ramesh Sharma
DEMO-20260822-02191,Yadgir,Yadgir Demo Zone 1,Assault,7,16.778833,77.141762,2026-06-21T22:39:09,Synthetic demo record: assault reported in Yadgir.,Ravi Sharma
DEMO-20260822-02192,Uttara Kannada,Uttara Kannada Demo Zone 3,Chain Snatching,7,14.82342,74.11565,2026-08-17T23:32:09,Synthetic demo record: chain snatching reported in Uttara Kannada.,Srinivas Shetty
DEMO-20260822-02193,Yadgir,Yadgir Demo Zone 4,Burglary,7,16.777875,77.146061,2026-07-29T13:30:09,Synthetic demo record: burglary reported in Yadgir.,Ganesh Sharma|Prakash Sharma
DEMO-20260822-02194,Vijayanagara,Vijayanagara Demo Zone 1,Burglary,6,15.311873,76.440609,2026-06-12T12:29:09,Synthetic demo record: burglary reported in Vijayanagara.,Manoj Nair|Mohan Nair|Irfan Nair
DEMO-20260822-02195,Tumakuru,Tumakuru Demo Zone 2,Theft,3,13.309474,77.101253,2026-06-04T16:18:09,Synthetic demo record: theft reported in Tumakuru.,Saleem Gowda
DEMO-20260822-02196,Vijayanagara,Vijayanagara Demo Zone 3,Fraud,4,15.313425,76.443061,2026-08-08T23:32:09,Synthetic demo record: fraud reported in Vijayanagara.,Saleem Nair|Santosh Nair
DEMO-20260822-02197,Chikkaballapur,Chikkaballapur Demo Zone 2,Fraud,4,13.453931,77.712858,2026-07-13T08:43:09,Synthetic demo record: fraud reported in Chikkaballapur.,Kiran Sharma|Rohit Sharma
DEMO-20260822-02198,Ballari,Ballari Demo Zone 1,Assault,6,15.144994,76.940602,2026-06-25T12:36:09,Synthetic demo record: assault reported in Ballari.,Vijay Reddy|Ganesh Reddy
DEMO-20260822-02199,Chitradurga,Chitradurga Demo Zone 2,Robbery,8,14.198622,76.420807,2026-08-13T15:38:09,Synthetic demo record: robbery reported in Chitradurga.,Suresh Patil|Pooja Rao
DEMO-20260822-02200,Koppal,Koppal Demo Zone 4,Theft,3,15.368145,76.144556,2026-06-03T19:22:09,Synthetic demo record: theft reported in Koppal.,Rekha Sharma
DEMO-20260822-02201,Gadag,Gadag Demo Zone 4,Robbery,9,15.421311,75.620692,2026-06-28T09:00:09,Synthetic demo record: robbery reported in Gadag.,Vijay Reddy|Irfan Gowda
DEMO-20260822-02202,Chitradurga,Chitradurga Demo Zone 3,Dispute,4,14.214207,76.378668,2026-08-05T01:46:09,Synthetic demo record: dispute reported in Chitradurga.,Santosh Patil|Ganesh Patil
DEMO-20260822-02203,Kodagu,Kodagu Demo Zone 2,Fraud,4,12.434775,75.696619,2026-06-03T17:07:09,Synthetic demo record: fraud reported in Kodagu.,Ramesh Nair|Rohit Nair
DEMO-20260822-02204,Mysuru,Mysuru Demo Zone 3,Chain Snatching,7,12.309035,76.633685,2026-06-05T11:55:09,Synthetic demo record: chain snatching reported in Mysuru.,Anil Patil|Kavitha Rao
DEMO-20260822-02205,Yadgir,Yadgir Demo Zone 3,Robbery,7,16.790971,77.170209,2026-07-10T08:55:09,Synthetic demo record: robbery reported in Yadgir.,Pooja Nair|Santosh Sharma
DEMO-20260822-02206,Mandya,Mandya Demo Zone 4,Theft,5,12.532518,76.920328,2026-08-02T04:13:09,Synthetic demo record: theft reported in Mandya.,Mohan Rao|Rohit Rao
DEMO-20260822-02207,Shivamogga,Shivamogga Demo Zone 1,Theft,5,13.956333,75.606825,2026-05-30T13:52:09,Synthetic demo record: theft reported in Shivamogga.,Mohan Gowda|Ashok Gowda
DEMO-20260822-02208,Raichur,Raichur Demo Zone 3,Burglary,6,16.174953,77.389037,2026-06-28T20:21:09,Synthetic demo record: burglary reported in Raichur.,Suresh Kumar|Kiran Patil
DEMO-20260822-02209,Udupi,Udupi Demo Zone 3,Theft,5,13.315592,74.759853,2026-08-13T09:15:09,Synthetic demo record: theft reported in Udupi.,Ramesh Reddy
DEMO-20260822-02210,Bidar,Bidar Demo Zone 2,Fraud,4,17.931671,77.523249,2026-06-23T03:32:09,Synthetic demo record: fraud reported in Bidar.,Imran Nair|Santosh Nair
DEMO-20260822-02211,Mysuru,Mysuru Demo Zone 3,Dispute,4,12.281202,76.616828,2026-07-21T07:09:09,Synthetic demo record: dispute reported in Mysuru.,Ravi Patil|Kavitha Rao
DEMO-20260822-02212,Chitradurga,Chitradurga Demo Zone 1,Burglary,7,14.233855,76.404845,2026-06-06T23:26:09,Synthetic demo record: burglary reported in Chitradurga.,Ganesh Patil
DEMO-20260822-02213,Bagalkote,Bagalkote Demo Zone 4,Chain Snatching,7,16.196422,75.653625,2026-07-31T14:43:09,Synthetic demo record: chain snatching reported in Bagalkote.,Kiran Gowda|Vijay Gowda
DEMO-20260822-02214,Tumakuru,Tumakuru Demo Zone 1,Theft,3,13.307469,77.103171,2026-08-04T18:08:09,Synthetic demo record: theft reported in Tumakuru.,Kavitha Gowda|Rekha Gowda
DEMO-20260822-02215,Haveri,Haveri Demo Zone 2,Burglary,6,14.823857,75.388359,2026-05-26T20:00:09,Synthetic demo record: burglary reported in Haveri.,Prakash Shetty|Manoj Shetty
DEMO-20260822-02216,Mandya,Mandya Demo Zone 4,Theft,3,12.538036,76.922264,2026-07-26T22:32:09,Synthetic demo record: theft reported in Mandya.,Mohan Rao
DEMO-20260822-02217,Bagalkote,Bagalkote Demo Zone 3,Dispute,2,16.215868,75.619288,2026-08-01T06:34:09,Synthetic demo record: dispute reported in Bagalkote.,Anil Gowda
DEMO-20260822-02218,Mysuru,Mysuru Demo Zone 1,Dispute,3,12.298599,76.636379,2026-08-01T08:38:09,Synthetic demo record: dispute reported in Mysuru.,Mahesh Patil
DEMO-20260822-02219,Davanagere,Davanagere Demo Zone 3,Robbery,9,14.493516,75.878012,2026-08-11T10:20:09,Synthetic demo record: robbery reported in Davanagere.,Rajesh Kumar|Srinivas Kumar
DEMO-20260822-02220,Kolar,Kolar Demo Zone 4,Burglary,6,13.117962,78.101189,2026-08-08T21:49:09,Synthetic demo record: burglary reported in Kolar.,Suresh Sharma|Harish Sharma
DEMO-20260822-02221,Kalaburagi,Kalaburagi Demo Zone 3,Dispute,3,17.303182,76.862802,2026-05-27T16:13:09,Synthetic demo record: dispute reported in Kalaburagi.,Arjun Shetty|Priya Shetty
DEMO-20260822-02222,Udupi,Udupi Demo Zone 4,Dispute,4,13.31297,74.762432,2026-07-21T17:40:09,Synthetic demo record: dispute reported in Udupi.,Farhan Reddy|Nikhil Reddy|Prakash Reddy
DEMO-20260822-02223,Shivamogga,Shivamogga Demo Zone 2,Chain Snatching,7,13.942192,75.561339,2026-06-05T03:21:09,Synthetic demo record: chain snatching reported in Shivamogga.,Rajesh Gowda
DEMO-20260822-02224,Dakshina Kannada,Dakshina Kannada Demo Zone 2,Vandalism,2,12.885129,74.832605,2026-06-13T01:51:09,Synthetic demo record: vandalism reported in Dakshina Kannada.,Farhan Patil|Priya Patil
DEMO-20260822-02225,Bagalkote,Bagalkote Demo Zone 2,Vandalism,3,16.197801,75.655794,2026-07-14T04:47:09,Synthetic demo record: vandalism reported in Bagalkote.,Kiran Gowda
DEMO-20260822-02226,Gadag,Gadag Demo Zone 2,Vandalism,1,15.421244,75.618157,2026-05-28T04:43:09,Synthetic demo record: vandalism reported in Gadag.,Imran Gowda|Ravi Reddy
DEMO-20260822-02227,Mysuru,Mysuru Demo Zone 3,Dispute,2,12.324291,76.669332,2026-06-17T22:16:09,Synthetic demo record: dispute reported in Mysuru.,Rekha Rao
DEMO-20260822-02228,Dakshina Kannada,Dakshina Kannada Demo Zone 1,Dispute,3,12.899702,74.832958,2026-06-24T16:13:09,Synthetic demo record: dispute reported in Dakshina Kannada.,Pradeep Patil|Priya Patil
DEMO-20260822-02229,Mandya,Mandya Demo Zone 4,Robbery,8,12.515423,76.865919,2026-06-16T13:01:09,Synthetic demo record: robbery reported in Mandya.,Prakash Rao|Rohit Rao|Arjun Rao
DEMO-20260822-02230,Chikkaballapur,Chikkaballapur Demo Zone 4,Theft,3,13.451907,77.712655,2026-06-23T13:03:09,Synthetic demo record: theft reported in Chikkaballapur.,Nikhil Sharma
DEMO-20260822-02231,Chikkaballapur,Chikkaballapur Demo Zone 2,Assault,6,13.417182,77.717894,2026-06-06T13:31:09,Synthetic demo record: assault reported in Chikkaballapur.,Saleem Sharma|Meena Sharma
DEMO-20260822-02232,Chamarajanagar,Chamarajanagar Demo Zone 2,Assault,6,11.902564,76.947636,2026-08-09T10:25:09,Synthetic demo record: assault reported in Chamarajanagar.,Harish Sharma|Ganesh Sharma
DEMO-20260822-02233,Haveri,Haveri Demo Zone 4,Chain Snatching,8,14.776249,75.41808,2026-08-21T12:49:09,Synthetic demo record: chain snatching reported in Haveri.,Ravi Shetty|Suresh Shetty
DEMO-20260822-02234,Yadgir,Yadgir Demo Zone 1,Dispute,2,16.767263,77.125222,2026-07-21T23:18:09,Synthetic demo record: dispute reported in Yadgir.,Suresh Sharma|Ravi Sharma
DEMO-20260822-02235,Shivamogga,Shivamogga Demo Zone 3,Theft,3,13.946078,75.564972,2026-06-13T22:35:09,Synthetic demo record: theft reported in Shivamogga.,Ganesh Gowda
DEMO-20260822-02236,Dakshina Kannada,Dakshina Kannada Demo Zone 4,Fraud,4,12.893597,74.832577,2026-08-12T09:39:09,Synthetic demo record: fraud reported in Dakshina Kannada.,Harish Patil
DEMO-20260822-02237,Shivamogga,Shivamogga Demo Zone 1,Assault,7,13.94578,75.591892,2026-08-04T21:46:09,Synthetic demo record: assault reported in Shivamogga.,Ravi Gowda
DEMO-20260822-02238,Vijayanagara,Vijayanagara Demo Zone 4,Chain Snatching,6,15.321007,76.454172,2026-07-19T02:39:09,Synthetic demo record: chain snatching reported in Vijayanagara.,Imran Nair
DEMO-20260822-02239,Davanagere,Davanagere Demo Zone 4,Chain Snatching,6,14.492617,75.883433,2026-06-08T10:54:09,Synthetic demo record: chain snatching reported in Davanagere.,Rohit Kumar
DEMO-20260822-02240,Vijayapura,Vijayapura Demo Zone 1,Burglary,6,16.832061,75.714934,2026-06-19T19:48:09,Synthetic demo record: burglary reported in Vijayapura.,Pooja Shetty
DEMO-20260822-02241,Mandya,Mandya Demo Zone 4,Burglary,5,12.536689,76.92863,2026-07-13T23:03:09,Synthetic demo record: burglary reported in Mandya.,Vijay Rao|Santosh Rao
DEMO-20260822-02242,Bengaluru Urban,Bengaluru Urban Demo Zone 2,Vandalism,3,12.957448,77.569109,2026-06-13T15:45:09,Synthetic demo record: vandalism reported in Bengaluru Urban.,Rohit Shetty|Ganesh Nair|Vijay Nair
DEMO-20260822-02243,Bengaluru Urban,Bengaluru Urban Demo Zone 3,Chain Snatching,7,12.978083,77.579469,2026-07-20T04:48:09,Synthetic demo record: chain snatching reported in Bengaluru Urban.,Ganesh Nair|Mahesh Nair|Rohit Shetty
DEMO-20260822-02244,Chikkaballapur,Chikkaballapur Demo Zone 3,Assault,6,13.448674,77.735003,2026-07-31T22:10:09,Synthetic demo record: assault reported in Chikkaballapur.,Rohit Sharma|Nikhil Sharma
DEMO-20260822-02245,Raichur,Raichur Demo Zone 4,Theft,3,16.242544,77.353178,2026-06-03T12:22:09,Synthetic demo record: theft reported in Raichur.,Arjun Patil|Kiran Patil|Nikhil Patil
DEMO-20260822-02246,Bengaluru Rural,Bengaluru Rural Demo Zone 3,Theft,3,13.283985,77.614022,2026-07-03T20:29:09,Synthetic demo record: theft reported in Bengaluru Rural.,Santosh Shetty|Ashok Shetty
DEMO-20260822-02247,Kodagu,Kodagu Demo Zone 1,Chain Snatching,8,12.403191,75.748939,2026-06-05T05:50:09,Synthetic demo record: chain snatching reported in Kodagu.,Santosh Nair
DEMO-20260822-02248,Belagavi,Belagavi Demo Zone 4,Robbery,8,15.877405,74.517697,2026-08-02T19:19:09,Synthetic demo record: robbery reported in Belagavi.,Saleem Reddy|Mohan Reddy|Arjun Reddy
DEMO-20260822-02249,Uttara Kannada,Uttara Kannada Demo Zone 4,Assault,7,14.841498,74.15466,2026-08-15T11:53:09,Synthetic demo record: assault reported in Uttara Kannada.,Suresh Shetty|Harish Shetty
DEMO-20260822-02250,Chamarajanagar,Chamarajanagar Demo Zone 4,Dispute,3,11.898569,76.947364,2026-06-24T14:05:09,Synthetic demo record: dispute reported in Chamarajanagar.,Rajesh Sharma|Kavitha Nair|Pooja Nair
DEMO-20260822-02251,Ballari,Ballari Demo Zone 3,Vandalism,2,15.174472,76.939599,2026-06-30T15:31:09,Synthetic demo record: vandalism reported in Ballari.,Rekha Gowda|Vijay Reddy
DEMO-20260822-02252,Uttara Kannada,Uttara Kannada Demo Zone 3,Vandalism,1,14.840035,74.147744,2026-07-15T02:48:09,Synthetic demo record: vandalism reported in Uttara Kannada.,Ramesh Shetty|Meena Reddy
DEMO-20260822-02253,Udupi,Udupi Demo Zone 4,Theft,3,13.340621,74.770553,2026-05-30T04:14:09,Synthetic demo record: theft reported in Udupi.,Rohit Reddy|Pradeep Reddy
DEMO-20260822-02254,Mysuru,Mysuru Demo Zone 3,Burglary,7,12.284432,76.618155,2026-06-18T00:12:09,Synthetic demo record: burglary reported in Mysuru.,Mahesh Patil
DEMO-20260822-02255,Haveri,Haveri Demo Zone 4,Chain Snatching,7,14.775133,75.418173,2026-08-02T12:38:09,Synthetic demo record: chain snatching reported in Haveri.,Suresh Shetty|Anil Shetty
DEMO-20260822-02256,Bengaluru Rural,Bengaluru Rural Demo Zone 3,Fraud,5,13.285781,77.581882,2026-07-18T19:12:09,Synthetic demo record: fraud reported in Bengaluru Rural.,Manoj Shetty|Pooja Reddy|Rajesh Shetty
DEMO-20260822-02257,Koppal,Koppal Demo Zone 1,Vandalism,2,15.371794,76.164999,2026-06-22T19:48:09,Synthetic demo record: vandalism reported in Koppal.,Ganesh Rao
DEMO-20260822-02258,Chitradurga,Chitradurga Demo Zone 4,Theft,5,14.236156,76.406212,2026-06-09T11:21:09,Synthetic demo record: theft reported in Chitradurga.,Deepak Patil
DEMO-20260822-02259,Ballari,Ballari Demo Zone 1,Burglary,6,15.143913,76.896846,2026-08-22T06:02:09,Synthetic demo record: burglary reported in Ballari.,Rohit Gowda|Kavitha Gowda
DEMO-20260822-02260,Chamarajanagar,Chamarajanagar Demo Zone 4,Theft,5,11.93007,76.933165,2026-07-18T05:44:09,Synthetic demo record: theft reported in Chamarajanagar.,Manoj Sharma
DEMO-20260822-02261,Vijayapura,Vijayapura Demo Zone 2,Theft,3,16.809445,75.711706,2026-06-02T15:03:09,Synthetic demo record: theft reported in Vijayapura.,Pradeep Shetty
DEMO-20260822-02262,Chitradurga,Chitradurga Demo Zone 3,Fraud,5,14.234283,76.40633,2026-06-02T07:00:09,Synthetic demo record: fraud reported in Chitradurga.,Naveen Patil|Ganesh Patil
DEMO-20260822-02263,Belagavi,Belagavi Demo Zone 4,Robbery,9,15.824312,74.471498,2026-05-31T05:22:09,Synthetic demo record: robbery reported in Belagavi.,Ramesh Reddy|Ashok Reddy
DEMO-20260822-02264,Yadgir,Yadgir Demo Zone 1,Burglary,6,16.779323,77.146542,2026-07-03T07:35:09,Synthetic demo record: burglary reported in Yadgir.,Vijay Sharma|Santosh Sharma
DEMO-20260822-02265,Raichur,Raichur Demo Zone 4,Assault,7,16.237586,77.342501,2026-07-01T07:55:09,Synthetic demo record: assault reported in Raichur.,Harish Patil|Imran Patil
DEMO-20260822-02266,Belagavi,Belagavi Demo Zone 4,Assault,6,15.845135,74.515654,2026-08-17T15:41:09,Synthetic demo record: assault reported in Belagavi.,Ashok Reddy
DEMO-20260822-02267,Chamarajanagar,Chamarajanagar Demo Zone 2,Theft,5,11.927041,76.940925,2026-06-25T17:03:09,Synthetic demo record: theft reported in Chamarajanagar.,Pooja Nair|Deepak Sharma|Manoj Sharma
DEMO-20260822-02268,Kalaburagi,Kalaburagi Demo Zone 2,Burglary,5,17.306558,76.857706,2026-08-17T16:47:09,Synthetic demo record: burglary reported in Kalaburagi.,Nikhil Shetty
DEMO-20260822-02269,Bengaluru Rural,Bengaluru Rural Demo Zone 1,Robbery,7,13.26522,77.594833,2026-06-02T02:26:09,Synthetic demo record: robbery reported in Bengaluru Rural.,Rajesh Shetty
DEMO-20260822-02270,Chitradurga,Chitradurga Demo Zone 3,Robbery,8,14.217254,76.383945,2026-07-24T11:42:09,Synthetic demo record: robbery reported in Chitradurga.,Meena Rao|Rajesh Patil|Vijay Patil
DEMO-20260822-02271,Gadag,Gadag Demo Zone 2,Burglary,6,15.461715,75.661522,2026-08-01T19:19:09,Synthetic demo record: burglary reported in Gadag.,Manoj Reddy|Pooja Gowda|Suresh Reddy
DEMO-20260822-02272,Ramanagara,Ramanagara Demo Zone 2,Fraud,6,12.697616,77.251761,2026-07-04T15:54:09,Synthetic demo record: fraud reported in Ramanagara.,Kiran Kumar|Rohit Kumar
DEMO-20260822-02273,Belagavi,Belagavi Demo Zone 1,Burglary,6,15.840201,74.509793,2026-07-23T18:38:09,Synthetic demo record: burglary reported in Belagavi.,Nikhil Reddy
DEMO-20260822-02274,Tumakuru,Tumakuru Demo Zone 2,Theft,5,13.328758,77.10742,2026-07-15T23:26:09,Synthetic demo record: theft reported in Tumakuru.,Suresh Reddy
DEMO-20260822-02275,Ballari,Ballari Demo Zone 3,Burglary,6,15.138318,76.908753,2026-08-10T01:55:09,Synthetic demo record: burglary reported in Ballari.,Rohit Gowda|Saleem Gowda|Anil Reddy
DEMO-20260822-02276,Vijayapura,Vijayapura Demo Zone 3,Assault,7,16.836559,75.710536,2026-05-25T18:20:09,Synthetic demo record: assault reported in Vijayapura.,Rekha Shetty|Farhan Shetty|Ravi Nair
DEMO-20260822-02277,Chamarajanagar,Chamarajanagar Demo Zone 1,Theft,4,11.935494,76.923464,2026-06-28T15:15:09,Synthetic demo record: theft reported in Chamarajanagar.,Rekha Nair|Ravi Sharma
DEMO-20260822-02278,Dakshina Kannada,Dakshina Kannada Demo Zone 2,Burglary,7,12.888795,74.829907,2026-06-21T09:26:09,Synthetic demo record: burglary reported in Dakshina Kannada.,Pooja Patil|Farhan Patil
DEMO-20260822-02279,Mysuru,Mysuru Demo Zone 1,Theft,5,12.283063,76.617976,2026-07-11T10:09:09,Synthetic demo record: theft reported in Mysuru.,Kavitha Rao
DEMO-20260822-02280,Bidar,Bidar Demo Zone 3,Theft,4,17.898895,77.548735,2026-07-15T12:02:09,Synthetic demo record: theft reported in Bidar.,Nikhil Nair
DEMO-20260822-02281,Shivamogga,Shivamogga Demo Zone 4,Burglary,7,13.948302,75.596727,2026-07-05T00:14:09,Synthetic demo record: burglary reported in Shivamogga.,Ganesh Gowda
DEMO-20260822-02282,Davanagere,Davanagere Demo Zone 1,Fraud,6,14.488747,75.89693,2026-07-07T09:05:09,Synthetic demo record: fraud reported in Davanagere.,Manoj Kumar
DEMO-20260822-02283,Dakshina Kannada,Dakshina Kannada Demo Zone 3,Burglary,6,12.91788,74.876173,2026-07-03T20:14:09,Synthetic demo record: burglary reported in Dakshina Kannada.,Kiran Patil|Imran Patil|Rekha Patil
DEMO-20260822-02284,Bidar,Bidar Demo Zone 2,Robbery,9,17.927102,77.540074,2026-07-14T17:52:09,Synthetic demo record: robbery reported in Bidar.,Ramesh Nair|Farhan Nair
DEMO-20260822-02285,Mysuru,Mysuru Demo Zone 3,Dispute,2,12.276091,76.645164,2026-06-24T05:10:09,Synthetic demo record: dispute reported in Mysuru.,Rajesh Patil
DEMO-20260822-02286,Hassan,Hassan Demo Zone 4,Theft,5,12.98246,76.098,2026-06-01T02:04:09,Synthetic demo record: theft reported in Hassan.,Ashok Reddy|Irfan Reddy
DEMO-20260822-02287,Bengaluru Rural,Bengaluru Rural Demo Zone 2,Robbery,8,13.285742,77.613295,2026-08-08T21:45:09,Synthetic demo record: robbery reported in Bengaluru Rural.,Anil Shetty|Vijay Shetty
DEMO-20260822-02288,Dakshina Kannada,Dakshina Kannada Demo Zone 4,Robbery,9,12.888304,74.833708,2026-07-29T10:57:09,Synthetic demo record: robbery reported in Dakshina Kannada.,Mahesh Kumar|Ravi Kumar
DEMO-20260822-02289,Dakshina Kannada,Dakshina Kannada Demo Zone 3,Assault,6,12.923634,74.85062,2026-06-03T19:21:09,Synthetic demo record: assault reported in Dakshina Kannada.,Irfan Patil|Mahesh Kumar
DEMO-20260822-02290,Vijayapura,Vijayapura Demo Zone 3,Chain Snatching,6,16.836582,75.714172,2026-06-22T05:06:09,Synthetic demo record: chain snatching reported in Vijayapura.,Rohit Shetty|Irfan Shetty
DEMO-20260822-02291,Bidar,Bidar Demo Zone 1,Vandalism,2,17.92313,77.532173,2026-05-25T14:05:09,Synthetic demo record: vandalism reported in Bidar.,Rohit Nair
DEMO-20260822-02292,Shivamogga,Shivamogga Demo Zone 2,Vandalism,1,13.919514,75.572368,2026-07-04T11:31:09,Synthetic demo record: vandalism reported in Shivamogga.,Arjun Gowda|Ramesh Gowda
DEMO-20260822-02293,Bidar,Bidar Demo Zone 4,Assault,6,17.928785,77.544044,2026-07-27T20:51:09,Synthetic demo record: assault reported in Bidar.,Deepak Nair|Priya Nair
DEMO-20260822-02294,Vijayanagara,Vijayanagara Demo Zone 1,Vandalism,3,15.341622,76.493546,2026-06-23T04:51:09,Synthetic demo record: vandalism reported in Vijayanagara.,Priya Nair|Irfan Nair|Ashok Nair
DEMO-20260822-02295,Ballari,Ballari Demo Zone 1,Theft,4,15.147617,76.933558,2026-05-26T07:40:09,Synthetic demo record: theft reported in Ballari.,Pooja Gowda
DEMO-20260822-02296,Tumakuru,Tumakuru Demo Zone 4,Assault,6,13.312576,77.105734,2026-05-26T19:26:09,Synthetic demo record: assault reported in Tumakuru.,Deepak Reddy|Ganesh Reddy|Farhan Gowda
DEMO-20260822-02297,Vijayanagara,Vijayanagara Demo Zone 2,Theft,3,15.360443,76.449457,2026-07-03T09:44:09,Synthetic demo record: theft reported in Vijayanagara.,Kiran Nair|Nikhil Nair
DEMO-20260822-02298,Kolar,Kolar Demo Zone 3,Burglary,5,13.122397,78.104985,2026-07-30T06:20:09,Synthetic demo record: burglary reported in Kolar.,Meena Nair|Ramesh Sharma
DEMO-20260822-02299,Ramanagara,Ramanagara Demo Zone 2,Theft,5,12.732683,77.252931,2026-08-17T03:42:09,Synthetic demo record: theft reported in Ramanagara.,Ashok Kumar|Harish Kumar|Anil Kumar
DEMO-20260822-02300,Chamarajanagar,Chamarajanagar Demo Zone 1,Fraud,4,11.942923,76.954664,2026-08-22T03:07:09,Synthetic demo record: fraud reported in Chamarajanagar.,Manoj Sharma|Kavitha Nair
DEMO-20260822-02301,Bagalkote,Bagalkote Demo Zone 3,Dispute,3,16.201066,75.663921,2026-06-30T11:55:09,Synthetic demo record: dispute reported in Bagalkote.,Vijay Gowda|Suresh Gowda|Ramesh Gowda
DEMO-20260822-02302,Ballari,Ballari Demo Zone 2,Fraud,4,15.128841,76.900926,2026-05-28T15:39:09,Synthetic demo record: fraud reported in Ballari.,Manoj Reddy|Suresh Reddy
DEMO-20260822-02303,Mysuru,Mysuru Demo Zone 4,Theft,5,12.268562,76.645711,2026-05-26T14:57:09,Synthetic demo record: theft reported in Mysuru.,Suresh Patil|Prakash Patil|Naveen Patil
DEMO-20260822-02304,Belagavi,Belagavi Demo Zone 1,Vandalism,1,15.878289,74.514995,2026-06-20T04:11:09,Synthetic demo record: vandalism reported in Belagavi.,Arjun Reddy|Rekha Reddy|Harish Reddy
DEMO-20260822-02305,Tumakuru,Tumakuru Demo Zone 3,Dispute,3,13.330149,77.111373,2026-07-07T09:14:09,Synthetic demo record: dispute reported in Tumakuru.,Mahesh Reddy|Ravi Reddy
DEMO-20260822-02306,Chamarajanagar,Chamarajanagar Demo Zone 4,Theft,3,11.942836,76.949657,2026-06-05T10:15:09,Synthetic demo record: theft reported in Chamarajanagar.,Ganesh Sharma|Harish Sharma
DEMO-20260822-02307,Chamarajanagar,Chamarajanagar Demo Zone 4,Theft,3,11.935304,76.926691,2026-07-03T13:50:09,Synthetic demo record: theft reported in Chamarajanagar.,Rekha Nair|Pooja Nair
DEMO-20260822-02308,Chikkamagaluru,Chikkamagaluru Demo Zone 3,Dispute,3,13.335389,75.760696,2026-07-09T13:30:09,Synthetic demo record: dispute reported in Chikkamagaluru.,Mohan Rao|Srinivas Rao
DEMO-20260822-02309,Ramanagara,Ramanagara Demo Zone 3,Theft,5,12.695642,77.253851,2026-06-15T07:21:09,Synthetic demo record: theft reported in Ramanagara.,Nikhil Kumar|Harish Kumar
DEMO-20260822-02310,Bengaluru Urban,Bengaluru Urban Demo Zone 3,Burglary,6,12.965676,77.584896,2026-06-07T03:17:09,Synthetic demo record: burglary reported in Bengaluru Urban.,Ravi Nair|Pooja Shetty|Mahesh Nair
DEMO-20260822-02311,Haveri,Haveri Demo Zone 1,Burglary,5,14.786653,75.374003,2026-07-23T14:52:09,Synthetic demo record: burglary reported in Haveri.,Mahesh Shetty
DEMO-20260822-02312,Koppal,Koppal Demo Zone 1,Chain Snatching,8,15.377629,76.186188,2026-06-24T13:25:09,Synthetic demo record: chain snatching reported in Koppal.,Farhan Sharma|Pradeep Sharma
DEMO-20260822-02313,Hassan,Hassan Demo Zone 3,Robbery,7,13.05071,76.129797,2026-06-24T23:35:09,Synthetic demo record: robbery reported in Hassan.,Rohit Reddy
DEMO-20260822-02314,Bidar,Bidar Demo Zone 2,Theft,4,17.927256,77.521532,2026-07-14T07:34:09,Synthetic demo record: theft reported in Bidar.,Pradeep Nair|Mohan Nair
DEMO-20260822-02315,Vijayapura,Vijayapura Demo Zone 4,Vandalism,1,16.813835,75.710379,2026-06-18T17:31:09,Synthetic demo record: vandalism reported in Vijayapura.,Farhan Shetty|Rajesh Nair
DEMO-20260822-02316,Ramanagara,Ramanagara Demo Zone 2,Vandalism,1,12.700061,77.253867,2026-06-14T14:47:09,Synthetic demo record: vandalism reported in Ramanagara.,Pradeep Kumar
DEMO-20260822-02317,Udupi,Udupi Demo Zone 3,Dispute,2,13.352254,74.709746,2026-06-20T12:48:09,Synthetic demo record: dispute reported in Udupi.,Saleem Reddy|Rohit Reddy|Srinivas Reddy
DEMO-20260822-02318,Davanagere,Davanagere Demo Zone 2,Theft,4,14.488853,75.908716,2026-07-22T07:26:09,Synthetic demo record: theft reported in Davanagere.,Arjun Kumar|Harish Kumar
DEMO-20260822-02319,Davanagere,Davanagere Demo Zone 3,Theft,5,14.48871,75.89857,2026-07-12T22:38:09,Synthetic demo record: theft reported in Davanagere.,Arjun Kumar|Nikhil Kumar
DEMO-20260822-02320,Kolar,Kolar Demo Zone 4,Theft,5,13.128134,78.097408,2026-07-06T12:37:09,Synthetic demo record: theft reported in Kolar.,Manoj Sharma|Deepak Sharma
DEMO-20260822-02321,Chitradurga,Chitradurga Demo Zone 2,Dispute,2,14.233094,76.401789,2026-05-30T15:43:09,Synthetic demo record: dispute reported in Chitradurga.,Deepak Patil|Pooja Rao|Meena Rao
DEMO-20260822-02322,Davanagere,Davanagere Demo Zone 1,Assault,7,14.494048,75.915649,2026-07-01T19:36:09,Synthetic demo record: assault reported in Davanagere.,Rajesh Kumar|Kiran Kumar
DEMO-20260822-02323,Kodagu,Kodagu Demo Zone 2,Vandalism,3,12.424104,75.721471,2026-06-29T15:04:09,Synthetic demo record: vandalism reported in Kodagu.,Santosh Nair|Pradeep Nair|Nikhil Nair
DEMO-20260822-02324,Bengaluru Rural,Bengaluru Rural Demo Zone 1,Burglary,6,13.267778,77.594389,2026-06-29T22:57:09,Synthetic demo record: burglary reported in Bengaluru Rural.,Pooja Reddy|Santosh Shetty|Suresh Shetty
DEMO-20260822-02325,Bengaluru Urban,Bengaluru Urban Demo Zone 2,Dispute,4,12.953935,77.560264,2026-06-16T18:25:09,Synthetic demo record: dispute reported in Bengaluru Urban.,Rajesh Nair|Suresh Nair
DEMO-20260822-02326,Bengaluru Rural,Bengaluru Rural Demo Zone 2,Vandalism,2,13.28921,77.580358,2026-08-17T02:05:09,Synthetic demo record: vandalism reported in Bengaluru Rural.,Suresh Shetty|Deepak Shetty
DEMO-20260822-02327,Ramanagara,Ramanagara Demo Zone 2,Robbery,9,12.73661,77.27616,2026-06-03T18:29:09,Synthetic demo record: robbery reported in Ramanagara.,Srinivas Kumar|Harish Kumar
DEMO-20260822-02328,Ramanagara,Ramanagara Demo Zone 2,Dispute,3,12.733321,77.271491,2026-06-06T10:04:09,Synthetic demo record: dispute reported in Ramanagara.,Kiran Kumar|Mohan Kumar
DEMO-20260822-02329,Yadgir,Yadgir Demo Zone 1,Assault,7,16.786552,77.1151,2026-07-08T14:35:09,Synthetic demo record: assault reported in Yadgir.,Kavitha Nair|Ganesh Sharma
DEMO-20260822-02330,Raichur,Raichur Demo Zone 2,Assault,7,16.169757,77.319819,2026-06-14T09:30:09,Synthetic demo record: assault reported in Raichur.,Kavitha Patil
DEMO-20260822-02331,Udupi,Udupi Demo Zone 3,Theft,4,13.326418,74.745203,2026-06-14T03:10:09,Synthetic demo record: theft reported in Udupi.,Naveen Reddy|Kiran Reddy
DEMO-20260822-02332,Bengaluru Urban,Bengaluru Urban Demo Zone 3,Theft,5,12.965852,77.590514,2026-08-09T11:50:09,Synthetic demo record: theft reported in Bengaluru Urban.,Suresh Nair
DEMO-20260822-02333,Tumakuru,Tumakuru Demo Zone 3,Theft,5,13.371003,77.132581,2026-06-01T17:44:09,Synthetic demo record: theft reported in Tumakuru.,Irfan Gowda|Meena Gowda
DEMO-20260822-02334,Bengaluru Rural,Bengaluru Rural Demo Zone 3,Assault,6,13.27408,77.646944,2026-07-26T06:33:09,Synthetic demo record: assault reported in Bengaluru Rural.,Kiran Shetty|Meena Reddy
DEMO-20260822-02335,Shivamogga,Shivamogga Demo Zone 4,Burglary,5,13.94272,75.550029,2026-06-26T14:12:09,Synthetic demo record: burglary reported in Shivamogga.,Suresh Gowda|Naveen Gowda
DEMO-20260822-02336,Kalaburagi,Kalaburagi Demo Zone 2,Theft,3,17.317664,76.829078,2026-08-13T14:10:09,Synthetic demo record: theft reported in Kalaburagi.,Mahesh Nair
DEMO-20260822-02337,Bagalkote,Bagalkote Demo Zone 3,Theft,3,16.201786,75.665696,2026-06-13T23:32:09,Synthetic demo record: theft reported in Bagalkote.,Prakash Gowda
DEMO-20260822-02338,Haveri,Haveri Demo Zone 1,Dispute,4,14.787389,75.360977,2026-05-29T12:28:09,Synthetic demo record: dispute reported in Haveri.,Srinivas Shetty
DEMO-20260822-02339,Chikkaballapur,Chikkaballapur Demo Zone 2,Burglary,7,13.452703,77.705795,2026-06-28T15:58:09,Synthetic demo record: burglary reported in Chikkaballapur.,Ashok Sharma
DEMO-20260822-02340,Bagalkote,Bagalkote Demo Zone 1,Dispute,2,16.179255,75.648292,2026-06-20T01:57:09,Synthetic demo record: dispute reported in Bagalkote.,Ravi Gowda|Manoj Gowda
DEMO-20260822-02341,Bagalkote,Bagalkote Demo Zone 2,Theft,5,16.195099,75.651854,2026-08-17T04:35:09,Synthetic demo record: theft reported in Bagalkote.,Anil Gowda|Santosh Gowda
DEMO-20260822-02342,Vijayapura,Vijayapura Demo Zone 2,Chain Snatching,8,16.806033,75.707209,2026-05-30T16:34:09,Synthetic demo record: chain snatching reported in Vijayapura.,Ravi Nair
DEMO-20260822-02343,Shivamogga,Shivamogga Demo Zone 1,Theft,4,13.937773,75.5482,2026-08-19T03:44:09,Synthetic demo record: theft reported in Shivamogga.,Naveen Gowda
DEMO-20260822-02344,Koppal,Koppal Demo Zone 4,Vandalism,1,15.365169,76.171829,2026-08-01T05:27:09,Synthetic demo record: vandalism reported in Koppal.,Saleem Sharma|Pooja Sharma
DEMO-20260822-02345,Chamarajanagar,Chamarajanagar Demo Zone 1,Burglary,5,11.899267,76.947513,2026-07-23T11:43:09,Synthetic demo record: burglary reported in Chamarajanagar.,Anil Sharma|Naveen Sharma
DEMO-20260822-02346,Kalaburagi,Kalaburagi Demo Zone 1,Assault,8,17.344525,76.852872,2026-08-09T02:02:09,Synthetic demo record: assault reported in Kalaburagi.,Pooja Shetty|Suresh Nair
DEMO-20260822-02347,Shivamogga,Shivamogga Demo Zone 3,Assault,8,13.947024,75.601483,2026-07-24T07:13:09,Synthetic demo record: assault reported in Shivamogga.,Prakash Gowda
DEMO-20260822-02348,Chikkamagaluru,Chikkamagaluru Demo Zone 2,Burglary,7,13.291835,75.731368,2026-08-10T04:50:09,Synthetic demo record: burglary reported in Chikkamagaluru.,Arjun Rao
DEMO-20260822-02349,Vijayapura,Vijayapura Demo Zone 2,Assault,8,16.805638,75.709489,2026-06-17T04:18:09,Synthetic demo record: assault reported in Vijayapura.,Ganesh Nair|Ravi Nair
DEMO-20260822-02350,Belagavi,Belagavi Demo Zone 2,Theft,3,15.874744,74.515749,2026-07-08T01:05:09,Synthetic demo record: theft reported in Belagavi.,Rekha Reddy|Srinivas Reddy
DEMO-20260822-02351,Dharwad,Dharwad Demo Zone 3,Robbery,8,15.469492,75.024356,2026-06-14T23:04:09,Synthetic demo record: robbery reported in Dharwad.,Arjun Gowda|Pradeep Gowda
DEMO-20260822-02352,Mandya,Mandya Demo Zone 1,Theft,3,12.530781,76.916095,2026-07-17T02:11:09,Synthetic demo record: theft reported in Mandya.,Saleem Rao|Harish Rao
DEMO-20260822-02353,Mysuru,Mysuru Demo Zone 3,Theft,4,12.287002,76.648948,2026-07-05T08:54:09,Synthetic demo record: theft reported in Mysuru.,Prakash Patil|Mahesh Patil|Deepak Patil
DEMO-20260822-02354,Ramanagara,Ramanagara Demo Zone 2,Burglary,5,12.734437,77.270944,2026-07-17T16:56:09,Synthetic demo record: burglary reported in Ramanagara.,Anil Kumar|Manoj Kumar
DEMO-20260822-02355,Bengaluru Rural,Bengaluru Rural Demo Zone 1,Chain Snatching,8,13.297125,77.570906,2026-07-28T22:52:09,Synthetic demo record: chain snatching reported in Bengaluru Rural.,Suresh Shetty|Prakash Shetty
DEMO-20260822-02356,Bagalkote,Bagalkote Demo Zone 3,Theft,5,16.203377,75.66741,2026-07-22T16:48:09,Synthetic demo record: theft reported in Bagalkote.,Santosh Gowda
DEMO-20260822-02357,Kodagu,Kodagu Demo Zone 1,Theft,4,12.449071,75.757637,2026-06-14T10:53:09,Synthetic demo record: theft reported in Kodagu.,Deepak Nair|Naveen Nair
DEMO-20260822-02358,Bidar,Bidar Demo Zone 3,Theft,4,17.930627,77.519166,2026-07-19T03:12:09,Synthetic demo record: theft reported in Bidar.,Srinivas Nair|Prakash Nair
DEMO-20260822-02359,Dharwad,Dharwad Demo Zone 2,Burglary,5,15.472575,75.003027,2026-08-14T15:33:09,Synthetic demo record: burglary reported in Dharwad.,Rajesh Gowda|Ravi Gowda|Srinivas Gowda
DEMO-20260822-02360,Vijayanagara,Vijayanagara Demo Zone 2,Robbery,7,15.359232,76.454757,2026-06-24T16:48:09,Synthetic demo record: robbery reported in Vijayanagara.,Prakash Nair
DEMO-20260822-02361,Chitradurga,Chitradurga Demo Zone 4,Dispute,3,14.2408,76.404035,2026-07-04T14:31:09,Synthetic demo record: dispute reported in Chitradurga.,Pooja Rao
DEMO-20260822-02362,Mysuru,Mysuru Demo Zone 2,Theft,4,12.304933,76.638234,2026-07-24T13:02:09,Synthetic demo record: theft reported in Mysuru.,Rajesh Patil
DEMO-20260822-02363,Kolar,Kolar Demo Zone 1,Assault,6,13.118133,78.104643,2026-07-05T22:31:09,Synthetic demo record: assault reported in Kolar.,Kavitha Nair|Anil Sharma|Suresh Sharma
DEMO-20260822-02364,Mandya,Mandya Demo Zone 4,Theft,5,12.53454,76.915648,2026-07-02T12:05:09,Synthetic demo record: theft reported in Mandya.,Rajesh Rao
DEMO-20260822-02365,Hassan,Hassan Demo Zone 1,Burglary,7,13.005087,76.120698,2026-07-20T10:41:09,Synthetic demo record: burglary reported in Hassan.,Ashok Reddy|Srinivas Reddy|Priya Reddy
DEMO-20260822-02366,Chikkamagaluru,Chikkamagaluru Demo Zone 2,Assault,7,13.303027,75.767443,2026-07-28T16:07:09,Synthetic demo record: assault reported in Chikkamagaluru.,Mohan Rao|Farhan Rao
DEMO-20260822-02367,Vijayapura,Vijayapura Demo Zone 2,Burglary,7,16.803436,75.680524,2026-07-02T21:49:09,Synthetic demo record: burglary reported in Vijayapura.,Ravi Nair
DEMO-20260822-02368,Shivamogga,Shivamogga Demo Zone 4,Theft,3,13.912662,75.573628,2026-06-30T09:59:09,Synthetic demo record: theft reported in Shivamogga.,Manoj Gowda
DEMO-20260822-02369,Chikkaballapur,Chikkaballapur Demo Zone 4,Fraud,6,13.450954,77.737642,2026-07-15T08:35:09,Synthetic demo record: fraud reported in Chikkaballapur.,Imran Sharma
DEMO-20260822-02370,Vijayapura,Vijayapura Demo Zone 4,Theft,3,16.801748,75.680007,2026-07-26T22:57:09,Synthetic demo record: theft reported in Vijayapura.,Rekha Shetty|Vijay Nair|Suresh Nair
DEMO-20260822-02371,Tumakuru,Tumakuru Demo Zone 2,Theft,4,13.331061,77.112691,2026-07-02T11:04:09,Synthetic demo record: theft reported in Tumakuru.,Pooja Gowda|Suresh Reddy|Rajesh Reddy
DEMO-20260822-02372,Dakshina Kannada,Dakshina Kannada Demo Zone 2,Dispute,3,12.898539,74.83369,2026-07-20T10:23:09,Synthetic demo record: dispute reported in Dakshina Kannada.,Ashok Patil|Mahesh Kumar
DEMO-20260822-02373,Tumakuru,Tumakuru Demo Zone 1,Vandalism,1,13.329506,77.111673,2026-07-05T01:51:09,Synthetic demo record: vandalism reported in Tumakuru.,Kavitha Gowda|Priya Gowda
DEMO-20260822-02374,Vijayanagara,Vijayanagara Demo Zone 2,Fraud,5,15.36083,76.45618,2026-06-20T09:18:09,Synthetic demo record: fraud reported in Vijayanagara.,Irfan Nair
DEMO-20260822-02375,Kodagu,Kodagu Demo Zone 3,Theft,5,12.417683,75.706834,2026-07-15T10:28:09,Synthetic demo record: theft reported in Kodagu.,Nikhil Nair|Srinivas Nair
DEMO-20260822-02376,Vijayanagara,Vijayanagara Demo Zone 2,Vandalism,1,15.316038,76.454261,2026-08-03T11:06:09,Synthetic demo record: vandalism reported in Vijayanagara.,Imran Nair|Rohit Nair
DEMO-20260822-02377,Uttara Kannada,Uttara Kannada Demo Zone 2,Fraud,6,14.831023,74.111339,2026-08-08T10:03:09,Synthetic demo record: fraud reported in Uttara Kannada.,Suresh Shetty|Ganesh Shetty
DEMO-20260822-02378,Chamarajanagar,Chamarajanagar Demo Zone 1,Fraud,4,11.945067,76.956771,2026-07-13T12:38:09,Synthetic demo record: fraud reported in Chamarajanagar.,Pooja Nair
DEMO-20260822-02379,Chamarajanagar,Chamarajanagar Demo Zone 2,Assault,6,11.934239,76.940471,2026-06-20T01:49:09,Synthetic demo record: assault reported in Chamarajanagar.,Mahesh Sharma|Rekha Nair
DEMO-20260822-02380,Chamarajanagar,Chamarajanagar Demo Zone 2,Theft,5,11.935376,76.93612,2026-06-27T06:15:09,Synthetic demo record: theft reported in Chamarajanagar.,Pooja Nair
DEMO-20260822-02381,Bidar,Bidar Demo Zone 3,Dispute,2,17.925011,77.523534,2026-06-01T17:09:09,Synthetic demo record: dispute reported in Bidar.,Irfan Nair|Saleem Nair
DEMO-20260822-02382,Bengaluru Urban,Bengaluru Urban Demo Zone 2,Theft,3,12.9704,77.607733,2026-07-15T02:58:09,Synthetic demo record: theft reported in Bengaluru Urban.,Rajesh Nair|Pooja Shetty
DEMO-20260822-02383,Chamarajanagar,Chamarajanagar Demo Zone 1,Burglary,5,11.932033,76.93083,2026-06-30T14:49:09,Synthetic demo record: burglary reported in Chamarajanagar.,Harish Sharma
DEMO-20260822-02384,Vijayapura,Vijayapura Demo Zone 4,Burglary,5,16.811219,75.709828,2026-06-21T10:38:09,Synthetic demo record: burglary reported in Vijayapura.,Suresh Nair
DEMO-20260822-02385,Bengaluru Urban,Bengaluru Urban Demo Zone 4,Dispute,2,12.977229,77.583831,2026-07-05T03:39:09,Synthetic demo record: dispute reported in Bengaluru Urban.,Anil Nair|Ganesh Nair|Pradeep Shetty
DEMO-20260822-02386,Chikkamagaluru,Chikkamagaluru Demo Zone 1,Theft,4,13.296601,75.764724,2026-06-13T14:34:09,Synthetic demo record: theft reported in Chikkamagaluru.,Arjun Rao|Kiran Rao
DEMO-20260822-02387,Ballari,Ballari Demo Zone 1,Fraud,6,15.162286,76.965825,2026-08-13T04:05:09,Synthetic demo record: fraud reported in Ballari.,Manoj Reddy
DEMO-20260822-02388,Dakshina Kannada,Dakshina Kannada Demo Zone 3,Fraud,6,12.921891,74.846163,2026-07-23T23:56:09,Synthetic demo record: fraud reported in Dakshina Kannada.,Ravi Kumar|Mahesh Kumar|Kiran Patil
DEMO-20260822-02389,Dakshina Kannada,Dakshina Kannada Demo Zone 4,Burglary,6,12.88807,74.836098,2026-07-06T15:25:09,Synthetic demo record: burglary reported in Dakshina Kannada.,Saleem Patil|Kiran Patil
DEMO-20260822-02390,Raichur,Raichur Demo Zone 4,Vandalism,3,16.208516,77.349381,2026-07-24T05:31:09,Synthetic demo record: vandalism reported in Raichur.,Ravi Kumar|Arjun Patil|Rohit Patil
DEMO-20260822-02391,Belagavi,Belagavi Demo Zone 3,Theft,5,15.879355,74.518124,2026-06-05T17:52:09,Synthetic demo record: theft reported in Belagavi.,Harish Reddy|Rohit Reddy
DEMO-20260822-02392,Vijayapura,Vijayapura Demo Zone 3,Burglary,5,16.806638,75.711775,2026-06-16T19:02:09,Synthetic demo record: burglary reported in Vijayapura.,Arjun Shetty
DEMO-20260822-02393,Dakshina Kannada,Dakshina Kannada Demo Zone 1,Robbery,8,12.884054,74.834058,2026-08-07T06:35:09,Synthetic demo record: robbery reported in Dakshina Kannada.,Imran Patil|Nikhil Patil
DEMO-20260822-02394,Gadag,Gadag Demo Zone 1,Vandalism,1,15.465314,75.594177,2026-07-03T20:57:09,Synthetic demo record: vandalism reported in Gadag.,Irfan Gowda
DEMO-20260822-02395,Davanagere,Davanagere Demo Zone 4,Theft,5,14.487364,75.892034,2026-07-08T06:15:09,Synthetic demo record: theft reported in Davanagere.,Imran Kumar|Pradeep Kumar|Naveen Kumar
DEMO-20260822-02396,Bagalkote,Bagalkote Demo Zone 1,Theft,5,16.199911,75.662254,2026-06-24T12:20:09,Synthetic demo record: theft reported in Bagalkote.,Santosh Gowda|Harish Gowda
DEMO-20260822-02397,Chikkaballapur,Chikkaballapur Demo Zone 4,Assault,8,13.450681,77.737088,2026-07-14T13:08:09,Synthetic demo record: assault reported in Chikkaballapur.,Anil Rao|Suresh Rao|Nikhil Sharma
DEMO-20260822-02398,Belagavi,Belagavi Demo Zone 4,Burglary,6,15.839635,74.512418,2026-06-08T16:48:09,Synthetic demo record: burglary reported in Belagavi.,Farhan Reddy|Naveen Reddy
DEMO-20260822-02399,Bengaluru Rural,Bengaluru Rural Demo Zone 2,Theft,3,13.289207,77.617272,2026-06-24T13:03:09,Synthetic demo record: theft reported in Bengaluru Rural.,Suresh Shetty
DEMO-20260822-02400,Vijayanagara,Vijayanagara Demo Zone 3,Theft,3,15.293206,76.430872,2026-06-08T15:09:09,Synthetic demo record: theft reported in Vijayanagara.,Kiran Nair|Srinivas Nair
